relative_path,size_bytes,sha256
00_original_pdf\肺结节实时检测系统设计与实现(1)_20260504140751.pdf,10627760,e44264c61371d17b7a53b3bc78d89d22e57da3733d1bf733f5806fb66b9baee3
01_pdf_pages_as_svg\MainFigure_page_01.svg,4548205,1a049fd5009d4cf8d3d0b7069a29f33975e219d9fa5067e26795623d1537fe8a
01_pdf_pages_as_svg\MainFigure_page_02.svg,4015717,b35a0786ec3568a0619bf77b2feee7a6300262beba84574d4cd99c89013fa16a
01_pdf_pages_as_svg\MainFigure_page_03.svg,6242197,fe76b211498c6d2119fce9591413fcd10178972abdc81f684e4f1a1e7301023c
01_pdf_pages_as_svg\MainFigure_page_04.svg,10636076,b2eb6cbca12ced09bb8ad59fc5954be2f1d3a49328659415461a4a69619d2cd1
01_pdf_pages_as_svg\MainFigure_page_05.svg,4341718,332bbbafa219aed190193a519334bb6376a3e593887a30067e9202130a409cca
04_generation_scripts\add_svg_wrapped_png_assets.py,5493,e92095a0caf06333cf1475d3a437704472b7722e735862c95ac6aea62e9061c0
04_generation_scripts\archive_editor_package_unused_assets.ps1,3884,790f6760ae023715f8db8dacd38b524a0e73b5e036a633ecc2364343a4bb9df3
04_generation_scripts\build_cam_mechanism_error_sixpack.py,14061,0c24b233378ed8ef3a76a4323597edcb6fd0c4261e036c8ca6fbf4d8cd730a00
04_generation_scripts\build_clean_single_cam_panels.py,5254,4b134e54a210d0439cebadb1f7bbd7daeca85928fbca3f2085db17438ac4e980
04_generation_scripts\build_failure_mode_dataset_analysis.py,21793,3c8af508e1d60e01c7788007c6656966f1645bfd40d808740c345d72b840988a
04_generation_scripts\build_feature_aligned_cam_candidates.py,12331,639781d05953bdae4e7a4b2e0754e1356e32fa42cbe9a6bb8ab6127b174289a2
04_generation_scripts\build_fig5F_cue_family_counterfactual.py,18058,c4a8c08f96393252b26de1e0e631c7b386b6839263d03bda98832baba16f4086
04_generation_scripts\build_fig5F_gated_mechanism_closure.py,10055,d5b17a9d1957dcf442bc42046cc374ead8ba2dd1adf3e278b7e046779d7f5025
04_generation_scripts\build_fig5F_task_feature_closure_bar.py,4933,b0c107b7c5214e25701fd63955f511d9ea912e359d26d7ded2c28bba5ca88a4f
04_generation_scripts\build_global_error_mechanism_summary.py,12282,cbd3873a52443f544ebefc2d568f6c6a42a7142690524402cb4dbc433ff54237
04_generation_scripts\build_table_based_error_analysis.py,21143,b13ce852852ebda340751f7ad89861f478011ec10f464883feada7b13edb9e94
04_generation_scripts\collect_original_supporting_documents.py,6504,8828b60d151ef7fc7978e387f4806c9b0bfbcd145e14a4325f73bc1b321fbf76
04_generation_scripts\finalize_editor_submission_package.py,17484,719339a529d928e7969d3a7b2bc63aa87673d4a6f0e06cb9dd8c1f5fa311c0d4
04_generation_scripts\split_error_mechanism_svg_panels.py,1573,140dfa4dc28a66c1bc2f9254cf40707b29d7aa2d46bb431d016928be3a306169
04_generation_scripts\v5_feature_learning_analysis.py,29982,be8ef55d4e94c2d9eba1667b4ba343f8fdf3d96a77d72c957adbf9ac278f8cd2
05_captions_SI_references\figure_captions_draft.md,5369,51fec3ba6e8c75c4552158fb606ce734c1797b83ba81dbd7d649d768b0ce1b20
05_captions_SI_references\figure_logic_and_reconstructed_prompts.md,22475,fe14972e2775574bff7750546d6e22917e6736bbecec1b2cf4848d03b03c25df
05_captions_SI_references\pdf_extracted_text_by_page.csv,3122,b9acaab000d3fb3ecc2c12b548be88aea82141f8075d1c2999524b65a1d0bc99
05_captions_SI_references\references_seed_expanded.bib,11371,97f7568de6b2c90a29648da0b8ace2aedd9a9d8fe0af96f445c75cb210dd128b
05_captions_SI_references\references_seed_expanded.md,2685,2498ba847b58c4d230f49601b1604ddd5f417bbf51788b2192dcf1522b45bf46
05_captions_SI_references\supplementary_information_draft.md,1955,ba40917fe5822e59fa170b3a9db309c9a04c5d6a546e8c42f1fdd4255e79a94e
05_captions_SI_references\uncertain_items_for_user_confirmation.md,1456,b93e5d316d4b0a44c562185ed7851464fdc6e6913d61e68a4551707c9bd10f48
07_preferred_main_and_si_figures\_preferred_figure_index.csv,4176,8696e15a9fd8ea9aefc4487c6fb21065d5c353b3d25127c168f3bee7c3b6dee0
07_preferred_main_and_si_figures\Fig5_error_mechanism_global_summary.svg,110315,daf59bc815b8a16a56bf32bdd88d61c346729e31b2599159372081a0be8c1ab4
07_preferred_main_and_si_figures\Fig5F_feature_guided_gated_ablation_bar.svg,55434,cb783cce815871654b31de8161687c1a38251918fdb800e88ef8cad6db236a9d
07_preferred_main_and_si_figures\Fig5G_CAM_mechanism_error_sixpack.svg,510384,4d2e87c25ea50eadc3e2a5e4e443ee11429d189283a2bdb8069c3e409fc795b3
07_preferred_main_and_si_figures\Main_Figure_1_clinical_system_overview.svg,4548205,1a049fd5009d4cf8d3d0b7069a29f33975e219d9fa5067e26795623d1537fe8a
07_preferred_main_and_si_figures\Main_Figure_2_sensor_and_phantom_platform.svg,4015717,b35a0786ec3568a0619bf77b2feee7a6300262beba84574d4cd99c89013fa16a
07_preferred_main_and_si_figures\Main_Figure_3_dataset_and_feature_characterization.svg,6242197,fe76b211498c6d2119fce9591413fcd10178972abdc81f684e4f1a1e7301023c
07_preferred_main_and_si_figures\Main_Figure_4_model_architecture_and_performance.svg,10636076,b2eb6cbca12ced09bb8ad59fc5954be2f1d3a49328659415461a4a69619d2cd1
07_preferred_main_and_si_figures\Main_Figure_5_interpretability_and_errors.svg,4341718,332bbbafa219aed190193a519334bb6376a3e593887a30067e9202130a409cca
07_preferred_main_and_si_figures\SI_Error_depth_weak_diffusion_cue.svg,46513,32d5c71a791939d0290dc42b6075019f29c765c856faa6433afc2e1b1aed68bb
07_preferred_main_and_si_figures\SI_Error_detection_FP_hard_hotspot.svg,42393,b2db20edf06eeb5b3933360b55edef060eeb9ba6f8c642a5a605e34591317629
07_preferred_main_and_si_figures\SI_Error_size_larger_deformable_contacts.svg,48369,5a534acf9402f142feda1bb69b52fe2b4cad758e5cc8d7cf456b16ae79e41c94
07_preferred_main_and_si_figures\SI_Fig5_failure_mode_visual_cards.svg,479857,22b24fb4a85feeed0c86912b96327de489307f45c7486558d5be956be9a52ab5
07_preferred_main_and_si_figures\SI_Fig5_overall_explainability_story.svg,403883,af9a4a6f62bbba937bbdcaac29c63095fe8c414a8f3fccf61ad73f9b9a79ab49
07_preferred_main_and_si_figures\SI_V5_learned_features_candidate.svg,168789,3e436c8c557d314840938e26fdb3711ee0cceb3eec84ddc3049ff87d76ca061c
08_curated_source_data_for_figures\_curated_source_data_index.csv,4233,38f4dde228aa6090cda08c4476b85e4095b82b938f58e1c28ca93979ae022975
08_curated_source_data_for_figures\Fig3_all_significant_features_fdr005.csv,4678,f9c3314723b9b7d5ac915125316f61a9a33aaddb3fdf5b1b57f3465b2fdadd6d
08_curated_source_data_for_figures\Fig3_physical_prior_feature_significance.csv,1696,8ad147bd1d6719e293d52f0347b14418a80ae4b495a9e958ab77bbfcc7f12350
08_curated_source_data_for_figures\Fig5_error_mechanism_global_summary.csv,1033,cb6eb0f5a923068a18dabbbaa382fc23e6b7add83d5b139546116d3fdd71f5b5
08_curated_source_data_for_figures\Fig5_v5_latent_descriptor_probe.csv,2848,3812169ee48feb0ded76a50a66e261b42a2b11c72f0b0e0daa0f0fd056c0e918
08_curated_source_data_for_figures\Fig5_v5_output_descriptor_alignment.csv,2683,1b9e5d0348e8ac92447e9b77efb5654ba46685e2ba82fba1e6bec3f055d61cd8
08_curated_source_data_for_figures\Fig5_v5_targeted_perturbation_response.csv,3760,8cd4a08637f21a694e373b1ee48e8740875b8094e9ee29fb58df9c3a765a0cb6
08_curated_source_data_for_figures\Fig5F_gated_mechanism_closure.csv,1629,a5b699d2b74655c7a2ab939101150fc051d01394b9e32795e3c9c9b9f33aaf08
08_curated_source_data_for_figures\Fig5G_cam_mechanism_error_sixpack_sources.json,3192,80aa044c39f972af07fba86021747330fae0da1b92a18a4e4ada23b11cd79982
08_curated_source_data_for_figures\manuscript_table_pack_manifest.json,2256,13a6b4f89c0d3434866cac0977bf4f43343b987b1eec2fd97e82223064fe6b7f
08_curated_source_data_for_figures\Table_S1_AUC_task_summary.csv,246,a550e5800c2e85b3014c0755a6f04fcd2499663480c6f56a7241d97bdddf4718
08_curated_source_data_for_figures\Table_S2_AUC_full_model_comparison.csv,270,82a183f5717cab01ac62754ac5a402cd8d71593cdac1cc409f3aa840d662fd2f
08_curated_source_data_for_figures\Table_S3_Readout_summary.csv,390,f818ff0980225fb520f98070c720d84a42a79cb9ea17d6c49d824579c2e0c5e9
08_curated_source_data_for_figures\Table_S4_Size_7class.csv,471,777c8b1b920ea65a0251b009da319654eab525177bc03288bc037535a4ad996a
08_curated_source_data_for_figures\Table_S5_Depth_3class.csv,260,c7b65f5e21a048ef593459b6a18cfd0dfaebaab6dd994b3721fe99b3c9d0d6cc
08_curated_source_data_for_figures\Table_S6_Failure_mechanism_summary.csv,1085,52cb75cd059f76d35cbebc1228a92a99ea64f958e7358ac233788a3519e073a0
09_integrity_audit\curated_csv_readability_report.csv,686,38daab2eb7444f5ab0c9741aa90fcb22efaa693763cc7108146e414f73d57a51
09_integrity_audit\git_push_retry_stderr_20260504.txt,19091,4435ec562eeecb7aca9808314144892b4bd6f34540a8edc2c27446a2faeacb86
09_integrity_audit\git_push_retry_stdout_20260504.txt,117,7c3a05b2813843168a19df361464f9362fd6170d3e386181088f4e8cb32cf582
09_integrity_audit\git_push_status_20260504.md,987,9388ecca5506d4c300f7e77f83f7819ed54e16aaaf083da23bceaeb185a60a13
09_integrity_audit\svg_validation_report.csv,27692,a538af371e1f342db48eae1c82e289bf7693c6053c6e5b6bc5959e7357278a45
10_original_supporting_documents\_supporting_documents_index.csv,2087,c0d7fc0047c2bd5ce598fd2b2260c5b3d8c738b5c57f8bb6946c0b7c388c709a
10_original_supporting_documents\Clinical_experiment_csv.csv,5399047,9c29092947d8d017ae4f745d3120da67553f2f02ce427eabe77c0b7b24327711
10_original_supporting_documents\Clinical_experiment_csv_preview.md,9659,cbd21d2c43d06242a8259739de19ddc08969000f17fd4ee8d694e33829e95e7a
10_original_supporting_documents\FEM_contact_simulation_docx_figure_notes.docx,923095,70c74f0ed05b2d9be29869d768e1e14824fb0b6ecb72320fd0650463094218f8
10_original_supporting_documents\FEM_contact_simulation_docx_figure_notes_extracted_text.md,7664,06bfb62439faeef8efee053e4dc1fa4c357e05d384193d32d3589c0c8056f1bf
10_original_supporting_documents\FEM_contact_simulation_docx_literature_enhanced.docx,928993,4dc2a98a9b85328a2b81aea01a15b153e94ee30b11b1ff1a144fe8683ff2d369
10_original_supporting_documents\FEM_contact_simulation_docx_literature_enhanced_extracted_text.md,17746,9b61851676cb546bf6c5729814ba7af15a6dd3b4f14719e0972b84dbb9e9d3e7
10_original_supporting_documents\FEM_contact_simulation_docx_xwechat_20260503.docx,765404,b15ab486fb8244b2a0022eec70adc03274cc51d59dea5fc6ac91407b0f4f8cf1
10_original_supporting_documents\FEM_contact_simulation_docx_xwechat_20260503_extracted_text.md,3389,dd095841f0065c1c9d25cfc6e66956de4a3defa9d96fd55541d6a4c5fd250ef0
10_original_supporting_documents\Main_WPS_exported_pdf.pdf,10627760,e44264c61371d17b7a53b3bc78d89d22e57da3733d1bf733f5806fb66b9baee3
10_original_supporting_documents\supporting_documents_summary.json,3254,324dfe8f95c5338136f14f2da3f3f65ba8be88a013f38692a7b2e7b50ec0f666
99_history_full_dump_and_superseded_assets\_archive_summary.json,536,939c8b64f8c428e9638f3f688f13832892cb50de22a0f14bcf00058488101229
99_history_full_dump_and_superseded_assets\_move_log.csv,2268,9f65bd7f0cc77a57cb22c464f17628130ba4b3078d25bdee6cdf0ae42eb6bf2f
99_history_full_dump_and_superseded_assets\accidental_nested_rerun_20260504_165814\README_accidental_nested_rerun.md,715,39dd73bd170bf2fa86fbdf00210868905e090677f9da84ccc6a22a5273a885da
99_history_full_dump_and_superseded_assets\conversion_audit\06_converted_or_wrapped_svg_assets\_converted_or_wrapped_svg_index.csv,26705,8c9589229547d9ad4cab5a2f3639657f93a22806c97c6f30d1cc8990043c56fd
99_history_full_dump_and_superseded_assets\conversion_audit\06_converted_or_wrapped_svg_assets\all_significant_features_boxplot_grid__5f8af8816a.svg,2841704,7d5a255828784542f1d2cea43d838515b7b0613b3d7c402f4dc66b8d2da45f48
99_history_full_dump_and_superseded_assets\conversion_audit\06_converted_or_wrapped_svg_assets\all_significant_features_effect_ranking__53eb0d5c21.svg,336652,1738e4a399274e6b985f490903598e90a22fc73320435b756a29bbd268db685d
99_history_full_dump_and_superseded_assets\conversion_audit\06_converted_or_wrapped_svg_assets\conversion_summary.json,435,bdbd58a4b0a7de42066e272ca3f28ff980374d573cbf7c4dd8d790e9de5286c2
99_history_full_dump_and_superseded_assets\conversion_audit\06_converted_or_wrapped_svg_assets\fig5_system_operating_envelope_quick__ae87def80c.svg,298423,a8a421290c6d29797aa926c5e85895dd07ad6fcdf0d8ebb84d008a7695d950d6
99_history_full_dump_and_superseded_assets\conversion_audit\06_converted_or_wrapped_svg_assets\fig5_system_operating_envelope_quick__c730125443.svg,668554,9d1307c7bba2ecaa14cb66731dab0189c94b717c81f04d8045e2ae6f24845d04
99_history_full_dump_and_superseded_assets\conversion_audit\06_converted_or_wrapped_svg_assets\grouped_positive_condition_statistics_style__febb15a931.svg,1256780,6fa691445ddfdd415955545eaa048c65dc6f7cfc0f3125d798440f9a58d7c947
99_history_full_dump_and_superseded_assets\conversion_audit\06_converted_or_wrapped_svg_assets\Index__e48afff646.svg,171949,68954631a2a493a84e5f034ffbd2f58c01e35cb2887e13f7ff589bc4cb6fc376
99_history_full_dump_and_superseded_assets\conversion_audit\06_converted_or_wrapped_svg_assets\physical_prior_feature_significance__2f730584a3.svg,143504,2c88df6047646f2167218d77a8dde50b5060fb3aff529a5b92e4e14a1cc9a544
99_history_full_dump_and_superseded_assets\conversion_audit\06_converted_or_wrapped_svg_assets\raw_average_positive_sample__efbeb82851.svg,38110,b64e403b187b47c02324b76d80111c1f4f5e84d3491c7cad9e051b22eb5adf0a
99_history_full_dump_and_superseded_assets\conversion_audit\06_converted_or_wrapped_svg_assets\raw_pos_neg_mean_diff_and_curve__966105cdb7.svg,178060,e6d788c209aa650bc65b501ebe0fc349f718337d84982156d9be973e6dd5aea0
99_history_full_dump_and_superseded_assets\conversion_audit\06_converted_or_wrapped_svg_assets\selected_feature_significance_boxpanels_style__7d6af7366c.svg,1517652,cdff867f6403554b8441fd6c976ea1ca1f622ed2f45f96f5f31e9a464db98395
99_history_full_dump_and_superseded_assets\conversion_audit\06_converted_or_wrapped_svg_assets\T1_AUC_summary__bd350249ea.svg,90223,f3e93d7edd3c05d1004d282b3cae2a55d1fea68f8d7e6d27842b56ed0347ff3e
99_history_full_dump_and_superseded_assets\conversion_audit\06_converted_or_wrapped_svg_assets\T6_Failure__670a78f96c.svg,188299,6fa38c9a933fb606c5e44435d2961a0ab0e4395f552a0ae6daf31951a5ccae81
99_history_full_dump_and_superseded_assets\full_source_data_dump\03_source_data_and_tables\1__0188201595.CSV,104144,87bb797d462ceac7f20a64ad44310856b298544a7ecebc97500d4f3d7bbd75c7
99_history_full_dump_and_superseded_assets\full_source_data_dump\03_source_data_and_tables\1__020bef2ccb.CSV,263166,51f6688014cdcfa105e080c2251af17c04ab8121f44d4f83203c79bb134c4063
99_history_full_dump_and_superseded_assets\full_source_data_dump\03_source_data_and_tables\1__02b19d0a6e.CSV,100398,20dccc86ddba5e2fef88807998586f39614e5fe2e3920ae95dd55260b3251873
99_history_full_dump_and_superseded_assets\full_source_data_dump\03_source_data_and_tables\1__046385d940.CSV,131087,b98d83fd483862cb4464d0837f3432ed0c44d9b47b4cd10a5755a943fa73fceb
99_history_full_dump_and_superseded_assets\full_source_data_dump\03_source_data_and_tables\1__05d16a5fad.CSV,125750,b54af2ddcb2e46a52ebb54f4e4bcfa7b3cda34a72105c57d74721c9ab12ddf8b
99_history_full_dump_and_superseded_assets\full_source_data_dump\03_source_data_and_tables\1__07154a9d6c.CSV,108041,34df6a2387d9a907bc873aa9462145235b25c0b9a80fa272a70697009ebf19f6
99_history_full_dump_and_superseded_assets\full_source_data_dump\03_source_data_and_tables\1__09940f418f.CSV,249613,39863ffa62797fbab76cd9093bc847c87de347fa4356f18e3c5f5c740d91019a
99_history_full_dump_and_superseded_assets\full_source_data_dump\03_source_data_and_tables\1__0a35a59e9d.CSV,169021,7c76edd738b85144111cb14decbb9023ac9b297645277342606f137e37265912
99_history_full_dump_and_superseded_assets\full_source_data_dump\03_source_data_and_tables\1__11c98aed13.CSV,179681,3397c1e534da5acb9df5e099a460082bfc566e024aa2c7c1f5006fc0b92396ac
99_history_full_dump_and_superseded_assets\full_source_data_dump\03_source_data_and_tables\1__13709a26a9.CSV,82389,176b1388ae03d0cbe3c7ba2e431cbe3961b435e6376a7d47ba287fb2b4c57c1c
99_history_full_dump_and_superseded_assets\full_source_data_dump\03_source_data_and_tables\1__13f2175afd.CSV,96399,e07b5cb3d991c025744d5ba47754602d22439b62864d522b9e3c0afe1472792c
99_history_full_dump_and_superseded_assets\full_source_data_dump\03_source_data_and_tables\1__18e72391a8.CSV,98749,bc70aa873ef5dac60ae25775f301bfc4225dddd0ae0ad8d9bfbd10b9a23cad00
99_history_full_dump_and_superseded_assets\full_source_data_dump\03_source_data_and_tables\1__1919e5a7d8.CSV,169021,7c76edd738b85144111cb14decbb9023ac9b297645277342606f137e37265912
99_history_full_dump_and_superseded_assets\full_source_data_dump\03_source_data_and_tables\1__19b9004732.CSV,96211,9cf9e7cdfb068d2a2aaa3b1608f17bc0ee6ae4843e4e4f5219aa67f288e7af50
99_history_full_dump_and_superseded_assets\full_source_data_dump\03_source_data_and_tables\1__1a53f91f38.CSV,469743,54aa4da767afdf1b882692d8063a8f445b55daa95c8f3222b76a8e59728b06b6
99_history_full_dump_and_superseded_assets\full_source_data_dump\03_source_data_and_tables\1__1e87bc1a10.CSV,98749,bc70aa873ef5dac60ae25775f301bfc4225dddd0ae0ad8d9bfbd10b9a23cad00
99_history_full_dump_and_superseded_assets\full_source_data_dump\03_source_data_and_tables\1__1f94e59469.CSV,179681,3397c1e534da5acb9df5e099a460082bfc566e024aa2c7c1f5006fc0b92396ac
99_history_full_dump_and_superseded_assets\full_source_data_dump\03_source_data_and_tables\1__238f8a06ee.CSV,125750,b54af2ddcb2e46a52ebb54f4e4bcfa7b3cda34a72105c57d74721c9ab12ddf8b
99_history_full_dump_and_superseded_assets\full_source_data_dump\03_source_data_and_tables\1__23d50a82c8.CSV,178702,e9437be09acc6cce1895ba436798fa9be1603b8bb2e9bd76bbce64ee17bc550e
99_history_full_dump_and_superseded_assets\full_source_data_dump\03_source_data_and_tables\1__243fd8a474.CSV,263166,51f6688014cdcfa105e080c2251af17c04ab8121f44d4f83203c79bb134c4063
99_history_full_dump_and_superseded_assets\full_source_data_dump\03_source_data_and_tables\1__25952be005.CSV,108227,0d076b46a2318b19d6578a727d74d848672fedaeb216d5490b5a0b732cbfce64
99_history_full_dump_and_superseded_assets\full_source_data_dump\03_source_data_and_tables\1__27c38ef34e.CSV,125620,93395eed54e2faeee30cd877a1bffb9647c505f29395fb4dc748e4015598b23c
99_history_full_dump_and_superseded_assets\full_source_data_dump\03_source_data_and_tables\1__2895cb6a5a.CSV,156335,54549b413c6fcf0c51479cef2b94369144ee23593892326ac969c12386e98d7b
99_history_full_dump_and_superseded_assets\full_source_data_dump\03_source_data_and_tables\1__2aa8da2037.CSV,100841,bd55401597753fda33ffe46e158db2c307a756538cec1f4861c8ed49f9f185fe
99_history_full_dump_and_superseded_assets\full_source_data_dump\03_source_data_and_tables\1__2bd581f28f.CSV,123227,4bd8ccbafbb761287b8991db56df1aef124086a95e5d785b6019fecc677cedf2
99_history_full_dump_and_superseded_assets\full_source_data_dump\03_source_data_and_tables\1__2c99f91bf7.CSV,104144,87bb797d462ceac7f20a64ad44310856b298544a7ecebc97500d4f3d7bbd75c7
99_history_full_dump_and_superseded_assets\full_source_data_dump\03_source_data_and_tables\1__2ccabe8cf3.CSV,110041,7c4b123969745255a8317f69b39883241f78dcb79984f4f36f490cf74931d7b4
99_history_full_dump_and_superseded_assets\full_source_data_dump\03_source_data_and_tables\1__2d621e5776.CSV,98749,bc70aa873ef5dac60ae25775f301bfc4225dddd0ae0ad8d9bfbd10b9a23cad00
99_history_full_dump_and_superseded_assets\full_source_data_dump\03_source_data_and_tables\1__2f2fa592f2.CSV,163868,644cfd1a555dd334e7eeb4675c164ef27ad269365db27878b0a0a3e5275060fc
99_history_full_dump_and_superseded_assets\full_source_data_dump\03_source_data_and_tables\1__324052cb32.CSV,178702,e9437be09acc6cce1895ba436798fa9be1603b8bb2e9bd76bbce64ee17bc550e
99_history_full_dump_and_superseded_assets\full_source_data_dump\03_source_data_and_tables\1__34c63d964a.CSV,218691,3bc3b8e4610976801aae3f7e9d148033ef9d0efb0d10a3985ae6f72829a27d68
99_history_full_dump_and_superseded_assets\full_source_data_dump\03_source_data_and_tables\1__3892d235b4.CSV,125750,b54af2ddcb2e46a52ebb54f4e4bcfa7b3cda34a72105c57d74721c9ab12ddf8b
99_history_full_dump_and_superseded_assets\full_source_data_dump\03_source_data_and_tables\1__3a691812b5.CSV,218691,3bc3b8e4610976801aae3f7e9d148033ef9d0efb0d10a3985ae6f72829a27d68
99_history_full_dump_and_superseded_assets\full_source_data_dump\03_source_data_and_tables\1__3d238d7c46.CSV,118708,e719ba216a41f6e8c51308e27f112cd35d33a02e76db90b09ed4fe4c986ec3bf
99_history_full_dump_and_superseded_assets\full_source_data_dump\03_source_data_and_tables\1__3e4ae9ad14.CSV,108041,34df6a2387d9a907bc873aa9462145235b25c0b9a80fa272a70697009ebf19f6
99_history_full_dump_and_superseded_assets\full_source_data_dump\03_source_data_and_tables\1__40923cbc56.CSV,249613,39863ffa62797fbab76cd9093bc847c87de347fa4356f18e3c5f5c740d91019a
99_history_full_dump_and_superseded_assets\full_source_data_dump\03_source_data_and_tables\1__424417a874.CSV,179681,3397c1e534da5acb9df5e099a460082bfc566e024aa2c7c1f5006fc0b92396ac
99_history_full_dump_and_superseded_assets\full_source_data_dump\03_source_data_and_tables\1__427ab3fadd.CSV,131087,b98d83fd483862cb4464d0837f3432ed0c44d9b47b4cd10a5755a943fa73fceb
99_history_full_dump_and_superseded_assets\full_source_data_dump\03_source_data_and_tables\1__43cf6869cf.CSV,469743,54aa4da767afdf1b882692d8063a8f445b55daa95c8f3222b76a8e59728b06b6
99_history_full_dump_and_superseded_assets\full_source_data_dump\03_source_data_and_tables\1__46462f9707.CSV,112857,7ee702ebba0c08359a596fe86d427142da96a3960e8f9c49240f194fad607f84
99_history_full_dump_and_superseded_assets\full_source_data_dump\03_source_data_and_tables\1__4671b4a38f.CSV,165945,08ac1de553ce76c2a7a933cb839725748ca7ca756d74a27c44a118f56c3b07cc
99_history_full_dump_and_superseded_assets\full_source_data_dump\03_source_data_and_tables\1__46e52f39b4.CSV,62974,616bd8a8e450f6c16f99cc30d1f3c25a6454062753698bdc1585186d82679703
99_history_full_dump_and_superseded_assets\full_source_data_dump\03_source_data_and_tables\1__47b85a6c6b.CSV,110041,7c4b123969745255a8317f69b39883241f78dcb79984f4f36f490cf74931d7b4
99_history_full_dump_and_superseded_assets\full_source_data_dump\03_source_data_and_tables\1__4d2d442471.CSV,100841,bd55401597753fda33ffe46e158db2c307a756538cec1f4861c8ed49f9f185fe
99_history_full_dump_and_superseded_assets\full_source_data_dump\03_source_data_and_tables\1__542be750af.CSV,118708,e719ba216a41f6e8c51308e27f112cd35d33a02e76db90b09ed4fe4c986ec3bf
99_history_full_dump_and_superseded_assets\full_source_data_dump\03_source_data_and_tables\1__560470256a.CSV,96399,e07b5cb3d991c025744d5ba47754602d22439b62864d522b9e3c0afe1472792c
99_history_full_dump_and_superseded_assets\full_source_data_dump\03_source_data_and_tables\1__566a42fc8b.CSV,108041,34df6a2387d9a907bc873aa9462145235b25c0b9a80fa272a70697009ebf19f6
99_history_full_dump_and_superseded_assets\full_source_data_dump\03_source_data_and_tables\1__56f7dfd9e9.CSV,108227,0d076b46a2318b19d6578a727d74d848672fedaeb216d5490b5a0b732cbfce64
99_history_full_dump_and_superseded_assets\full_source_data_dump\03_source_data_and_tables\1__5c5004944b.CSV,87028,416161a76fd2d26531b4ec0b7d9f8c8485d11449357668a222acdc868cef91b4
99_history_full_dump_and_superseded_assets\full_source_data_dump\03_source_data_and_tables\1__5c67ce42bb.CSV,99421,1b052d0fdd12e1db6ee6450550881f4a45850a2c1b53dd480baec5a74a872590
99_history_full_dump_and_superseded_assets\full_source_data_dump\03_source_data_and_tables\1__5ca0546e4b.CSV,163868,644cfd1a555dd334e7eeb4675c164ef27ad269365db27878b0a0a3e5275060fc
99_history_full_dump_and_superseded_assets\full_source_data_dump\03_source_data_and_tables\1__5ce398929c.CSV,96211,9cf9e7cdfb068d2a2aaa3b1608f17bc0ee6ae4843e4e4f5219aa67f288e7af50
99_history_full_dump_and_superseded_assets\full_source_data_dump\03_source_data_and_tables\1__5ea6446499.CSV,178702,e9437be09acc6cce1895ba436798fa9be1603b8bb2e9bd76bbce64ee17bc550e
99_history_full_dump_and_superseded_assets\full_source_data_dump\03_source_data_and_tables\1__60f525277d.CSV,110041,7c4b123969745255a8317f69b39883241f78dcb79984f4f36f490cf74931d7b4
99_history_full_dump_and_superseded_assets\full_source_data_dump\03_source_data_and_tables\1__61304c617f.CSV,125620,93395eed54e2faeee30cd877a1bffb9647c505f29395fb4dc748e4015598b23c
99_history_full_dump_and_superseded_assets\full_source_data_dump\03_source_data_and_tables\1__614bf41deb.CSV,105073,ebf76b461da8b3e95fe6d9a96c273815e08e2c4b2ee83c9e2ce43a23b4482cfc
99_history_full_dump_and_superseded_assets\full_source_data_dump\03_source_data_and_tables\1__633e0eb309.CSV,131087,b98d83fd483862cb4464d0837f3432ed0c44d9b47b4cd10a5755a943fa73fceb
99_history_full_dump_and_superseded_assets\full_source_data_dump\03_source_data_and_tables\1__637130d93b.CSV,178702,e9437be09acc6cce1895ba436798fa9be1603b8bb2e9bd76bbce64ee17bc550e
99_history_full_dump_and_superseded_assets\full_source_data_dump\03_source_data_and_tables\1__643473943a.CSV,104833,d79225aba819e8f78f7b1f901c1ae3a02276dac340b9def2a92406194a12dcc3
99_history_full_dump_and_superseded_assets\full_source_data_dump\03_source_data_and_tables\1__644b3531c1.CSV,105096,4d6e8cab280094eacd8fff46853de442042a9cc3c2d58c49cc89f981595b221e
99_history_full_dump_and_superseded_assets\full_source_data_dump\03_source_data_and_tables\1__64d0d6560b.CSV,90103,af9c6754c8f8a5b5f872bba79b90d51f88451758046e8139bb2d9278b3705557
99_history_full_dump_and_superseded_assets\full_source_data_dump\03_source_data_and_tables\1__67b94df268.CSV,90103,af9c6754c8f8a5b5f872bba79b90d51f88451758046e8139bb2d9278b3705557
99_history_full_dump_and_superseded_assets\full_source_data_dump\03_source_data_and_tables\1__67b9981d08.CSV,105537,ef2cd9fb355215f1545b10769438faed0f96c9fcba3be8c58a0436cd1b67ee66
99_history_full_dump_and_superseded_assets\full_source_data_dump\03_source_data_and_tables\1__6901e3b526.CSV,87028,416161a76fd2d26531b4ec0b7d9f8c8485d11449357668a222acdc868cef91b4
99_history_full_dump_and_superseded_assets\full_source_data_dump\03_source_data_and_tables\1__6a6f3d5951.CSV,104833,d79225aba819e8f78f7b1f901c1ae3a02276dac340b9def2a92406194a12dcc3
99_history_full_dump_and_superseded_assets\full_source_data_dump\03_source_data_and_tables\1__701dc2fb87.CSV,87028,416161a76fd2d26531b4ec0b7d9f8c8485d11449357668a222acdc868cef91b4
99_history_full_dump_and_superseded_assets\full_source_data_dump\03_source_data_and_tables\1__7491a2ec11.CSV,249613,39863ffa62797fbab76cd9093bc847c87de347fa4356f18e3c5f5c740d91019a
99_history_full_dump_and_superseded_assets\full_source_data_dump\03_source_data_and_tables\1__758ed00f81.CSV,90103,af9c6754c8f8a5b5f872bba79b90d51f88451758046e8139bb2d9278b3705557
99_history_full_dump_and_superseded_assets\full_source_data_dump\03_source_data_and_tables\1__76357c383f.CSV,156335,54549b413c6fcf0c51479cef2b94369144ee23593892326ac969c12386e98d7b
99_history_full_dump_and_superseded_assets\full_source_data_dump\03_source_data_and_tables\1__7776bd6ff4.CSV,82389,176b1388ae03d0cbe3c7ba2e431cbe3961b435e6376a7d47ba287fb2b4c57c1c
99_history_full_dump_and_superseded_assets\full_source_data_dump\03_source_data_and_tables\1__781b0405c5.CSV,105537,ef2cd9fb355215f1545b10769438faed0f96c9fcba3be8c58a0436cd1b67ee66
99_history_full_dump_and_superseded_assets\full_source_data_dump\03_source_data_and_tables\1__7b19f8150f.CSV,86789,befeb6284d64fdcaf9b2d3dfe03135830803b2b1808dd15a6833f379246758a9
99_history_full_dump_and_superseded_assets\full_source_data_dump\03_source_data_and_tables\1__7cdfcaa9fa.CSV,96399,e07b5cb3d991c025744d5ba47754602d22439b62864d522b9e3c0afe1472792c
99_history_full_dump_and_superseded_assets\full_source_data_dump\03_source_data_and_tables\1__7e21d7d9fe.CSV,113758,defd49ab33bca691d292112f507ca411f92401bfd83ae2bd1c4f6037e6aba17f
99_history_full_dump_and_superseded_assets\full_source_data_dump\03_source_data_and_tables\1__7e5b0792de.CSV,96211,9cf9e7cdfb068d2a2aaa3b1608f17bc0ee6ae4843e4e4f5219aa67f288e7af50
99_history_full_dump_and_superseded_assets\full_source_data_dump\03_source_data_and_tables\1__7eeb4b52cb.CSV,104833,d79225aba819e8f78f7b1f901c1ae3a02276dac340b9def2a92406194a12dcc3
99_history_full_dump_and_superseded_assets\full_source_data_dump\03_source_data_and_tables\1__810e84df70.CSV,125620,93395eed54e2faeee30cd877a1bffb9647c505f29395fb4dc748e4015598b23c
99_history_full_dump_and_superseded_assets\full_source_data_dump\03_source_data_and_tables\1__86d47678ed.CSV,121523,ee5e94e647c8c6b4162c84c69d8915a76a09340341ddb23706cf839b227e4312
99_history_full_dump_and_superseded_assets\full_source_data_dump\03_source_data_and_tables\1__8b5d1fd720.CSV,96211,9cf9e7cdfb068d2a2aaa3b1608f17bc0ee6ae4843e4e4f5219aa67f288e7af50
99_history_full_dump_and_superseded_assets\full_source_data_dump\03_source_data_and_tables\1__8bebf3bc67.CSV,123227,4bd8ccbafbb761287b8991db56df1aef124086a95e5d785b6019fecc677cedf2
99_history_full_dump_and_superseded_assets\full_source_data_dump\03_source_data_and_tables\1__8c65190466.CSV,131896,fa1c22cfc74d288a06e2ee8d6107588c1b26f88e8ec975809bca27ff95aed5c8
99_history_full_dump_and_superseded_assets\full_source_data_dump\03_source_data_and_tables\1__8db48e7dc5.CSV,103729,b3b93631c82f18436d0cefacf9420f2263f9f69bcd7f56ff002935de8c9b0ec6
99_history_full_dump_and_superseded_assets\full_source_data_dump\03_source_data_and_tables\1__8fdcdc17df.CSV,99421,1b052d0fdd12e1db6ee6450550881f4a45850a2c1b53dd480baec5a74a872590
99_history_full_dump_and_superseded_assets\full_source_data_dump\03_source_data_and_tables\1__925939bf71.CSV,99421,1b052d0fdd12e1db6ee6450550881f4a45850a2c1b53dd480baec5a74a872590
99_history_full_dump_and_superseded_assets\full_source_data_dump\03_source_data_and_tables\1__9295bf65e8.CSV,118708,e719ba216a41f6e8c51308e27f112cd35d33a02e76db90b09ed4fe4c986ec3bf
99_history_full_dump_and_superseded_assets\full_source_data_dump\03_source_data_and_tables\1__94eadb24e9.CSV,113758,defd49ab33bca691d292112f507ca411f92401bfd83ae2bd1c4f6037e6aba17f
99_history_full_dump_and_superseded_assets\full_source_data_dump\03_source_data_and_tables\1__965782b630.CSV,169021,7c76edd738b85144111cb14decbb9023ac9b297645277342606f137e37265912
99_history_full_dump_and_superseded_assets\full_source_data_dump\03_source_data_and_tables\1__99b3939f83.CSV,469743,54aa4da767afdf1b882692d8063a8f445b55daa95c8f3222b76a8e59728b06b6
99_history_full_dump_and_superseded_assets\full_source_data_dump\03_source_data_and_tables\1__9a7ff37b83.CSV,62974,616bd8a8e450f6c16f99cc30d1f3c25a6454062753698bdc1585186d82679703
99_history_full_dump_and_superseded_assets\full_source_data_dump\03_source_data_and_tables\1__9ba5498832.CSV,100841,bd55401597753fda33ffe46e158db2c307a756538cec1f4861c8ed49f9f185fe
99_history_full_dump_and_superseded_assets\full_source_data_dump\03_source_data_and_tables\1__9c6f5de69f.CSV,118708,e719ba216a41f6e8c51308e27f112cd35d33a02e76db90b09ed4fe4c986ec3bf
99_history_full_dump_and_superseded_assets\full_source_data_dump\03_source_data_and_tables\1__9ef338c669.CSV,165945,08ac1de553ce76c2a7a933cb839725748ca7ca756d74a27c44a118f56c3b07cc
99_history_full_dump_and_superseded_assets\full_source_data_dump\03_source_data_and_tables\1__9f0b5cc236.CSV,131896,fa1c22cfc74d288a06e2ee8d6107588c1b26f88e8ec975809bca27ff95aed5c8
99_history_full_dump_and_superseded_assets\full_source_data_dump\03_source_data_and_tables\1__a0aeab1b73.CSV,99421,1b052d0fdd12e1db6ee6450550881f4a45850a2c1b53dd480baec5a74a872590
99_history_full_dump_and_superseded_assets\full_source_data_dump\03_source_data_and_tables\1__a2c8ff75dc.CSV,159335,9be7be28de78de9fb1a8d3de81aa6f7eb6cc2be3bb4b4fd19c206503a00537e1
99_history_full_dump_and_superseded_assets\full_source_data_dump\03_source_data_and_tables\1__a3587fd4bb.CSV,131087,b98d83fd483862cb4464d0837f3432ed0c44d9b47b4cd10a5755a943fa73fceb
99_history_full_dump_and_superseded_assets\full_source_data_dump\03_source_data_and_tables\1__a3882d545a.CSV,105096,4d6e8cab280094eacd8fff46853de442042a9cc3c2d58c49cc89f981595b221e
99_history_full_dump_and_superseded_assets\full_source_data_dump\03_source_data_and_tables\1__a5b7942162.CSV,469743,54aa4da767afdf1b882692d8063a8f445b55daa95c8f3222b76a8e59728b06b6
99_history_full_dump_and_superseded_assets\full_source_data_dump\03_source_data_and_tables\1__a60ac96ea5.CSV,82389,176b1388ae03d0cbe3c7ba2e431cbe3961b435e6376a7d47ba287fb2b4c57c1c
99_history_full_dump_and_superseded_assets\full_source_data_dump\03_source_data_and_tables\1__a68bdf00ef.CSV,105073,ebf76b461da8b3e95fe6d9a96c273815e08e2c4b2ee83c9e2ce43a23b4482cfc
99_history_full_dump_and_superseded_assets\full_source_data_dump\03_source_data_and_tables\1__a7ae01935e.CSV,100398,20dccc86ddba5e2fef88807998586f39614e5fe2e3920ae95dd55260b3251873
99_history_full_dump_and_superseded_assets\full_source_data_dump\03_source_data_and_tables\1__a8bd3c4bbc.CSV,108236,5e321172d3ef01052704f207552031fbe1a55d34e8dc98055b3ac20b214960c1
99_history_full_dump_and_superseded_assets\full_source_data_dump\03_source_data_and_tables\1__a8cce9abc0.CSV,121523,ee5e94e647c8c6b4162c84c69d8915a76a09340341ddb23706cf839b227e4312
99_history_full_dump_and_superseded_assets\full_source_data_dump\03_source_data_and_tables\1__aabb6ef983.CSV,156335,54549b413c6fcf0c51479cef2b94369144ee23593892326ac969c12386e98d7b
99_history_full_dump_and_superseded_assets\full_source_data_dump\03_source_data_and_tables\1__ab7265c87c.CSV,108227,0d076b46a2318b19d6578a727d74d848672fedaeb216d5490b5a0b732cbfce64
99_history_full_dump_and_superseded_assets\full_source_data_dump\03_source_data_and_tables\1__ad1e91924c.CSV,105073,ebf76b461da8b3e95fe6d9a96c273815e08e2c4b2ee83c9e2ce43a23b4482cfc
99_history_full_dump_and_superseded_assets\full_source_data_dump\03_source_data_and_tables\1__adef9c7748.CSV,179681,3397c1e534da5acb9df5e099a460082bfc566e024aa2c7c1f5006fc0b92396ac
99_history_full_dump_and_superseded_assets\full_source_data_dump\03_source_data_and_tables\1__aee10d4df9.CSV,165945,08ac1de553ce76c2a7a933cb839725748ca7ca756d74a27c44a118f56c3b07cc
99_history_full_dump_and_superseded_assets\full_source_data_dump\03_source_data_and_tables\1__b0702311c0.CSV,156335,54549b413c6fcf0c51479cef2b94369144ee23593892326ac969c12386e98d7b
99_history_full_dump_and_superseded_assets\full_source_data_dump\03_source_data_and_tables\1__b10b2a7911.CSV,82389,176b1388ae03d0cbe3c7ba2e431cbe3961b435e6376a7d47ba287fb2b4c57c1c
99_history_full_dump_and_superseded_assets\full_source_data_dump\03_source_data_and_tables\1__b4d5e55c2f.CSV,108227,0d076b46a2318b19d6578a727d74d848672fedaeb216d5490b5a0b732cbfce64
99_history_full_dump_and_superseded_assets\full_source_data_dump\03_source_data_and_tables\1__b67d00aaee.CSV,169021,7c76edd738b85144111cb14decbb9023ac9b297645277342606f137e37265912
99_history_full_dump_and_superseded_assets\full_source_data_dump\03_source_data_and_tables\1__bac2b49bc1.CSV,105096,4d6e8cab280094eacd8fff46853de442042a9cc3c2d58c49cc89f981595b221e
99_history_full_dump_and_superseded_assets\full_source_data_dump\03_source_data_and_tables\1__bca76b15f5.CSV,100841,bd55401597753fda33ffe46e158db2c307a756538cec1f4861c8ed49f9f185fe
99_history_full_dump_and_superseded_assets\full_source_data_dump\03_source_data_and_tables\1__bd07723f90.CSV,123227,4bd8ccbafbb761287b8991db56df1aef124086a95e5d785b6019fecc677cedf2
99_history_full_dump_and_superseded_assets\full_source_data_dump\03_source_data_and_tables\1__beb862f156.CSV,218691,3bc3b8e4610976801aae3f7e9d148033ef9d0efb0d10a3985ae6f72829a27d68
99_history_full_dump_and_superseded_assets\full_source_data_dump\03_source_data_and_tables\1__bf7396fd9d.CSV,105537,ef2cd9fb355215f1545b10769438faed0f96c9fcba3be8c58a0436cd1b67ee66
99_history_full_dump_and_superseded_assets\full_source_data_dump\03_source_data_and_tables\1__c0026b70a1.CSV,112857,7ee702ebba0c08359a596fe86d427142da96a3960e8f9c49240f194fad607f84
99_history_full_dump_and_superseded_assets\full_source_data_dump\03_source_data_and_tables\1__c02e3f9c9b.CSV,131896,fa1c22cfc74d288a06e2ee8d6107588c1b26f88e8ec975809bca27ff95aed5c8
99_history_full_dump_and_superseded_assets\full_source_data_dump\03_source_data_and_tables\1__c15a91b797.CSV,96399,e07b5cb3d991c025744d5ba47754602d22439b62864d522b9e3c0afe1472792c
99_history_full_dump_and_superseded_assets\full_source_data_dump\03_source_data_and_tables\1__c2034e5b5e.CSV,103729,b3b93631c82f18436d0cefacf9420f2263f9f69bcd7f56ff002935de8c9b0ec6
99_history_full_dump_and_superseded_assets\full_source_data_dump\03_source_data_and_tables\1__c21d6ea747.CSV,249613,39863ffa62797fbab76cd9093bc847c87de347fa4356f18e3c5f5c740d91019a
99_history_full_dump_and_superseded_assets\full_source_data_dump\03_source_data_and_tables\1__c2bf188584.CSV,62974,616bd8a8e450f6c16f99cc30d1f3c25a6454062753698bdc1585186d82679703
99_history_full_dump_and_superseded_assets\full_source_data_dump\03_source_data_and_tables\1__c6009293f2.CSV,125750,b54af2ddcb2e46a52ebb54f4e4bcfa7b3cda34a72105c57d74721c9ab12ddf8b
99_history_full_dump_and_superseded_assets\full_source_data_dump\03_source_data_and_tables\1__c6375b1ae2.CSV,112857,7ee702ebba0c08359a596fe86d427142da96a3960e8f9c49240f194fad607f84
99_history_full_dump_and_superseded_assets\full_source_data_dump\03_source_data_and_tables\1__c7963d0eb5.CSV,105832,cd670cf67462592805a87d82081f5c69317a5480a30b01949964a2378e61995f
99_history_full_dump_and_superseded_assets\full_source_data_dump\03_source_data_and_tables\1__ca14cd5de1.CSV,104833,d79225aba819e8f78f7b1f901c1ae3a02276dac340b9def2a92406194a12dcc3
99_history_full_dump_and_superseded_assets\full_source_data_dump\03_source_data_and_tables\1__cbaad9309f.CSV,108236,5e321172d3ef01052704f207552031fbe1a55d34e8dc98055b3ac20b214960c1
99_history_full_dump_and_superseded_assets\full_source_data_dump\03_source_data_and_tables\1__cbdc7fa58c.CSV,108041,34df6a2387d9a907bc873aa9462145235b25c0b9a80fa272a70697009ebf19f6
99_history_full_dump_and_superseded_assets\full_source_data_dump\03_source_data_and_tables\1__cc1ac824bf.CSV,125620,93395eed54e2faeee30cd877a1bffb9647c505f29395fb4dc748e4015598b23c
99_history_full_dump_and_superseded_assets\full_source_data_dump\03_source_data_and_tables\1__cdf3c6e777.CSV,90103,af9c6754c8f8a5b5f872bba79b90d51f88451758046e8139bb2d9278b3705557
99_history_full_dump_and_superseded_assets\full_source_data_dump\03_source_data_and_tables\1__ced1a1fb0c.CSV,104144,87bb797d462ceac7f20a64ad44310856b298544a7ecebc97500d4f3d7bbd75c7
99_history_full_dump_and_superseded_assets\full_source_data_dump\03_source_data_and_tables\1__cfdf3affa9.CSV,123227,4bd8ccbafbb761287b8991db56df1aef124086a95e5d785b6019fecc677cedf2
99_history_full_dump_and_superseded_assets\full_source_data_dump\03_source_data_and_tables\1__d0449fc2f8.CSV,86789,befeb6284d64fdcaf9b2d3dfe03135830803b2b1808dd15a6833f379246758a9
99_history_full_dump_and_superseded_assets\full_source_data_dump\03_source_data_and_tables\1__d1c5f5a9ad.CSV,105096,4d6e8cab280094eacd8fff46853de442042a9cc3c2d58c49cc89f981595b221e
99_history_full_dump_and_superseded_assets\full_source_data_dump\03_source_data_and_tables\1__d246f6dbc8.CSV,112857,7ee702ebba0c08359a596fe86d427142da96a3960e8f9c49240f194fad607f84
99_history_full_dump_and_superseded_assets\full_source_data_dump\03_source_data_and_tables\1__d329d0d980.CSV,103729,b3b93631c82f18436d0cefacf9420f2263f9f69bcd7f56ff002935de8c9b0ec6
99_history_full_dump_and_superseded_assets\full_source_data_dump\03_source_data_and_tables\1__d70142f1fd.CSV,105073,ebf76b461da8b3e95fe6d9a96c273815e08e2c4b2ee83c9e2ce43a23b4482cfc
99_history_full_dump_and_superseded_assets\full_source_data_dump\03_source_data_and_tables\1__daa40029fe.CSV,105832,cd670cf67462592805a87d82081f5c69317a5480a30b01949964a2378e61995f
99_history_full_dump_and_superseded_assets\full_source_data_dump\03_source_data_and_tables\1__dac126a506.CSV,100398,20dccc86ddba5e2fef88807998586f39614e5fe2e3920ae95dd55260b3251873
99_history_full_dump_and_superseded_assets\full_source_data_dump\03_source_data_and_tables\1__dd3484d8a9.CSV,159335,9be7be28de78de9fb1a8d3de81aa6f7eb6cc2be3bb4b4fd19c206503a00537e1
99_history_full_dump_and_superseded_assets\full_source_data_dump\03_source_data_and_tables\1__df0e60738b.CSV,105537,ef2cd9fb355215f1545b10769438faed0f96c9fcba3be8c58a0436cd1b67ee66
99_history_full_dump_and_superseded_assets\full_source_data_dump\03_source_data_and_tables\1__df7f2c05e2.CSV,131896,fa1c22cfc74d288a06e2ee8d6107588c1b26f88e8ec975809bca27ff95aed5c8
99_history_full_dump_and_superseded_assets\full_source_data_dump\03_source_data_and_tables\1__e36d429401.CSV,87028,416161a76fd2d26531b4ec0b7d9f8c8485d11449357668a222acdc868cef91b4
99_history_full_dump_and_superseded_assets\full_source_data_dump\03_source_data_and_tables\1__e4adbb48e3.CSV,163868,644cfd1a555dd334e7eeb4675c164ef27ad269365db27878b0a0a3e5275060fc
99_history_full_dump_and_superseded_assets\full_source_data_dump\03_source_data_and_tables\1__e4f4f68455.CSV,62974,616bd8a8e450f6c16f99cc30d1f3c25a6454062753698bdc1585186d82679703
99_history_full_dump_and_superseded_assets\full_source_data_dump\03_source_data_and_tables\1__e725a48398.CSV,263166,51f6688014cdcfa105e080c2251af17c04ab8121f44d4f83203c79bb134c4063
99_history_full_dump_and_superseded_assets\full_source_data_dump\03_source_data_and_tables\1__e7b57b34d6.CSV,105832,cd670cf67462592805a87d82081f5c69317a5480a30b01949964a2378e61995f
99_history_full_dump_and_superseded_assets\full_source_data_dump\03_source_data_and_tables\1__e7c6cc166f.CSV,110041,7c4b123969745255a8317f69b39883241f78dcb79984f4f36f490cf74931d7b4
99_history_full_dump_and_superseded_assets\full_source_data_dump\03_source_data_and_tables\1__e8b713c5c4.CSV,103729,b3b93631c82f18436d0cefacf9420f2263f9f69bcd7f56ff002935de8c9b0ec6
99_history_full_dump_and_superseded_assets\full_source_data_dump\03_source_data_and_tables\1__e956867fe5.CSV,218691,3bc3b8e4610976801aae3f7e9d148033ef9d0efb0d10a3985ae6f72829a27d68
99_history_full_dump_and_superseded_assets\full_source_data_dump\03_source_data_and_tables\1__e9d85daf25.CSV,159335,9be7be28de78de9fb1a8d3de81aa6f7eb6cc2be3bb4b4fd19c206503a00537e1
99_history_full_dump_and_superseded_assets\full_source_data_dump\03_source_data_and_tables\1__eacc2fb674.CSV,104144,87bb797d462ceac7f20a64ad44310856b298544a7ecebc97500d4f3d7bbd75c7
99_history_full_dump_and_superseded_assets\full_source_data_dump\03_source_data_and_tables\1__edf8f3f52a.CSV,98749,bc70aa873ef5dac60ae25775f301bfc4225dddd0ae0ad8d9bfbd10b9a23cad00
99_history_full_dump_and_superseded_assets\full_source_data_dump\03_source_data_and_tables\1__ef7deacb98.CSV,108236,5e321172d3ef01052704f207552031fbe1a55d34e8dc98055b3ac20b214960c1
99_history_full_dump_and_superseded_assets\full_source_data_dump\03_source_data_and_tables\1__f26f30172b.CSV,163868,644cfd1a555dd334e7eeb4675c164ef27ad269365db27878b0a0a3e5275060fc
99_history_full_dump_and_superseded_assets\full_source_data_dump\03_source_data_and_tables\1__f2c72be4e3.CSV,108236,5e321172d3ef01052704f207552031fbe1a55d34e8dc98055b3ac20b214960c1
99_history_full_dump_and_superseded_assets\full_source_data_dump\03_source_data_and_tables\1__f47077723c.CSV,113758,defd49ab33bca691d292112f507ca411f92401bfd83ae2bd1c4f6037e6aba17f
99_history_full_dump_and_superseded_assets\full_source_data_dump\03_source_data_and_tables\1__f711bec016.CSV,86789,befeb6284d64fdcaf9b2d3dfe03135830803b2b1808dd15a6833f379246758a9
99_history_full_dump_and_superseded_assets\full_source_data_dump\03_source_data_and_tables\1__f94d51d27f.CSV,165945,08ac1de553ce76c2a7a933cb839725748ca7ca756d74a27c44a118f56c3b07cc
99_history_full_dump_and_superseded_assets\full_source_data_dump\03_source_data_and_tables\1__f978235104.CSV,159335,9be7be28de78de9fb1a8d3de81aa6f7eb6cc2be3bb4b4fd19c206503a00537e1
99_history_full_dump_and_superseded_assets\full_source_data_dump\03_source_data_and_tables\1__f9af6ff373.CSV,100398,20dccc86ddba5e2fef88807998586f39614e5fe2e3920ae95dd55260b3251873
99_history_full_dump_and_superseded_assets\full_source_data_dump\03_source_data_and_tables\1__fc129f331c.CSV,121523,ee5e94e647c8c6b4162c84c69d8915a76a09340341ddb23706cf839b227e4312
99_history_full_dump_and_superseded_assets\full_source_data_dump\03_source_data_and_tables\1__fc3058857a.CSV,113758,defd49ab33bca691d292112f507ca411f92401bfd83ae2bd1c4f6037e6aba17f
99_history_full_dump_and_superseded_assets\full_source_data_dump\03_source_data_and_tables\1__fcc73c3d14.CSV,121523,ee5e94e647c8c6b4162c84c69d8915a76a09340341ddb23706cf839b227e4312
99_history_full_dump_and_superseded_assets\full_source_data_dump\03_source_data_and_tables\1__fdfc30098d.CSV,86789,befeb6284d64fdcaf9b2d3dfe03135830803b2b1808dd15a6833f379246758a9
99_history_full_dump_and_superseded_assets\full_source_data_dump\03_source_data_and_tables\1__fee722e605.CSV,263166,51f6688014cdcfa105e080c2251af17c04ab8121f44d4f83203c79bb134c4063
99_history_full_dump_and_superseded_assets\full_source_data_dump\03_source_data_and_tables\1__ff0c151d3f.CSV,105832,cd670cf67462592805a87d82081f5c69317a5480a30b01949964a2378e61995f
99_history_full_dump_and_superseded_assets\full_source_data_dump\03_source_data_and_tables\2__02569ed00e.CSV,102225,e74d32514429fd6c0d281670b4d9c08e67752efb68426e4e237405c2d78be2bf
99_history_full_dump_and_superseded_assets\full_source_data_dump\03_source_data_and_tables\2__0afd0ef94e.CSV,125934,1cafd0e6ecb92a370f3c41049f53f064fc821bb3e1e7c03d2a0dcbbd478eae1f
99_history_full_dump_and_superseded_assets\full_source_data_dump\03_source_data_and_tables\2__0c6efd63e7.CSV,83448,2d7fefea5f7a2452ad916f01ad0b22b169db0217999ae565215e919107f7564e
99_history_full_dump_and_superseded_assets\full_source_data_dump\03_source_data_and_tables\2__0cc1446d24.CSV,104086,8b693659b722237a8dfdd033fc96f395075919dedef851c88cfda9dff3598da7
99_history_full_dump_and_superseded_assets\full_source_data_dump\03_source_data_and_tables\2__0d0c25676d.CSV,218019,3952dd8f42cddbce4c219fafaae5c598226e92631a6d45bd60ee480b696b26fc
99_history_full_dump_and_superseded_assets\full_source_data_dump\03_source_data_and_tables\2__0f7bc50430.CSV,125934,1cafd0e6ecb92a370f3c41049f53f064fc821bb3e1e7c03d2a0dcbbd478eae1f
99_history_full_dump_and_superseded_assets\full_source_data_dump\03_source_data_and_tables\2__0f90c3a001.CSV,306085,210814627a93e258c1d1935f9f0289ea0f49bd003b03b137339847ef4a8d2396
99_history_full_dump_and_superseded_assets\full_source_data_dump\03_source_data_and_tables\2__10b842472b.CSV,104592,4de9c05defc3fcd925209bebfa7f43d7fad8df5ea0f953c6c8dcb05c2c497ea8
99_history_full_dump_and_superseded_assets\full_source_data_dump\03_source_data_and_tables\2__11337dbb61.CSV,1207518,a86c082dc0e71b8de557ba525c1020e2fd3a8d2775e562d99b33177680a209af
99_history_full_dump_and_superseded_assets\full_source_data_dump\03_source_data_and_tables\2__1164bd959b.CSV,429300,71a961bec4869785ef9de2c03080620e311138db8aeefb4b625aa7dfdfde880d
99_history_full_dump_and_superseded_assets\full_source_data_dump\03_source_data_and_tables\2__126996bc09.CSV,116165,1cb82993caa47b724f23540d2ee0c960b123bebd3371eb2617982ac2cb5cac83
99_history_full_dump_and_superseded_assets\full_source_data_dump\03_source_data_and_tables\2__12772bc71f.CSV,163153,ca9691cae126f53f2eaadde729a00446ad3af5c92e6aa7a831a2a2a00b35676a
99_history_full_dump_and_superseded_assets\full_source_data_dump\03_source_data_and_tables\2__1489987b25.CSV,103963,f7e667be1f235a4f0163657bed9a1f3c3741dad2abda51648c09f85fc385446c
99_history_full_dump_and_superseded_assets\full_source_data_dump\03_source_data_and_tables\2__148b433db2.CSV,98017,f1199c2f783114afd51b14fc52d9b1f115e1c9300016ac0cb0a360a0206d9e2b
99_history_full_dump_and_superseded_assets\full_source_data_dump\03_source_data_and_tables\2__15b145008f.CSV,100839,f2fb96ea2f940b7fa2ac9488081a06612ef5c38fabb1bfd70f61dcf2772b1aa6
99_history_full_dump_and_superseded_assets\full_source_data_dump\03_source_data_and_tables\2__15bb953a58.CSV,78995,4a376c5a716b129804b92a228ead97f92d9814984c19ed1213861c7c5e681d5c
99_history_full_dump_and_superseded_assets\full_source_data_dump\03_source_data_and_tables\2__18814fcd94.CSV,165200,fc7eb71a6cdb5c5ddbc74b6bfc2ed3a66731ca8d7c4377b9a6672b5b95ebe483
99_history_full_dump_and_superseded_assets\full_source_data_dump\03_source_data_and_tables\2__18855a24d1.CSV,681236,f36e389518b290478435484734df6c47985a34939e23212d0f8eb6f5be575281
99_history_full_dump_and_superseded_assets\full_source_data_dump\03_source_data_and_tables\2__1a09923be1.CSV,103963,f7e667be1f235a4f0163657bed9a1f3c3741dad2abda51648c09f85fc385446c
99_history_full_dump_and_superseded_assets\full_source_data_dump\03_source_data_and_tables\2__1c66fb40d5.CSV,102225,e74d32514429fd6c0d281670b4d9c08e67752efb68426e4e237405c2d78be2bf
99_history_full_dump_and_superseded_assets\full_source_data_dump\03_source_data_and_tables\2__1c8ae5e425.CSV,103501,baa6e6075bcfa8ff0836d49afca48d8b17d73046b3ba1e48b5c219afd4a4b0bd
99_history_full_dump_and_superseded_assets\full_source_data_dump\03_source_data_and_tables\2__1e8b1f314a.CSV,103501,baa6e6075bcfa8ff0836d49afca48d8b17d73046b3ba1e48b5c219afd4a4b0bd
99_history_full_dump_and_superseded_assets\full_source_data_dump\03_source_data_and_tables\2__202aab6fbb.CSV,104623,123760576352a6ae14d85a85a7fd2f5bc8540a14bfd5acfcf91af6675ae09555
99_history_full_dump_and_superseded_assets\full_source_data_dump\03_source_data_and_tables\2__22305f89f8.CSV,167633,a9138b0c4400060480cf3f2434309ab69fb8e1025dc05db2f2e24f645c93bd35
99_history_full_dump_and_superseded_assets\full_source_data_dump\03_source_data_and_tables\2__2384396538.CSV,78995,4a376c5a716b129804b92a228ead97f92d9814984c19ed1213861c7c5e681d5c
99_history_full_dump_and_superseded_assets\full_source_data_dump\03_source_data_and_tables\2__245698928e.CSV,218019,3952dd8f42cddbce4c219fafaae5c598226e92631a6d45bd60ee480b696b26fc
99_history_full_dump_and_superseded_assets\full_source_data_dump\03_source_data_and_tables\2__268f8fb2e7.CSV,100893,e1e8d000c01616b576ee796fb328e26eb70443d47992e28bf70b4d69fc8ab567
99_history_full_dump_and_superseded_assets\full_source_data_dump\03_source_data_and_tables\2__2925cf7b63.CSV,109853,da9e52bb7ac38c911f7cd16740ff255f2c01633b894a4b9b5f1765c47398b9b5
99_history_full_dump_and_superseded_assets\full_source_data_dump\03_source_data_and_tables\2__296c5ebe66.CSV,100893,e1e8d000c01616b576ee796fb328e26eb70443d47992e28bf70b4d69fc8ab567
99_history_full_dump_and_superseded_assets\full_source_data_dump\03_source_data_and_tables\2__2a455e63fa.CSV,425444,40a102a444eceaeee82e32c749a692f9d67acb7766a4d79fa40b94a3acfd777e
99_history_full_dump_and_superseded_assets\full_source_data_dump\03_source_data_and_tables\2__2b903e207f.CSV,104592,4de9c05defc3fcd925209bebfa7f43d7fad8df5ea0f953c6c8dcb05c2c497ea8
99_history_full_dump_and_superseded_assets\full_source_data_dump\03_source_data_and_tables\2__2cf396b2d4.CSV,122765,3885e454d05c5b095028629d2a41930a73433a706494c108d158c71adb9930da
99_history_full_dump_and_superseded_assets\full_source_data_dump\03_source_data_and_tables\2__2d75407297.CSV,66864,63ec44655a07f35484eae65761355791c68ba2a187f7f7a2a14a53a768f5f298
99_history_full_dump_and_superseded_assets\full_source_data_dump\03_source_data_and_tables\2__3099f3540c.CSV,100839,f2fb96ea2f940b7fa2ac9488081a06612ef5c38fabb1bfd70f61dcf2772b1aa6
99_history_full_dump_and_superseded_assets\full_source_data_dump\03_source_data_and_tables\2__30cb403ebf.CSV,112196,a1decc8a2fee76a9fcd0c5a70369085428dcbbb5346cc8b4ab0bfea7d88614f6
99_history_full_dump_and_superseded_assets\full_source_data_dump\03_source_data_and_tables\2__32344cb1eb.CSV,112301,7a90c45a11d8586edb9ac116a6ef520c129601f98031ad45005ca2497b0bf64b
99_history_full_dump_and_superseded_assets\full_source_data_dump\03_source_data_and_tables\2__35c66838d3.CSV,78995,4a376c5a716b129804b92a228ead97f92d9814984c19ed1213861c7c5e681d5c
99_history_full_dump_and_superseded_assets\full_source_data_dump\03_source_data_and_tables\2__3b6f9abb1a.CSV,100681,4ba545d789ee2a2a451fea03bb0ced806bbc9fa1a7e070e3e16421c030712c18
99_history_full_dump_and_superseded_assets\full_source_data_dump\03_source_data_and_tables\2__3bca3b1f51.CSV,94753,36fd519cce3db2d9c12b621d070d2d5015b986be46c3866d94b4a40634ca49e0
99_history_full_dump_and_superseded_assets\full_source_data_dump\03_source_data_and_tables\2__3eddb21b64.CSV,93515,9e9142bf8beb2d0d9250c16d970d1fc192df0da04ad10c917cf2aa7237f94456
99_history_full_dump_and_superseded_assets\full_source_data_dump\03_source_data_and_tables\2__41309ba7e0.CSV,103963,f7e667be1f235a4f0163657bed9a1f3c3741dad2abda51648c09f85fc385446c
99_history_full_dump_and_superseded_assets\full_source_data_dump\03_source_data_and_tables\2__42599fabac.CSV,97096,a08790c5ebd0c3ee70dc3f43e2b7e005bd50955302a7888b3932be29b8686693
99_history_full_dump_and_superseded_assets\full_source_data_dump\03_source_data_and_tables\2__43992c5de8.CSV,100839,f2fb96ea2f940b7fa2ac9488081a06612ef5c38fabb1bfd70f61dcf2772b1aa6
99_history_full_dump_and_superseded_assets\full_source_data_dump\03_source_data_and_tables\2__4421fee4cf.CSV,104623,123760576352a6ae14d85a85a7fd2f5bc8540a14bfd5acfcf91af6675ae09555
99_history_full_dump_and_superseded_assets\full_source_data_dump\03_source_data_and_tables\2__4576a30fce.CSV,218019,3952dd8f42cddbce4c219fafaae5c598226e92631a6d45bd60ee480b696b26fc
99_history_full_dump_and_superseded_assets\full_source_data_dump\03_source_data_and_tables\2__4be8ba8857.CSV,425444,40a102a444eceaeee82e32c749a692f9d67acb7766a4d79fa40b94a3acfd777e
99_history_full_dump_and_superseded_assets\full_source_data_dump\03_source_data_and_tables\2__4e19e42e93.CSV,122765,3885e454d05c5b095028629d2a41930a73433a706494c108d158c71adb9930da
99_history_full_dump_and_superseded_assets\full_source_data_dump\03_source_data_and_tables\2__4e1ccc0043.CSV,100681,4ba545d789ee2a2a451fea03bb0ced806bbc9fa1a7e070e3e16421c030712c18
99_history_full_dump_and_superseded_assets\full_source_data_dump\03_source_data_and_tables\2__4ef3bf6166.CSV,104623,123760576352a6ae14d85a85a7fd2f5bc8540a14bfd5acfcf91af6675ae09555
99_history_full_dump_and_superseded_assets\full_source_data_dump\03_source_data_and_tables\2__4f38d1b86a.CSV,163153,ca9691cae126f53f2eaadde729a00446ad3af5c92e6aa7a831a2a2a00b35676a
99_history_full_dump_and_superseded_assets\full_source_data_dump\03_source_data_and_tables\2__4fc316ebd6.CSV,165200,fc7eb71a6cdb5c5ddbc74b6bfc2ed3a66731ca8d7c4377b9a6672b5b95ebe483
99_history_full_dump_and_superseded_assets\full_source_data_dump\03_source_data_and_tables\2__502dbc12fd.CSV,105345,ac43d3e457bf7e35e302d117d6671613684dafa03bb75dc67dde984c4b26dba6
99_history_full_dump_and_superseded_assets\full_source_data_dump\03_source_data_and_tables\2__5090855cce.CSV,104592,4de9c05defc3fcd925209bebfa7f43d7fad8df5ea0f953c6c8dcb05c2c497ea8
99_history_full_dump_and_superseded_assets\full_source_data_dump\03_source_data_and_tables\2__521b9052c1.CSV,194670,18ce75982ee202d6a6b39b2c5adfb15d3f52c9a6a26136ddac7ac4992e158e1a
99_history_full_dump_and_superseded_assets\full_source_data_dump\03_source_data_and_tables\2__532cbe0b6d.CSV,112196,a1decc8a2fee76a9fcd0c5a70369085428dcbbb5346cc8b4ab0bfea7d88614f6
99_history_full_dump_and_superseded_assets\full_source_data_dump\03_source_data_and_tables\2__53b8fef9a1.CSV,102478,8f311cdfd3d82caa935e2585c251c7b834fbc9287ebc3982770725cb8764091f
99_history_full_dump_and_superseded_assets\full_source_data_dump\03_source_data_and_tables\2__561c15958c.CSV,165200,fc7eb71a6cdb5c5ddbc74b6bfc2ed3a66731ca8d7c4377b9a6672b5b95ebe483
99_history_full_dump_and_superseded_assets\full_source_data_dump\03_source_data_and_tables\2__58a4a7d62f.CSV,108320,56a85481b43f53f6a07a08b6906df5377477178351540d027a1609d89a124f05
99_history_full_dump_and_superseded_assets\full_source_data_dump\03_source_data_and_tables\2__5947ed32d6.CSV,97096,a08790c5ebd0c3ee70dc3f43e2b7e005bd50955302a7888b3932be29b8686693
99_history_full_dump_and_superseded_assets\full_source_data_dump\03_source_data_and_tables\2__5c069cc2a3.CSV,590758,430538a2bccdb2931da75fd3acdd02ea23b305dd2cfd312093b434e6182ceb0b
99_history_full_dump_and_superseded_assets\full_source_data_dump\03_source_data_and_tables\2__5c9e41315b.CSV,105345,ac43d3e457bf7e35e302d117d6671613684dafa03bb75dc67dde984c4b26dba6
99_history_full_dump_and_superseded_assets\full_source_data_dump\03_source_data_and_tables\2__5fa8777e7e.CSV,102478,8f311cdfd3d82caa935e2585c251c7b834fbc9287ebc3982770725cb8764091f
99_history_full_dump_and_superseded_assets\full_source_data_dump\03_source_data_and_tables\2__5fea2c6456.CSV,91984,3a6f5aa855aee54900b634262d0cf7c2a3c765f9f7f89fba5dba1904032eeb08
99_history_full_dump_and_superseded_assets\full_source_data_dump\03_source_data_and_tables\2__6029042277.CSV,163153,ca9691cae126f53f2eaadde729a00446ad3af5c92e6aa7a831a2a2a00b35676a
99_history_full_dump_and_superseded_assets\full_source_data_dump\03_source_data_and_tables\2__60cc1bd60d.CSV,103501,baa6e6075bcfa8ff0836d49afca48d8b17d73046b3ba1e48b5c219afd4a4b0bd
99_history_full_dump_and_superseded_assets\full_source_data_dump\03_source_data_and_tables\2__620c7c370a.CSV,681236,f36e389518b290478435484734df6c47985a34939e23212d0f8eb6f5be575281
99_history_full_dump_and_superseded_assets\full_source_data_dump\03_source_data_and_tables\2__6214854162.CSV,103963,f7e667be1f235a4f0163657bed9a1f3c3741dad2abda51648c09f85fc385446c
99_history_full_dump_and_superseded_assets\full_source_data_dump\03_source_data_and_tables\2__6300395973.CSV,66864,63ec44655a07f35484eae65761355791c68ba2a187f7f7a2a14a53a768f5f298
99_history_full_dump_and_superseded_assets\full_source_data_dump\03_source_data_and_tables\2__63d2879e2a.CSV,94753,36fd519cce3db2d9c12b621d070d2d5015b986be46c3866d94b4a40634ca49e0
99_history_full_dump_and_superseded_assets\full_source_data_dump\03_source_data_and_tables\2__658876c09b.CSV,93992,0817560d2cd19958b83a061ed4af748922dfe8a49c0708fdb8d282974b9ff6fa
99_history_full_dump_and_superseded_assets\full_source_data_dump\03_source_data_and_tables\2__678f05e04f.CSV,89011,0dc7bcd82c25e89f14789dd8bc595ddb9f3ac34b2b303bcb22227b198b1c6c2f
99_history_full_dump_and_superseded_assets\full_source_data_dump\03_source_data_and_tables\2__69508587ae.CSV,425444,40a102a444eceaeee82e32c749a692f9d67acb7766a4d79fa40b94a3acfd777e
99_history_full_dump_and_superseded_assets\full_source_data_dump\03_source_data_and_tables\2__6a6ebad4bb.CSV,167633,a9138b0c4400060480cf3f2434309ab69fb8e1025dc05db2f2e24f645c93bd35
99_history_full_dump_and_superseded_assets\full_source_data_dump\03_source_data_and_tables\2__6ac7b3acf3.CSV,306085,210814627a93e258c1d1935f9f0289ea0f49bd003b03b137339847ef4a8d2396
99_history_full_dump_and_superseded_assets\full_source_data_dump\03_source_data_and_tables\2__6bb7ef53fe.CSV,100893,e1e8d000c01616b576ee796fb328e26eb70443d47992e28bf70b4d69fc8ab567
99_history_full_dump_and_superseded_assets\full_source_data_dump\03_source_data_and_tables\2__6e16b9dd48.CSV,590758,430538a2bccdb2931da75fd3acdd02ea23b305dd2cfd312093b434e6182ceb0b
99_history_full_dump_and_superseded_assets\full_source_data_dump\03_source_data_and_tables\2__6e4786368c.CSV,94753,36fd519cce3db2d9c12b621d070d2d5015b986be46c3866d94b4a40634ca49e0
99_history_full_dump_and_superseded_assets\full_source_data_dump\03_source_data_and_tables\2__706a9de90b.CSV,112301,7a90c45a11d8586edb9ac116a6ef520c129601f98031ad45005ca2497b0bf64b
99_history_full_dump_and_superseded_assets\full_source_data_dump\03_source_data_and_tables\2__779d9d576b.CSV,125934,1cafd0e6ecb92a370f3c41049f53f064fc821bb3e1e7c03d2a0dcbbd478eae1f
99_history_full_dump_and_superseded_assets\full_source_data_dump\03_source_data_and_tables\2__78d0fe70cc.CSV,100839,f2fb96ea2f940b7fa2ac9488081a06612ef5c38fabb1bfd70f61dcf2772b1aa6
99_history_full_dump_and_superseded_assets\full_source_data_dump\03_source_data_and_tables\2__7b534c9259.CSV,103501,baa6e6075bcfa8ff0836d49afca48d8b17d73046b3ba1e48b5c219afd4a4b0bd
99_history_full_dump_and_superseded_assets\full_source_data_dump\03_source_data_and_tables\2__7c882902b2.CSV,116165,1cb82993caa47b724f23540d2ee0c960b123bebd3371eb2617982ac2cb5cac83
99_history_full_dump_and_superseded_assets\full_source_data_dump\03_source_data_and_tables\2__7e17027c24.CSV,91984,3a6f5aa855aee54900b634262d0cf7c2a3c765f9f7f89fba5dba1904032eeb08
99_history_full_dump_and_superseded_assets\full_source_data_dump\03_source_data_and_tables\2__80464919f3.CSV,163153,ca9691cae126f53f2eaadde729a00446ad3af5c92e6aa7a831a2a2a00b35676a
99_history_full_dump_and_superseded_assets\full_source_data_dump\03_source_data_and_tables\2__811834220d.CSV,218019,3952dd8f42cddbce4c219fafaae5c598226e92631a6d45bd60ee480b696b26fc
99_history_full_dump_and_superseded_assets\full_source_data_dump\03_source_data_and_tables\2__83fffeb9b5.CSV,104086,8b693659b722237a8dfdd033fc96f395075919dedef851c88cfda9dff3598da7
99_history_full_dump_and_superseded_assets\full_source_data_dump\03_source_data_and_tables\2__8a371c947e.CSV,104086,8b693659b722237a8dfdd033fc96f395075919dedef851c88cfda9dff3598da7
99_history_full_dump_and_superseded_assets\full_source_data_dump\03_source_data_and_tables\2__8afb5f9ef8.CSV,102225,e74d32514429fd6c0d281670b4d9c08e67752efb68426e4e237405c2d78be2bf
99_history_full_dump_and_superseded_assets\full_source_data_dump\03_source_data_and_tables\2__8ca93aa26c.CSV,279553,663d250544bc22dba54b26e969af91dd1d138b7047ea68bedaef25ba0eb6e6f7
99_history_full_dump_and_superseded_assets\full_source_data_dump\03_source_data_and_tables\2__8d99d62b5e.CSV,125934,1cafd0e6ecb92a370f3c41049f53f064fc821bb3e1e7c03d2a0dcbbd478eae1f
99_history_full_dump_and_superseded_assets\full_source_data_dump\03_source_data_and_tables\2__8eb0ed9507.CSV,279553,663d250544bc22dba54b26e969af91dd1d138b7047ea68bedaef25ba0eb6e6f7
99_history_full_dump_and_superseded_assets\full_source_data_dump\03_source_data_and_tables\2__906df40dec.CSV,102478,8f311cdfd3d82caa935e2585c251c7b834fbc9287ebc3982770725cb8764091f
99_history_full_dump_and_superseded_assets\full_source_data_dump\03_source_data_and_tables\2__90a8218f3a.CSV,105345,ac43d3e457bf7e35e302d117d6671613684dafa03bb75dc67dde984c4b26dba6
99_history_full_dump_and_superseded_assets\full_source_data_dump\03_source_data_and_tables\2__90e5b446b8.CSV,66864,63ec44655a07f35484eae65761355791c68ba2a187f7f7a2a14a53a768f5f298
99_history_full_dump_and_superseded_assets\full_source_data_dump\03_source_data_and_tables\2__91d108c964.CSV,102478,8f311cdfd3d82caa935e2585c251c7b834fbc9287ebc3982770725cb8764091f
99_history_full_dump_and_superseded_assets\full_source_data_dump\03_source_data_and_tables\2__9324837477.CSV,112301,7a90c45a11d8586edb9ac116a6ef520c129601f98031ad45005ca2497b0bf64b
99_history_full_dump_and_superseded_assets\full_source_data_dump\03_source_data_and_tables\2__9414512e68.CSV,97096,a08790c5ebd0c3ee70dc3f43e2b7e005bd50955302a7888b3932be29b8686693
99_history_full_dump_and_superseded_assets\full_source_data_dump\03_source_data_and_tables\2__944a721d63.CSV,66864,63ec44655a07f35484eae65761355791c68ba2a187f7f7a2a14a53a768f5f298
99_history_full_dump_and_superseded_assets\full_source_data_dump\03_source_data_and_tables\2__94ad7c2d53.CSV,100681,4ba545d789ee2a2a451fea03bb0ced806bbc9fa1a7e070e3e16421c030712c18
99_history_full_dump_and_superseded_assets\full_source_data_dump\03_source_data_and_tables\2__97a8392f2d.CSV,93515,9e9142bf8beb2d0d9250c16d970d1fc192df0da04ad10c917cf2aa7237f94456
99_history_full_dump_and_superseded_assets\full_source_data_dump\03_source_data_and_tables\2__9c075f7dd6.CSV,93515,9e9142bf8beb2d0d9250c16d970d1fc192df0da04ad10c917cf2aa7237f94456
99_history_full_dump_and_superseded_assets\full_source_data_dump\03_source_data_and_tables\2__9c38e23210.CSV,425444,40a102a444eceaeee82e32c749a692f9d67acb7766a4d79fa40b94a3acfd777e
99_history_full_dump_and_superseded_assets\full_source_data_dump\03_source_data_and_tables\2__9d7d15cc88.CSV,89011,0dc7bcd82c25e89f14789dd8bc595ddb9f3ac34b2b303bcb22227b198b1c6c2f
99_history_full_dump_and_superseded_assets\full_source_data_dump\03_source_data_and_tables\2__9e1cf2e28d.CSV,108320,56a85481b43f53f6a07a08b6906df5377477178351540d027a1609d89a124f05
99_history_full_dump_and_superseded_assets\full_source_data_dump\03_source_data_and_tables\2__9ff77ec2cc.CSV,116165,1cb82993caa47b724f23540d2ee0c960b123bebd3371eb2617982ac2cb5cac83
99_history_full_dump_and_superseded_assets\full_source_data_dump\03_source_data_and_tables\2__a060842148.CSV,89011,0dc7bcd82c25e89f14789dd8bc595ddb9f3ac34b2b303bcb22227b198b1c6c2f
99_history_full_dump_and_superseded_assets\full_source_data_dump\03_source_data_and_tables\2__a0cb025490.CSV,91984,3a6f5aa855aee54900b634262d0cf7c2a3c765f9f7f89fba5dba1904032eeb08
99_history_full_dump_and_superseded_assets\full_source_data_dump\03_source_data_and_tables\2__a16e8c6fdc.CSV,105345,ac43d3e457bf7e35e302d117d6671613684dafa03bb75dc67dde984c4b26dba6
99_history_full_dump_and_superseded_assets\full_source_data_dump\03_source_data_and_tables\2__a3aeb2e0b8.CSV,122765,3885e454d05c5b095028629d2a41930a73433a706494c108d158c71adb9930da
99_history_full_dump_and_superseded_assets\full_source_data_dump\03_source_data_and_tables\2__a3baf99bb2.CSV,167633,a9138b0c4400060480cf3f2434309ab69fb8e1025dc05db2f2e24f645c93bd35
99_history_full_dump_and_superseded_assets\full_source_data_dump\03_source_data_and_tables\2__a4718b1607.CSV,279553,663d250544bc22dba54b26e969af91dd1d138b7047ea68bedaef25ba0eb6e6f7
99_history_full_dump_and_superseded_assets\full_source_data_dump\03_source_data_and_tables\2__a6ff832d30.CSV,1207518,a86c082dc0e71b8de557ba525c1020e2fd3a8d2775e562d99b33177680a209af
99_history_full_dump_and_superseded_assets\full_source_data_dump\03_source_data_and_tables\2__a745059bb6.CSV,590758,430538a2bccdb2931da75fd3acdd02ea23b305dd2cfd312093b434e6182ceb0b
99_history_full_dump_and_superseded_assets\full_source_data_dump\03_source_data_and_tables\2__a8b82f9604.CSV,165377,c282e02635a1bb4ecfc90bfad42748b5448538eb64eae16f38ad14fce3473c9d
99_history_full_dump_and_superseded_assets\full_source_data_dump\03_source_data_and_tables\2__aa2fcfba06.CSV,429300,71a961bec4869785ef9de2c03080620e311138db8aeefb4b625aa7dfdfde880d
99_history_full_dump_and_superseded_assets\full_source_data_dump\03_source_data_and_tables\2__aca5c63e6a.CSV,681236,f36e389518b290478435484734df6c47985a34939e23212d0f8eb6f5be575281
99_history_full_dump_and_superseded_assets\full_source_data_dump\03_source_data_and_tables\2__aca65d6189.CSV,194670,18ce75982ee202d6a6b39b2c5adfb15d3f52c9a6a26136ddac7ac4992e158e1a
99_history_full_dump_and_superseded_assets\full_source_data_dump\03_source_data_and_tables\2__ad9e6f66a6.CSV,98017,f1199c2f783114afd51b14fc52d9b1f115e1c9300016ac0cb0a360a0206d9e2b
99_history_full_dump_and_superseded_assets\full_source_data_dump\03_source_data_and_tables\2__ada87c0a62.CSV,98017,f1199c2f783114afd51b14fc52d9b1f115e1c9300016ac0cb0a360a0206d9e2b
99_history_full_dump_and_superseded_assets\full_source_data_dump\03_source_data_and_tables\2__af7929d305.CSV,112196,a1decc8a2fee76a9fcd0c5a70369085428dcbbb5346cc8b4ab0bfea7d88614f6
99_history_full_dump_and_superseded_assets\full_source_data_dump\03_source_data_and_tables\2__b2c996114f.CSV,104592,4de9c05defc3fcd925209bebfa7f43d7fad8df5ea0f953c6c8dcb05c2c497ea8
99_history_full_dump_and_superseded_assets\full_source_data_dump\03_source_data_and_tables\2__b40b92342f.CSV,104086,8b693659b722237a8dfdd033fc96f395075919dedef851c88cfda9dff3598da7
99_history_full_dump_and_superseded_assets\full_source_data_dump\03_source_data_and_tables\2__b4cd9904d0.CSV,194670,18ce75982ee202d6a6b39b2c5adfb15d3f52c9a6a26136ddac7ac4992e158e1a
99_history_full_dump_and_superseded_assets\full_source_data_dump\03_source_data_and_tables\2__b55aec085a.CSV,78995,4a376c5a716b129804b92a228ead97f92d9814984c19ed1213861c7c5e681d5c
99_history_full_dump_and_superseded_assets\full_source_data_dump\03_source_data_and_tables\2__b5a029c0b4.CSV,165377,c282e02635a1bb4ecfc90bfad42748b5448538eb64eae16f38ad14fce3473c9d
99_history_full_dump_and_superseded_assets\full_source_data_dump\03_source_data_and_tables\2__b6fa296774.CSV,98017,f1199c2f783114afd51b14fc52d9b1f115e1c9300016ac0cb0a360a0206d9e2b
99_history_full_dump_and_superseded_assets\full_source_data_dump\03_source_data_and_tables\2__b749f28596.CSV,108320,56a85481b43f53f6a07a08b6906df5377477178351540d027a1609d89a124f05
99_history_full_dump_and_superseded_assets\full_source_data_dump\03_source_data_and_tables\2__b74c012afd.CSV,590758,430538a2bccdb2931da75fd3acdd02ea23b305dd2cfd312093b434e6182ceb0b
99_history_full_dump_and_superseded_assets\full_source_data_dump\03_source_data_and_tables\2__b76c251918.CSV,83448,2d7fefea5f7a2452ad916f01ad0b22b169db0217999ae565215e919107f7564e
99_history_full_dump_and_superseded_assets\full_source_data_dump\03_source_data_and_tables\2__b8af63ec0e.CSV,97280,46132b3a0760847cc14f4db66e7e1e0bcf199f53596292f4ea6c3d58a692849b
99_history_full_dump_and_superseded_assets\full_source_data_dump\03_source_data_and_tables\2__bc84e3f3bd.CSV,429300,71a961bec4869785ef9de2c03080620e311138db8aeefb4b625aa7dfdfde880d
99_history_full_dump_and_superseded_assets\full_source_data_dump\03_source_data_and_tables\2__bdf0a21913.CSV,306085,210814627a93e258c1d1935f9f0289ea0f49bd003b03b137339847ef4a8d2396
99_history_full_dump_and_superseded_assets\full_source_data_dump\03_source_data_and_tables\2__c0148a9d4c.CSV,116165,1cb82993caa47b724f23540d2ee0c960b123bebd3371eb2617982ac2cb5cac83
99_history_full_dump_and_superseded_assets\full_source_data_dump\03_source_data_and_tables\2__c1e3becf56.CSV,108320,56a85481b43f53f6a07a08b6906df5377477178351540d027a1609d89a124f05
99_history_full_dump_and_superseded_assets\full_source_data_dump\03_source_data_and_tables\2__c5caffe3a5.CSV,112301,7a90c45a11d8586edb9ac116a6ef520c129601f98031ad45005ca2497b0bf64b
99_history_full_dump_and_superseded_assets\full_source_data_dump\03_source_data_and_tables\2__c7246a8e94.CSV,93992,0817560d2cd19958b83a061ed4af748922dfe8a49c0708fdb8d282974b9ff6fa
99_history_full_dump_and_superseded_assets\full_source_data_dump\03_source_data_and_tables\2__c8831ad88c.CSV,109853,da9e52bb7ac38c911f7cd16740ff255f2c01633b894a4b9b5f1765c47398b9b5
99_history_full_dump_and_superseded_assets\full_source_data_dump\03_source_data_and_tables\2__ca5f5ee4b6.CSV,681236,f36e389518b290478435484734df6c47985a34939e23212d0f8eb6f5be575281
99_history_full_dump_and_superseded_assets\full_source_data_dump\03_source_data_and_tables\2__cf2d876b38.CSV,165200,fc7eb71a6cdb5c5ddbc74b6bfc2ed3a66731ca8d7c4377b9a6672b5b95ebe483
99_history_full_dump_and_superseded_assets\full_source_data_dump\03_source_data_and_tables\2__cf8af44841.CSV,167633,a9138b0c4400060480cf3f2434309ab69fb8e1025dc05db2f2e24f645c93bd35
99_history_full_dump_and_superseded_assets\full_source_data_dump\03_source_data_and_tables\2__d2dfd0d4f1.CSV,94753,36fd519cce3db2d9c12b621d070d2d5015b986be46c3866d94b4a40634ca49e0
99_history_full_dump_and_superseded_assets\full_source_data_dump\03_source_data_and_tables\2__d480981936.CSV,122765,3885e454d05c5b095028629d2a41930a73433a706494c108d158c71adb9930da
99_history_full_dump_and_superseded_assets\full_source_data_dump\03_source_data_and_tables\2__d6741c7fd4.CSV,1207518,a86c082dc0e71b8de557ba525c1020e2fd3a8d2775e562d99b33177680a209af
99_history_full_dump_and_superseded_assets\full_source_data_dump\03_source_data_and_tables\2__d6fb084d08.CSV,165377,c282e02635a1bb4ecfc90bfad42748b5448538eb64eae16f38ad14fce3473c9d
99_history_full_dump_and_superseded_assets\full_source_data_dump\03_source_data_and_tables\2__d81f6c0554.CSV,306085,210814627a93e258c1d1935f9f0289ea0f49bd003b03b137339847ef4a8d2396
99_history_full_dump_and_superseded_assets\full_source_data_dump\03_source_data_and_tables\2__db61dfde44.CSV,97280,46132b3a0760847cc14f4db66e7e1e0bcf199f53596292f4ea6c3d58a692849b
99_history_full_dump_and_superseded_assets\full_source_data_dump\03_source_data_and_tables\2__dc10449a79.CSV,109853,da9e52bb7ac38c911f7cd16740ff255f2c01633b894a4b9b5f1765c47398b9b5
99_history_full_dump_and_superseded_assets\full_source_data_dump\03_source_data_and_tables\2__deec1ac718.CSV,112196,a1decc8a2fee76a9fcd0c5a70369085428dcbbb5346cc8b4ab0bfea7d88614f6
99_history_full_dump_and_superseded_assets\full_source_data_dump\03_source_data_and_tables\2__e5077c22e2.CSV,100893,e1e8d000c01616b576ee796fb328e26eb70443d47992e28bf70b4d69fc8ab567
99_history_full_dump_and_superseded_assets\full_source_data_dump\03_source_data_and_tables\2__e543b26808.CSV,429300,71a961bec4869785ef9de2c03080620e311138db8aeefb4b625aa7dfdfde880d
99_history_full_dump_and_superseded_assets\full_source_data_dump\03_source_data_and_tables\2__e9958b1762.CSV,100681,4ba545d789ee2a2a451fea03bb0ced806bbc9fa1a7e070e3e16421c030712c18
99_history_full_dump_and_superseded_assets\full_source_data_dump\03_source_data_and_tables\2__ec357a1367.CSV,97280,46132b3a0760847cc14f4db66e7e1e0bcf199f53596292f4ea6c3d58a692849b
99_history_full_dump_and_superseded_assets\full_source_data_dump\03_source_data_and_tables\2__ed7c69e69c.CSV,109853,da9e52bb7ac38c911f7cd16740ff255f2c01633b894a4b9b5f1765c47398b9b5
99_history_full_dump_and_superseded_assets\full_source_data_dump\03_source_data_and_tables\2__eef2643203.CSV,93992,0817560d2cd19958b83a061ed4af748922dfe8a49c0708fdb8d282974b9ff6fa
99_history_full_dump_and_superseded_assets\full_source_data_dump\03_source_data_and_tables\2__ef3617d633.CSV,93992,0817560d2cd19958b83a061ed4af748922dfe8a49c0708fdb8d282974b9ff6fa
99_history_full_dump_and_superseded_assets\full_source_data_dump\03_source_data_and_tables\2__f34c3178ee.CSV,93515,9e9142bf8beb2d0d9250c16d970d1fc192df0da04ad10c917cf2aa7237f94456
99_history_full_dump_and_superseded_assets\full_source_data_dump\03_source_data_and_tables\2__f439152876.CSV,104623,123760576352a6ae14d85a85a7fd2f5bc8540a14bfd5acfcf91af6675ae09555
99_history_full_dump_and_superseded_assets\full_source_data_dump\03_source_data_and_tables\2__f46c493a2e.CSV,102225,e74d32514429fd6c0d281670b4d9c08e67752efb68426e4e237405c2d78be2bf
99_history_full_dump_and_superseded_assets\full_source_data_dump\03_source_data_and_tables\2__f52e073d92.CSV,279553,663d250544bc22dba54b26e969af91dd1d138b7047ea68bedaef25ba0eb6e6f7
99_history_full_dump_and_superseded_assets\full_source_data_dump\03_source_data_and_tables\2__f6869030c5.CSV,91984,3a6f5aa855aee54900b634262d0cf7c2a3c765f9f7f89fba5dba1904032eeb08
99_history_full_dump_and_superseded_assets\full_source_data_dump\03_source_data_and_tables\2__f6dbe1ee60.CSV,165377,c282e02635a1bb4ecfc90bfad42748b5448538eb64eae16f38ad14fce3473c9d
99_history_full_dump_and_superseded_assets\full_source_data_dump\03_source_data_and_tables\2__f8d3a6c204.CSV,83448,2d7fefea5f7a2452ad916f01ad0b22b169db0217999ae565215e919107f7564e
99_history_full_dump_and_superseded_assets\full_source_data_dump\03_source_data_and_tables\2__f8e67410f2.CSV,194670,18ce75982ee202d6a6b39b2c5adfb15d3f52c9a6a26136ddac7ac4992e158e1a
99_history_full_dump_and_superseded_assets\full_source_data_dump\03_source_data_and_tables\2__fba9e9b274.CSV,83448,2d7fefea5f7a2452ad916f01ad0b22b169db0217999ae565215e919107f7564e
99_history_full_dump_and_superseded_assets\full_source_data_dump\03_source_data_and_tables\2__fbca3b089d.CSV,1207518,a86c082dc0e71b8de557ba525c1020e2fd3a8d2775e562d99b33177680a209af
99_history_full_dump_and_superseded_assets\full_source_data_dump\03_source_data_and_tables\2__fd5b3a392b.CSV,97280,46132b3a0760847cc14f4db66e7e1e0bcf199f53596292f4ea6c3d58a692849b
99_history_full_dump_and_superseded_assets\full_source_data_dump\03_source_data_and_tables\2__fe5637c278.CSV,97096,a08790c5ebd0c3ee70dc3f43e2b7e005bd50955302a7888b3932be29b8686693
99_history_full_dump_and_superseded_assets\full_source_data_dump\03_source_data_and_tables\2__ffde3d9f8c.CSV,89011,0dc7bcd82c25e89f14789dd8bc595ddb9f3ac34b2b303bcb22227b198b1c6c2f
99_history_full_dump_and_superseded_assets\full_source_data_dump\03_source_data_and_tables\3__012ac0882a.CSV,150343,0873e03f74049fbcc64365a9836165adb847deea651437dc0a6ea722f046a809
99_history_full_dump_and_superseded_assets\full_source_data_dump\03_source_data_and_tables\3__02f62f9ae0.CSV,110496,0d939bfa1cbccd493edd0799b0f83ba41c78fa525ab32cf144e62c0d23b85b7d
99_history_full_dump_and_superseded_assets\full_source_data_dump\03_source_data_and_tables\3__03743e4c4b.CSV,85354,25d1f72aab7017dd4fd087ca136e59d23438dd35269dcdf17c80c104cd3a764f
99_history_full_dump_and_superseded_assets\full_source_data_dump\03_source_data_and_tables\3__07179f00bc.CSV,102617,4a5005c5065e3d5354163e2962516f057804d49a3d0367e853e7b8f9a31de181
99_history_full_dump_and_superseded_assets\full_source_data_dump\03_source_data_and_tables\3__072970b0e0.CSV,95400,b873a18dedba1a995b9d35de0129787653f21cd75cde2a4efc1268c827323f1d
99_history_full_dump_and_superseded_assets\full_source_data_dump\03_source_data_and_tables\3__0752652e90.CSV,90287,5e511ebe97c5d35094b3f7d2e34d9ec84bb4f03c9bacca7f4aa1ac879133405e
99_history_full_dump_and_superseded_assets\full_source_data_dump\03_source_data_and_tables\3__08b63e4f76.CSV,174761,37b0c20b0bca5d25dfc9530ec851026833a04b5afc5d933fe4659ca0e3fabbbd
99_history_full_dump_and_superseded_assets\full_source_data_dump\03_source_data_and_tables\3__0c7c2eea56.CSV,136113,63d32aa79e298ac555157c42d36c5e1d49e0466c4422f1db3c26ceffc0486017
99_history_full_dump_and_superseded_assets\full_source_data_dump\03_source_data_and_tables\3__12d590f027.CSV,484197,3a054bda4e36833c5919f68b702577600ad34c0ac09e6d4ed90d043f71b0f679
99_history_full_dump_and_superseded_assets\full_source_data_dump\03_source_data_and_tables\3__13a705dff0.CSV,110496,0d939bfa1cbccd493edd0799b0f83ba41c78fa525ab32cf144e62c0d23b85b7d
99_history_full_dump_and_superseded_assets\full_source_data_dump\03_source_data_and_tables\3__13aeaab1d0.CSV,136113,63d32aa79e298ac555157c42d36c5e1d49e0466c4422f1db3c26ceffc0486017
99_history_full_dump_and_superseded_assets\full_source_data_dump\03_source_data_and_tables\3__1437069f9f.CSV,109472,769a137a13d272a8572ed70f1378c23baca8dd94bbb103703083902ec8da846e
99_history_full_dump_and_superseded_assets\full_source_data_dump\03_source_data_and_tables\3__154421d486.CSV,80318,f35f2858d61161a34f56f3b4a04beb2c5d6b809e9d91e2b58d476a0063ce0e15
99_history_full_dump_and_superseded_assets\full_source_data_dump\03_source_data_and_tables\3__179f6828a0.CSV,102679,aae5fc27122cb1b28705037edf99b129ef4b123c2e69cdf17dfab9090e217fc5
99_history_full_dump_and_superseded_assets\full_source_data_dump\03_source_data_and_tables\3__1a3e9ad09f.CSV,93300,258ca57f536bf1daf18f104a78ae2e7a26a0ecb1311f788e5aa8513ed933f3bc
99_history_full_dump_and_superseded_assets\full_source_data_dump\03_source_data_and_tables\3__1abcb9c0b3.CSV,93300,258ca57f536bf1daf18f104a78ae2e7a26a0ecb1311f788e5aa8513ed933f3bc
99_history_full_dump_and_superseded_assets\full_source_data_dump\03_source_data_and_tables\3__1b02cf51b7.CSV,183060,b16879ae3b2cc9d1f766f846632b48361b1aa3621ec0d7255844e99bedb79f8d
99_history_full_dump_and_superseded_assets\full_source_data_dump\03_source_data_and_tables\3__1cf98742bf.CSV,102617,4a5005c5065e3d5354163e2962516f057804d49a3d0367e853e7b8f9a31de181
99_history_full_dump_and_superseded_assets\full_source_data_dump\03_source_data_and_tables\3__1dc7248fbc.CSV,108302,ea34c9c37afab897ff1e0d1711475da26199bf70a0d184a4c044772e8f411722
99_history_full_dump_and_superseded_assets\full_source_data_dump\03_source_data_and_tables\3__1f77dc079f.CSV,96018,559638a7b38d5fd11a44bf7c9c27795cf4f9e6182a13b1de2797c09312197009
99_history_full_dump_and_superseded_assets\full_source_data_dump\03_source_data_and_tables\3__2034ade5e3.CSV,95084,faa8bedbe720d82becceb5765a5d3252dea053ab9bf9c26789e99a90375c5e57
99_history_full_dump_and_superseded_assets\full_source_data_dump\03_source_data_and_tables\3__22761f9a07.CSV,80318,f35f2858d61161a34f56f3b4a04beb2c5d6b809e9d91e2b58d476a0063ce0e15
99_history_full_dump_and_superseded_assets\full_source_data_dump\03_source_data_and_tables\3__2300304ec9.CSV,484197,3a054bda4e36833c5919f68b702577600ad34c0ac09e6d4ed90d043f71b0f679
99_history_full_dump_and_superseded_assets\full_source_data_dump\03_source_data_and_tables\3__230fba246b.CSV,86306,127e412a5b8a8dffdad79cda1517dec6545407246f859da161a8fdfad9d73591
99_history_full_dump_and_superseded_assets\full_source_data_dump\03_source_data_and_tables\3__2372cd4762.CSV,109472,769a137a13d272a8572ed70f1378c23baca8dd94bbb103703083902ec8da846e
99_history_full_dump_and_superseded_assets\full_source_data_dump\03_source_data_and_tables\3__24ccc76664.CSV,129107,68eace7d6b9dd6beeb1f9709fe3a3527245989e5d69834fcc20dd37b6ee26a68
99_history_full_dump_and_superseded_assets\full_source_data_dump\03_source_data_and_tables\3__24e5a33415.CSV,308061,3e60dd1cc2effa97cf01065bfbbf21eec4b48d26efbe2ce00aae676182b0dc9a
99_history_full_dump_and_superseded_assets\full_source_data_dump\03_source_data_and_tables\3__24f2339780.CSV,163949,1f29868a235849e46e688efd1a35f5b163ee76d03e8adbb08b0e83500e383594
99_history_full_dump_and_superseded_assets\full_source_data_dump\03_source_data_and_tables\3__29bd0a8c0a.CSV,150343,0873e03f74049fbcc64365a9836165adb847deea651437dc0a6ea722f046a809
99_history_full_dump_and_superseded_assets\full_source_data_dump\03_source_data_and_tables\3__2a41d8b8dd.CSV,150343,0873e03f74049fbcc64365a9836165adb847deea651437dc0a6ea722f046a809
99_history_full_dump_and_superseded_assets\full_source_data_dump\03_source_data_and_tables\3__2ae1edea2e.CSV,110496,0d939bfa1cbccd493edd0799b0f83ba41c78fa525ab32cf144e62c0d23b85b7d
99_history_full_dump_and_superseded_assets\full_source_data_dump\03_source_data_and_tables\3__2b1329d336.CSV,425732,7be7c37b7f573c4489f9f38551ae71fdd517e4d80a507f60f559c212fade98e4
99_history_full_dump_and_superseded_assets\full_source_data_dump\03_source_data_and_tables\3__2b8dd6cee1.CSV,429036,f9593f1a780b3f4594f0406ac3c36f779ec0f75a4666050fa566bb9ce24d5c1c
99_history_full_dump_and_superseded_assets\full_source_data_dump\03_source_data_and_tables\3__2c39f4d145.CSV,113824,b9abab7ef20f532d23f193633d7f087a06690f08cd3cc2bcbfb18b186e6aff58
99_history_full_dump_and_superseded_assets\full_source_data_dump\03_source_data_and_tables\3__2d302c80f6.CSV,74769,7becad2b7efa66f8d7f3918b6899a3a1a10380829c03a942fa19b9f715bd7b12
99_history_full_dump_and_superseded_assets\full_source_data_dump\03_source_data_and_tables\3__2d80334ea1.CSV,429036,f9593f1a780b3f4594f0406ac3c36f779ec0f75a4666050fa566bb9ce24d5c1c
99_history_full_dump_and_superseded_assets\full_source_data_dump\03_source_data_and_tables\3__2d92b4aba3.CSV,429036,f9593f1a780b3f4594f0406ac3c36f779ec0f75a4666050fa566bb9ce24d5c1c
99_history_full_dump_and_superseded_assets\full_source_data_dump\03_source_data_and_tables\3__2e3daa3aad.CSV,87641,83e0a449422f0fd80c65561a197e300939d4bd3249cce14b483f3acc72b619da
99_history_full_dump_and_superseded_assets\full_source_data_dump\03_source_data_and_tables\3__3056f1cb5d.CSV,174761,37b0c20b0bca5d25dfc9530ec851026833a04b5afc5d933fe4659ca0e3fabbbd
99_history_full_dump_and_superseded_assets\full_source_data_dump\03_source_data_and_tables\3__3314477093.CSV,101336,0aaf5a52f9e85d3cc74e284d7ddee4cdff61ba4c38f8aeab46cd3fcfb3a3773e
99_history_full_dump_and_superseded_assets\full_source_data_dump\03_source_data_and_tables\3__333b9f9530.CSV,306066,ddc6bf8dc94039bca36b791dd26aeb3ed3a554a2fc3ca6d06b6e5162a68ded96
99_history_full_dump_and_superseded_assets\full_source_data_dump\03_source_data_and_tables\3__339e8aa401.CSV,86306,127e412a5b8a8dffdad79cda1517dec6545407246f859da161a8fdfad9d73591
99_history_full_dump_and_superseded_assets\full_source_data_dump\03_source_data_and_tables\3__33bc9e8c7c.CSV,80318,f35f2858d61161a34f56f3b4a04beb2c5d6b809e9d91e2b58d476a0063ce0e15
99_history_full_dump_and_superseded_assets\full_source_data_dump\03_source_data_and_tables\3__34ed243eee.CSV,279523,8a21f5007edb781fc5f58563699490f334ca897af6eb08fdf416fa11ae2f13d9
99_history_full_dump_and_superseded_assets\full_source_data_dump\03_source_data_and_tables\3__3790ac9d1d.CSV,114662,de77a1fc46093a8641e2f0858923ef0f1090707e40e7f48a067f4fa67d9f7ef9
99_history_full_dump_and_superseded_assets\full_source_data_dump\03_source_data_and_tables\3__38e14f165a.CSV,139072,909d204432742d47601b9a738d4863595cbfed7f396870e9cc62250555ff154f
99_history_full_dump_and_superseded_assets\full_source_data_dump\03_source_data_and_tables\3__3aad7770d5.CSV,136113,63d32aa79e298ac555157c42d36c5e1d49e0466c4422f1db3c26ceffc0486017
99_history_full_dump_and_superseded_assets\full_source_data_dump\03_source_data_and_tables\3__3ac3289081.CSV,484197,3a054bda4e36833c5919f68b702577600ad34c0ac09e6d4ed90d043f71b0f679
99_history_full_dump_and_superseded_assets\full_source_data_dump\03_source_data_and_tables\3__3d522f4a9b.CSV,114662,de77a1fc46093a8641e2f0858923ef0f1090707e40e7f48a067f4fa67d9f7ef9
99_history_full_dump_and_superseded_assets\full_source_data_dump\03_source_data_and_tables\3__3dadfc553b.CSV,425732,7be7c37b7f573c4489f9f38551ae71fdd517e4d80a507f60f559c212fade98e4
99_history_full_dump_and_superseded_assets\full_source_data_dump\03_source_data_and_tables\3__3e52c40f61.CSV,96018,559638a7b38d5fd11a44bf7c9c27795cf4f9e6182a13b1de2797c09312197009
99_history_full_dump_and_superseded_assets\full_source_data_dump\03_source_data_and_tables\3__3f3c29ec44.CSV,51941,a50e60566f5ae64e5dce8d7e9a2d58793a1d3c83b31beb63d690048fb2ef289f
99_history_full_dump_and_superseded_assets\full_source_data_dump\03_source_data_and_tables\3__406009fe3e.CSV,111992,db877e543c2543b850265ff6a6afc5367283c2d6ad525094e78f64a7efaf9c8a
99_history_full_dump_and_superseded_assets\full_source_data_dump\03_source_data_and_tables\3__42c32f557a.CSV,113624,82becd7231114642a2f80a8dd2c39b36303fe7c883414dd723777c4cfb781a1e
99_history_full_dump_and_superseded_assets\full_source_data_dump\03_source_data_and_tables\3__4341f69c9c.CSV,86306,127e412a5b8a8dffdad79cda1517dec6545407246f859da161a8fdfad9d73591
99_history_full_dump_and_superseded_assets\full_source_data_dump\03_source_data_and_tables\3__43a97be371.CSV,87641,83e0a449422f0fd80c65561a197e300939d4bd3249cce14b483f3acc72b619da
99_history_full_dump_and_superseded_assets\full_source_data_dump\03_source_data_and_tables\3__455e2e4da7.CSV,139072,909d204432742d47601b9a738d4863595cbfed7f396870e9cc62250555ff154f
99_history_full_dump_and_superseded_assets\full_source_data_dump\03_source_data_and_tables\3__457a983a96.CSV,425732,7be7c37b7f573c4489f9f38551ae71fdd517e4d80a507f60f559c212fade98e4
99_history_full_dump_and_superseded_assets\full_source_data_dump\03_source_data_and_tables\3__4688215197.CSV,680934,fd94e2c91ed84dcf3f91b96d1f75bae67cff9ece4fbf2f4f5dc779a8894dadeb
99_history_full_dump_and_superseded_assets\full_source_data_dump\03_source_data_and_tables\3__4727af4942.CSV,86306,127e412a5b8a8dffdad79cda1517dec6545407246f859da161a8fdfad9d73591
99_history_full_dump_and_superseded_assets\full_source_data_dump\03_source_data_and_tables\3__47d97c2d0a.CSV,95400,b873a18dedba1a995b9d35de0129787653f21cd75cde2a4efc1268c827323f1d
99_history_full_dump_and_superseded_assets\full_source_data_dump\03_source_data_and_tables\3__48874c25ef.CSV,183060,b16879ae3b2cc9d1f766f846632b48361b1aa3621ec0d7255844e99bedb79f8d
99_history_full_dump_and_superseded_assets\full_source_data_dump\03_source_data_and_tables\3__488a4e25f6.CSV,80318,f35f2858d61161a34f56f3b4a04beb2c5d6b809e9d91e2b58d476a0063ce0e15
99_history_full_dump_and_superseded_assets\full_source_data_dump\03_source_data_and_tables\3__4a4e6e6888.CSV,680934,fd94e2c91ed84dcf3f91b96d1f75bae67cff9ece4fbf2f4f5dc779a8894dadeb
99_history_full_dump_and_superseded_assets\full_source_data_dump\03_source_data_and_tables\3__4bbada869d.CSV,88659,3ec055a2c7cf9c2e11d53dfdec77f0160e4f777c635cda755bfb5a60e191ef3d
99_history_full_dump_and_superseded_assets\full_source_data_dump\03_source_data_and_tables\3__4cb6007983.CSV,233562,e4e30ef755526cf5be4f164839335abba77a056a0aaf582cff0a3d521413786f
99_history_full_dump_and_superseded_assets\full_source_data_dump\03_source_data_and_tables\3__4cf0652eb4.CSV,171455,9e7e6313ed083c2c11b256706fab3f05c85a050cac707051bba4ba63bbe08ded
99_history_full_dump_and_superseded_assets\full_source_data_dump\03_source_data_and_tables\3__4d68ad1c30.CSV,90287,5e511ebe97c5d35094b3f7d2e34d9ec84bb4f03c9bacca7f4aa1ac879133405e
99_history_full_dump_and_superseded_assets\full_source_data_dump\03_source_data_and_tables\3__51f4d1e587.CSV,174761,37b0c20b0bca5d25dfc9530ec851026833a04b5afc5d933fe4659ca0e3fabbbd
99_history_full_dump_and_superseded_assets\full_source_data_dump\03_source_data_and_tables\3__5227fb82da.CSV,51941,a50e60566f5ae64e5dce8d7e9a2d58793a1d3c83b31beb63d690048fb2ef289f
99_history_full_dump_and_superseded_assets\full_source_data_dump\03_source_data_and_tables\3__5766b0156b.CSV,171455,9e7e6313ed083c2c11b256706fab3f05c85a050cac707051bba4ba63bbe08ded
99_history_full_dump_and_superseded_assets\full_source_data_dump\03_source_data_and_tables\3__5c0ef311ed.CSV,101336,0aaf5a52f9e85d3cc74e284d7ddee4cdff61ba4c38f8aeab46cd3fcfb3a3773e
99_history_full_dump_and_superseded_assets\full_source_data_dump\03_source_data_and_tables\3__5e89090218.CSV,74769,7becad2b7efa66f8d7f3918b6899a3a1a10380829c03a942fa19b9f715bd7b12
99_history_full_dump_and_superseded_assets\full_source_data_dump\03_source_data_and_tables\3__64913d20ec.CSV,85354,25d1f72aab7017dd4fd087ca136e59d23438dd35269dcdf17c80c104cd3a764f
99_history_full_dump_and_superseded_assets\full_source_data_dump\03_source_data_and_tables\3__662754a088.CSV,308061,3e60dd1cc2effa97cf01065bfbbf21eec4b48d26efbe2ce00aae676182b0dc9a
99_history_full_dump_and_superseded_assets\full_source_data_dump\03_source_data_and_tables\3__66982bf17e.CSV,95084,faa8bedbe720d82becceb5765a5d3252dea053ab9bf9c26789e99a90375c5e57
99_history_full_dump_and_superseded_assets\full_source_data_dump\03_source_data_and_tables\3__672649db8d.CSV,1209853,b5ba248502619684b18a29175dab0a5e58de8f3d4efed65483790473db6ca093
99_history_full_dump_and_superseded_assets\full_source_data_dump\03_source_data_and_tables\3__676b1a1449.CSV,88659,3ec055a2c7cf9c2e11d53dfdec77f0160e4f777c635cda755bfb5a60e191ef3d
99_history_full_dump_and_superseded_assets\full_source_data_dump\03_source_data_and_tables\3__679dd3fc0e.CSV,113824,b9abab7ef20f532d23f193633d7f087a06690f08cd3cc2bcbfb18b186e6aff58
99_history_full_dump_and_superseded_assets\full_source_data_dump\03_source_data_and_tables\3__68bc193da8.CSV,93300,258ca57f536bf1daf18f104a78ae2e7a26a0ecb1311f788e5aa8513ed933f3bc
99_history_full_dump_and_superseded_assets\full_source_data_dump\03_source_data_and_tables\3__69751b4159.CSV,96120,6e2f567f7e7b376de3c47f400ab0d628307ea671916a569bfcc11db46acc8dba
99_history_full_dump_and_superseded_assets\full_source_data_dump\03_source_data_and_tables\3__6a9de1c424.CSV,1209853,b5ba248502619684b18a29175dab0a5e58de8f3d4efed65483790473db6ca093
99_history_full_dump_and_superseded_assets\full_source_data_dump\03_source_data_and_tables\3__6e888a706c.CSV,429036,f9593f1a780b3f4594f0406ac3c36f779ec0f75a4666050fa566bb9ce24d5c1c
99_history_full_dump_and_superseded_assets\full_source_data_dump\03_source_data_and_tables\3__6e9d27e227.CSV,163949,1f29868a235849e46e688efd1a35f5b163ee76d03e8adbb08b0e83500e383594
99_history_full_dump_and_superseded_assets\full_source_data_dump\03_source_data_and_tables\3__6f2e93cd6d.CSV,101336,0aaf5a52f9e85d3cc74e284d7ddee4cdff61ba4c38f8aeab46cd3fcfb3a3773e
99_history_full_dump_and_superseded_assets\full_source_data_dump\03_source_data_and_tables\3__73feec668f.CSV,95084,faa8bedbe720d82becceb5765a5d3252dea053ab9bf9c26789e99a90375c5e57
99_history_full_dump_and_superseded_assets\full_source_data_dump\03_source_data_and_tables\3__76409d6de0.CSV,108302,ea34c9c37afab897ff1e0d1711475da26199bf70a0d184a4c044772e8f411722
99_history_full_dump_and_superseded_assets\full_source_data_dump\03_source_data_and_tables\3__771dbde621.CSV,116793,a6276c62972216025e15406b60da2f3d97b1a6dd9df3347c06579c7be6fe7a8b
99_history_full_dump_and_superseded_assets\full_source_data_dump\03_source_data_and_tables\3__77eafab4a7.CSV,101336,0aaf5a52f9e85d3cc74e284d7ddee4cdff61ba4c38f8aeab46cd3fcfb3a3773e
99_history_full_dump_and_superseded_assets\full_source_data_dump\03_source_data_and_tables\3__7a63019cce.CSV,113824,b9abab7ef20f532d23f193633d7f087a06690f08cd3cc2bcbfb18b186e6aff58
99_history_full_dump_and_superseded_assets\full_source_data_dump\03_source_data_and_tables\3__7c1595271e.CSV,88659,3ec055a2c7cf9c2e11d53dfdec77f0160e4f777c635cda755bfb5a60e191ef3d
99_history_full_dump_and_superseded_assets\full_source_data_dump\03_source_data_and_tables\3__7c24358727.CSV,116793,a6276c62972216025e15406b60da2f3d97b1a6dd9df3347c06579c7be6fe7a8b
99_history_full_dump_and_superseded_assets\full_source_data_dump\03_source_data_and_tables\3__7d59ca2cd6.CSV,113624,82becd7231114642a2f80a8dd2c39b36303fe7c883414dd723777c4cfb781a1e
99_history_full_dump_and_superseded_assets\full_source_data_dump\03_source_data_and_tables\3__7dbc73cd80.CSV,233562,e4e30ef755526cf5be4f164839335abba77a056a0aaf582cff0a3d521413786f
99_history_full_dump_and_superseded_assets\full_source_data_dump\03_source_data_and_tables\3__7ffe01776e.CSV,74769,7becad2b7efa66f8d7f3918b6899a3a1a10380829c03a942fa19b9f715bd7b12
99_history_full_dump_and_superseded_assets\full_source_data_dump\03_source_data_and_tables\3__8010468192.CSV,96018,559638a7b38d5fd11a44bf7c9c27795cf4f9e6182a13b1de2797c09312197009
99_history_full_dump_and_superseded_assets\full_source_data_dump\03_source_data_and_tables\3__8153aea4db.CSV,129107,68eace7d6b9dd6beeb1f9709fe3a3527245989e5d69834fcc20dd37b6ee26a68
99_history_full_dump_and_superseded_assets\full_source_data_dump\03_source_data_and_tables\3__84f10cef78.CSV,74769,7becad2b7efa66f8d7f3918b6899a3a1a10380829c03a942fa19b9f715bd7b12
99_history_full_dump_and_superseded_assets\full_source_data_dump\03_source_data_and_tables\3__872b903cbd.CSV,1209853,b5ba248502619684b18a29175dab0a5e58de8f3d4efed65483790473db6ca093
99_history_full_dump_and_superseded_assets\full_source_data_dump\03_source_data_and_tables\3__886adee62a.CSV,279523,8a21f5007edb781fc5f58563699490f334ca897af6eb08fdf416fa11ae2f13d9
99_history_full_dump_and_superseded_assets\full_source_data_dump\03_source_data_and_tables\3__8c5855fdad.CSV,163949,1f29868a235849e46e688efd1a35f5b163ee76d03e8adbb08b0e83500e383594
99_history_full_dump_and_superseded_assets\full_source_data_dump\03_source_data_and_tables\3__937ccfff42.CSV,114662,de77a1fc46093a8641e2f0858923ef0f1090707e40e7f48a067f4fa67d9f7ef9
99_history_full_dump_and_superseded_assets\full_source_data_dump\03_source_data_and_tables\3__93849dd93b.CSV,85354,25d1f72aab7017dd4fd087ca136e59d23438dd35269dcdf17c80c104cd3a764f
99_history_full_dump_and_superseded_assets\full_source_data_dump\03_source_data_and_tables\3__9483b23173.CSV,680934,fd94e2c91ed84dcf3f91b96d1f75bae67cff9ece4fbf2f4f5dc779a8894dadeb
99_history_full_dump_and_superseded_assets\full_source_data_dump\03_source_data_and_tables\3__9484acbc55.CSV,171455,9e7e6313ed083c2c11b256706fab3f05c85a050cac707051bba4ba63bbe08ded
99_history_full_dump_and_superseded_assets\full_source_data_dump\03_source_data_and_tables\3__95e791ce84.CSV,680934,fd94e2c91ed84dcf3f91b96d1f75bae67cff9ece4fbf2f4f5dc779a8894dadeb
99_history_full_dump_and_superseded_assets\full_source_data_dump\03_source_data_and_tables\3__990f2518bf.CSV,306066,ddc6bf8dc94039bca36b791dd26aeb3ed3a554a2fc3ca6d06b6e5162a68ded96
99_history_full_dump_and_superseded_assets\full_source_data_dump\03_source_data_and_tables\3__9c1b3724bb.CSV,96120,6e2f567f7e7b376de3c47f400ab0d628307ea671916a569bfcc11db46acc8dba
99_history_full_dump_and_superseded_assets\full_source_data_dump\03_source_data_and_tables\3__9e2010100f.CSV,306066,ddc6bf8dc94039bca36b791dd26aeb3ed3a554a2fc3ca6d06b6e5162a68ded96
99_history_full_dump_and_superseded_assets\full_source_data_dump\03_source_data_and_tables\3__a321d1a49b.CSV,85354,25d1f72aab7017dd4fd087ca136e59d23438dd35269dcdf17c80c104cd3a764f
99_history_full_dump_and_superseded_assets\full_source_data_dump\03_source_data_and_tables\3__a5695ea3bb.CSV,174761,37b0c20b0bca5d25dfc9530ec851026833a04b5afc5d933fe4659ca0e3fabbbd
99_history_full_dump_and_superseded_assets\full_source_data_dump\03_source_data_and_tables\3__a752cef30d.CSV,111992,db877e543c2543b850265ff6a6afc5367283c2d6ad525094e78f64a7efaf9c8a
99_history_full_dump_and_superseded_assets\full_source_data_dump\03_source_data_and_tables\3__ac3562bffc.CSV,183060,b16879ae3b2cc9d1f766f846632b48361b1aa3621ec0d7255844e99bedb79f8d
99_history_full_dump_and_superseded_assets\full_source_data_dump\03_source_data_and_tables\3__ad25a93ec6.CSV,102617,4a5005c5065e3d5354163e2962516f057804d49a3d0367e853e7b8f9a31de181
99_history_full_dump_and_superseded_assets\full_source_data_dump\03_source_data_and_tables\3__aedaa2044d.CSV,88659,3ec055a2c7cf9c2e11d53dfdec77f0160e4f777c635cda755bfb5a60e191ef3d
99_history_full_dump_and_superseded_assets\full_source_data_dump\03_source_data_and_tables\3__aef94a687f.CSV,102679,aae5fc27122cb1b28705037edf99b129ef4b123c2e69cdf17dfab9090e217fc5
99_history_full_dump_and_superseded_assets\full_source_data_dump\03_source_data_and_tables\3__b003327696.CSV,1209853,b5ba248502619684b18a29175dab0a5e58de8f3d4efed65483790473db6ca093
99_history_full_dump_and_superseded_assets\full_source_data_dump\03_source_data_and_tables\3__b2ac71d5ba.CSV,109472,769a137a13d272a8572ed70f1378c23baca8dd94bbb103703083902ec8da846e
99_history_full_dump_and_superseded_assets\full_source_data_dump\03_source_data_and_tables\3__b475fff950.CSV,111992,db877e543c2543b850265ff6a6afc5367283c2d6ad525094e78f64a7efaf9c8a
99_history_full_dump_and_superseded_assets\full_source_data_dump\03_source_data_and_tables\3__b6fb2432d1.CSV,183060,b16879ae3b2cc9d1f766f846632b48361b1aa3621ec0d7255844e99bedb79f8d
99_history_full_dump_and_superseded_assets\full_source_data_dump\03_source_data_and_tables\3__ba0735769d.CSV,150343,0873e03f74049fbcc64365a9836165adb847deea651437dc0a6ea722f046a809
99_history_full_dump_and_superseded_assets\full_source_data_dump\03_source_data_and_tables\3__bb361424e7.CSV,163949,1f29868a235849e46e688efd1a35f5b163ee76d03e8adbb08b0e83500e383594
99_history_full_dump_and_superseded_assets\full_source_data_dump\03_source_data_and_tables\3__bf2c1c736f.CSV,51941,a50e60566f5ae64e5dce8d7e9a2d58793a1d3c83b31beb63d690048fb2ef289f
99_history_full_dump_and_superseded_assets\full_source_data_dump\03_source_data_and_tables\3__c1b1be25f4.CSV,484197,3a054bda4e36833c5919f68b702577600ad34c0ac09e6d4ed90d043f71b0f679
99_history_full_dump_and_superseded_assets\full_source_data_dump\03_source_data_and_tables\3__c1b732bf31.CSV,90287,5e511ebe97c5d35094b3f7d2e34d9ec84bb4f03c9bacca7f4aa1ac879133405e
99_history_full_dump_and_superseded_assets\full_source_data_dump\03_source_data_and_tables\3__ca201addf0.CSV,102679,aae5fc27122cb1b28705037edf99b129ef4b123c2e69cdf17dfab9090e217fc5
99_history_full_dump_and_superseded_assets\full_source_data_dump\03_source_data_and_tables\3__ca2b03b2b3.CSV,425732,7be7c37b7f573c4489f9f38551ae71fdd517e4d80a507f60f559c212fade98e4
99_history_full_dump_and_superseded_assets\full_source_data_dump\03_source_data_and_tables\3__cba8abb8ba.CSV,308061,3e60dd1cc2effa97cf01065bfbbf21eec4b48d26efbe2ce00aae676182b0dc9a
99_history_full_dump_and_superseded_assets\full_source_data_dump\03_source_data_and_tables\3__cc4bfbae75.CSV,93300,258ca57f536bf1daf18f104a78ae2e7a26a0ecb1311f788e5aa8513ed933f3bc
99_history_full_dump_and_superseded_assets\full_source_data_dump\03_source_data_and_tables\3__cd422e6f21.CSV,279523,8a21f5007edb781fc5f58563699490f334ca897af6eb08fdf416fa11ae2f13d9
99_history_full_dump_and_superseded_assets\full_source_data_dump\03_source_data_and_tables\3__cd8539810c.CSV,136113,63d32aa79e298ac555157c42d36c5e1d49e0466c4422f1db3c26ceffc0486017
99_history_full_dump_and_superseded_assets\full_source_data_dump\03_source_data_and_tables\3__cdeb154c53.CSV,139072,909d204432742d47601b9a738d4863595cbfed7f396870e9cc62250555ff154f
99_history_full_dump_and_superseded_assets\full_source_data_dump\03_source_data_and_tables\3__cecf940cf9.CSV,108302,ea34c9c37afab897ff1e0d1711475da26199bf70a0d184a4c044772e8f411722
99_history_full_dump_and_superseded_assets\full_source_data_dump\03_source_data_and_tables\3__d111d3fd72.CSV,113824,b9abab7ef20f532d23f193633d7f087a06690f08cd3cc2bcbfb18b186e6aff58
99_history_full_dump_and_superseded_assets\full_source_data_dump\03_source_data_and_tables\3__d20a8eebd0.CSV,279523,8a21f5007edb781fc5f58563699490f334ca897af6eb08fdf416fa11ae2f13d9
99_history_full_dump_and_superseded_assets\full_source_data_dump\03_source_data_and_tables\3__d23c77203c.CSV,96120,6e2f567f7e7b376de3c47f400ab0d628307ea671916a569bfcc11db46acc8dba
99_history_full_dump_and_superseded_assets\full_source_data_dump\03_source_data_and_tables\3__d3ae25de2f.CSV,95400,b873a18dedba1a995b9d35de0129787653f21cd75cde2a4efc1268c827323f1d
99_history_full_dump_and_superseded_assets\full_source_data_dump\03_source_data_and_tables\3__d4644b21ec.CSV,139072,909d204432742d47601b9a738d4863595cbfed7f396870e9cc62250555ff154f
99_history_full_dump_and_superseded_assets\full_source_data_dump\03_source_data_and_tables\3__d7624a5951.CSV,116793,a6276c62972216025e15406b60da2f3d97b1a6dd9df3347c06579c7be6fe7a8b
99_history_full_dump_and_superseded_assets\full_source_data_dump\03_source_data_and_tables\3__d87659e74e.CSV,171455,9e7e6313ed083c2c11b256706fab3f05c85a050cac707051bba4ba63bbe08ded
99_history_full_dump_and_superseded_assets\full_source_data_dump\03_source_data_and_tables\3__dc4050a44b.CSV,233562,e4e30ef755526cf5be4f164839335abba77a056a0aaf582cff0a3d521413786f
99_history_full_dump_and_superseded_assets\full_source_data_dump\03_source_data_and_tables\3__e0dd0d925f.CSV,87641,83e0a449422f0fd80c65561a197e300939d4bd3249cce14b483f3acc72b619da
99_history_full_dump_and_superseded_assets\full_source_data_dump\03_source_data_and_tables\3__e15e02c393.CSV,113624,82becd7231114642a2f80a8dd2c39b36303fe7c883414dd723777c4cfb781a1e
99_history_full_dump_and_superseded_assets\full_source_data_dump\03_source_data_and_tables\3__e16ec2afca.CSV,102617,4a5005c5065e3d5354163e2962516f057804d49a3d0367e853e7b8f9a31de181
99_history_full_dump_and_superseded_assets\full_source_data_dump\03_source_data_and_tables\3__e250c77549.CSV,129107,68eace7d6b9dd6beeb1f9709fe3a3527245989e5d69834fcc20dd37b6ee26a68
99_history_full_dump_and_superseded_assets\full_source_data_dump\03_source_data_and_tables\3__e278919b9f.CSV,87641,83e0a449422f0fd80c65561a197e300939d4bd3249cce14b483f3acc72b619da
99_history_full_dump_and_superseded_assets\full_source_data_dump\03_source_data_and_tables\3__e4a60e67a2.CSV,116793,a6276c62972216025e15406b60da2f3d97b1a6dd9df3347c06579c7be6fe7a8b
99_history_full_dump_and_superseded_assets\full_source_data_dump\03_source_data_and_tables\3__e5760f2800.CSV,113624,82becd7231114642a2f80a8dd2c39b36303fe7c883414dd723777c4cfb781a1e
99_history_full_dump_and_superseded_assets\full_source_data_dump\03_source_data_and_tables\3__e681a05887.CSV,306066,ddc6bf8dc94039bca36b791dd26aeb3ed3a554a2fc3ca6d06b6e5162a68ded96
99_history_full_dump_and_superseded_assets\full_source_data_dump\03_source_data_and_tables\3__e762d7ceae.CSV,109472,769a137a13d272a8572ed70f1378c23baca8dd94bbb103703083902ec8da846e
99_history_full_dump_and_superseded_assets\full_source_data_dump\03_source_data_and_tables\3__e7779dabce.CSV,129107,68eace7d6b9dd6beeb1f9709fe3a3527245989e5d69834fcc20dd37b6ee26a68
99_history_full_dump_and_superseded_assets\full_source_data_dump\03_source_data_and_tables\3__e9977097b7.CSV,81972,53b75173a25cf3e69238245baf56336a07108ba101259f78b0262ba9cbe6463c
99_history_full_dump_and_superseded_assets\full_source_data_dump\03_source_data_and_tables\3__eacc7b56fc.CSV,308061,3e60dd1cc2effa97cf01065bfbbf21eec4b48d26efbe2ce00aae676182b0dc9a
99_history_full_dump_and_superseded_assets\full_source_data_dump\03_source_data_and_tables\3__edb2024ab9.CSV,110496,0d939bfa1cbccd493edd0799b0f83ba41c78fa525ab32cf144e62c0d23b85b7d
99_history_full_dump_and_superseded_assets\full_source_data_dump\03_source_data_and_tables\3__efabd5cd86.CSV,81972,53b75173a25cf3e69238245baf56336a07108ba101259f78b0262ba9cbe6463c
99_history_full_dump_and_superseded_assets\full_source_data_dump\03_source_data_and_tables\3__f1571d42db.CSV,81972,53b75173a25cf3e69238245baf56336a07108ba101259f78b0262ba9cbe6463c
99_history_full_dump_and_superseded_assets\full_source_data_dump\03_source_data_and_tables\3__f24513264b.CSV,102679,aae5fc27122cb1b28705037edf99b129ef4b123c2e69cdf17dfab9090e217fc5
99_history_full_dump_and_superseded_assets\full_source_data_dump\03_source_data_and_tables\3__f262127141.CSV,90287,5e511ebe97c5d35094b3f7d2e34d9ec84bb4f03c9bacca7f4aa1ac879133405e
99_history_full_dump_and_superseded_assets\full_source_data_dump\03_source_data_and_tables\3__f300d94e88.CSV,233562,e4e30ef755526cf5be4f164839335abba77a056a0aaf582cff0a3d521413786f
99_history_full_dump_and_superseded_assets\full_source_data_dump\03_source_data_and_tables\3__f5c33ec4f8.CSV,96018,559638a7b38d5fd11a44bf7c9c27795cf4f9e6182a13b1de2797c09312197009
99_history_full_dump_and_superseded_assets\full_source_data_dump\03_source_data_and_tables\3__f5fd811eb0.CSV,111992,db877e543c2543b850265ff6a6afc5367283c2d6ad525094e78f64a7efaf9c8a
99_history_full_dump_and_superseded_assets\full_source_data_dump\03_source_data_and_tables\3__f684f06dbb.CSV,108302,ea34c9c37afab897ff1e0d1711475da26199bf70a0d184a4c044772e8f411722
99_history_full_dump_and_superseded_assets\full_source_data_dump\03_source_data_and_tables\3__f773f50717.CSV,114662,de77a1fc46093a8641e2f0858923ef0f1090707e40e7f48a067f4fa67d9f7ef9
99_history_full_dump_and_superseded_assets\full_source_data_dump\03_source_data_and_tables\3__f94508d1f5.CSV,95400,b873a18dedba1a995b9d35de0129787653f21cd75cde2a4efc1268c827323f1d
99_history_full_dump_and_superseded_assets\full_source_data_dump\03_source_data_and_tables\3__f9a816cca8.CSV,51941,a50e60566f5ae64e5dce8d7e9a2d58793a1d3c83b31beb63d690048fb2ef289f
99_history_full_dump_and_superseded_assets\full_source_data_dump\03_source_data_and_tables\3__fa1140a7fa.CSV,81972,53b75173a25cf3e69238245baf56336a07108ba101259f78b0262ba9cbe6463c
99_history_full_dump_and_superseded_assets\full_source_data_dump\03_source_data_and_tables\3__fca0bfd272.CSV,95084,faa8bedbe720d82becceb5765a5d3252dea053ab9bf9c26789e99a90375c5e57
99_history_full_dump_and_superseded_assets\full_source_data_dump\03_source_data_and_tables\3__fd7934e51d.CSV,96120,6e2f567f7e7b376de3c47f400ab0d628307ea671916a569bfcc11db46acc8dba
99_history_full_dump_and_superseded_assets\full_source_data_dump\03_source_data_and_tables\_source_data_index.csv,344382,489217d348039db2e5bdfeb6c431d353bccc60e43881b788f24a8c228e0474d2
99_history_full_dump_and_superseded_assets\full_source_data_dump\03_source_data_and_tables\agreement_consistency__3d0c1822f0.csv,447,e7307c27e5383ae0448ff2e7820c6d2e691312d0ebf6f8385184bfa4485397c1
99_history_full_dump_and_superseded_assets\full_source_data_dump\03_source_data_and_tables\agreement_consistency__56c8d4a13d.csv,447,e7307c27e5383ae0448ff2e7820c6d2e691312d0ebf6f8385184bfa4485397c1
99_history_full_dump_and_superseded_assets\full_source_data_dump\03_source_data_and_tables\all_feature_significance_full__4e4460b7fc.csv,4862,d2165d9bc0661371132b52325f2312ffd5e863d421fbce4b92f08317f064adf1
99_history_full_dump_and_superseded_assets\full_source_data_dump\03_source_data_and_tables\all_figure_assets_index__394aab8213.csv,6419,501d814ec1990b98d220dae634cc3a723468c725430e40ae879c6a7ff22168c5
99_history_full_dump_and_superseded_assets\full_source_data_dump\03_source_data_and_tables\all_figure_assets_index__d5d488a64e.json,12864,eee8dfc3c75024bf40e5079505539162f57ac41f28dbc1ebae6f29e30a720ae4
99_history_full_dump_and_superseded_assets\full_source_data_dump\03_source_data_and_tables\all_significant_features_fdr005__b80620c328.csv,4678,f9c3314723b9b7d5ac915125316f61a9a33aaddb3fdf5b1b57f3465b2fdadd6d
99_history_full_dump_and_superseded_assets\full_source_data_dump\03_source_data_and_tables\all_significant_features_manifest__2aad7029df.json,990,8e806f5a7e5c3a3db399ba433560ebef137cca27c333bf43ccfa0fd6582c5d0a
99_history_full_dump_and_superseded_assets\full_source_data_dump\03_source_data_and_tables\all_tables_for_later_insertion__0dc8cedd74.xlsx,9662,ed9f24f3fac9d2f45a67b809a70ebe367f11945bb2836480bf73484c5417107d
99_history_full_dump_and_superseded_assets\full_source_data_dump\03_source_data_and_tables\auc083_vs_auc09_added_intervals_for_manual_selector__1efa49406d.csv,7821,c6e33a66933e7d73c8f9e8a923287c800c480e0df7244caaea723fee6c4ac551
99_history_full_dump_and_superseded_assets\full_source_data_dump\03_source_data_and_tables\auc083_vs_auc09_added_intervals_for_manual_selector__d03ad94668.csv,7821,c6e33a66933e7d73c8f9e8a923287c800c480e0df7244caaea723fee6c4ac551
99_history_full_dump_and_superseded_assets\full_source_data_dump\03_source_data_and_tables\auc083_vs_auc09_changed_groups__a5ceead8aa.csv,2371,2edda1b9b852948c472e0f09f8d05f291044e6130403de7d881865cf73c92434
99_history_full_dump_and_superseded_assets\full_source_data_dump\03_source_data_and_tables\auc083_vs_auc09_changed_groups__fe7f723be4.csv,2371,2edda1b9b852948c472e0f09f8d05f291044e6130403de7d881865cf73c92434
99_history_full_dump_and_superseded_assets\full_source_data_dump\03_source_data_and_tables\AUC_full_model_comparison__918270b38c.csv,276,721608dfac09fae9a64f81608a817bfcdaa19589e1dcc20ee2a7a69ea04dc30a
99_history_full_dump_and_superseded_assets\full_source_data_dump\03_source_data_and_tables\AUC_task_summary__996f702f90.csv,252,31f949bbf9a94b083a810149089bcc5206c877e6ad7a34519f4907b737479917
99_history_full_dump_and_superseded_assets\full_source_data_dump\03_source_data_and_tables\black_background_scan__0255344f55.csv,48636,adb6a6f83a5c28637dca0f17ba0bb551156f44f40d6b09a622d34d022935f6e8
99_history_full_dump_and_superseded_assets\full_source_data_dump\03_source_data_and_tables\build_summary__7d42dcf094.json,761,253deb46b97dc4199dbd8c3a6ade1f62e23d4d395e6545a06d6961fdc3614c84
99_history_full_dump_and_superseded_assets\full_source_data_dump\03_source_data_and_tables\build_summary_clean_no_black_bg__ff27900b53.json,702,f5bc681c113dd1774208c5005561c373bb45e674d7c1f51369ed0868e6549693
99_history_full_dump_and_superseded_assets\full_source_data_dump\03_source_data_and_tables\cam_failure_candidate_rows__bc4d1ea4d3.json,79267,3ec702649f69d307d589b306512d445ddb7d4c95ea704af02b4c537371a3e883
99_history_full_dump_and_superseded_assets\full_source_data_dump\03_source_data_and_tables\CAM_feature_alignment_candidates__658272497b.csv,2501,d0c9dcd189522af4e6d46499ca6b2e13c80da138e30e6a33a5dd41e50bd5e947
99_history_full_dump_and_superseded_assets\full_source_data_dump\03_source_data_and_tables\cam_panel_manifest__c6f3b38c8b.json,1611,aaa98395bfe4d664c4166ccbbc9acfcce9289300a8ecb34faa6dde2a982bf05e
99_history_full_dump_and_superseded_assets\full_source_data_dump\03_source_data_and_tables\cam_scorecam_taskguided_R5_auto__1c6c4f9a7b.json,937,8c6da0d89d04a6fb5f816d0a2b94d3fe40d8320c2c0e02240ccff7ec4c6e4fcb
99_history_full_dump_and_superseded_assets\full_source_data_dump\03_source_data_and_tables\cam_scorecam_taskguided_R5_auto__6efd65db65.json,937,8c6da0d89d04a6fb5f816d0a2b94d3fe40d8320c2c0e02240ccff7ec4c6e4fcb
99_history_full_dump_and_superseded_assets\full_source_data_dump\03_source_data_and_tables\candidate_A_physical_size_sequence_sources__bb2ad84884.csv,834,bdd641a41e749999afc070ecf4f64de16283f22fbfa3702b086bd5c7060b264d
99_history_full_dump_and_superseded_assets\full_source_data_dump\03_source_data_and_tables\candidate_pressure_sequences_sources__363514a453.csv,3612,39d1745dde3c99e1192ad82fc1fe6a10c84ab770f3e94ce7f57ad953a3c8c8df
99_history_full_dump_and_superseded_assets\full_source_data_dump\03_source_data_and_tables\center_aligned_positive_frame_preview_metadata__b339b2d6e5.json,1030,ba71eedd2e7ecf588664e149d7aa71741a1b8063a21e7ae47e276501b2ff9583
99_history_full_dump_and_superseded_assets\full_source_data_dump\03_source_data_and_tables\center_aligned_positive_frame_selection_log__cb73f4dc1c.csv,22317,d63aacb14d34cec3325b79af7d8167cda1a246dcd4ed6d766a5b35e39c49176e
99_history_full_dump_and_superseded_assets\full_source_data_dump\03_source_data_and_tables\center_aligned_positive_frame_summary__67ba7f7dec.csv,3042,417cd186199c948f791956720c33507545f7d10d80080ce7fc8c335c815b46c2
99_history_full_dump_and_superseded_assets\full_source_data_dump\03_source_data_and_tables\clinical_v5_all_window_predictions__1d5b61eed2.csv,3831461,4b906d648598ea8b567c8f97440bf0234a423c8aacabc44ac005226ec0097503
99_history_full_dump_and_superseded_assets\full_source_data_dump\03_source_data_and_tables\clinical_v5_inference_summary__bebc8c1360.json,9505,f890ce282d7e8e8f6423d6d081f539ff5bf225f6ac85e386f4455ad5050b534d
99_history_full_dump_and_superseded_assets\full_source_data_dump\03_source_data_and_tables\clinical_v5_top6_candidates__5dfab13637.csv,2907,813595a359efae20ccaecc486c882e1b113475025bb908d12aac3ffba64906e9
99_history_full_dump_and_superseded_assets\full_source_data_dump\03_source_data_and_tables\confusion_metrics_reviewed_temporal_labels__27e9a8702e.csv,1488,b6c0d7e733be7562c8b3c85487728c48f363572b63709c46c2b516627aa6beff
99_history_full_dump_and_superseded_assets\full_source_data_dump\03_source_data_and_tables\counterfactual_cam_manifest__97ee7f63fd.json,1757,a77629aed09686edb8a5a245bcc5b8fb0ba08953ff71caa26d8cb6179f03ece8
99_history_full_dump_and_superseded_assets\full_source_data_dump\03_source_data_and_tables\counterfactual_occlusion_cam_values__65418fc49c.csv,98287,ee7cde314e8f49c89187556a734c369bfaf04ca2ba5c1dbaf24aa96dbba10d33
99_history_full_dump_and_superseded_assets\full_source_data_dump\03_source_data_and_tables\Depth_3class__6290b0bd5b.csv,264,913b1c1a570909cd7c0f419a7d3c9df9eb10e96865003637fffb24b852e3c0b5
99_history_full_dump_and_superseded_assets\full_source_data_dump\03_source_data_and_tables\depth_3class_by_true_depth_table__6d89b46eea.csv,264,913b1c1a570909cd7c0f419a7d3c9df9eb10e96865003637fffb24b852e3c0b5
99_history_full_dump_and_superseded_assets\full_source_data_dump\03_source_data_and_tables\depth_concept_contrib__8b37d564be.csv,1197,cc4d508999e997eab96c2712a529479cedff6bc4162f1d2dd596c5b3b9853590
99_history_full_dump_and_superseded_assets\full_source_data_dump\03_source_data_and_tables\depth_concept_contrib__dc3ce3a10e.csv,1197,cc4d508999e997eab96c2712a529479cedff6bc4162f1d2dd596c5b3b9853590
99_history_full_dump_and_superseded_assets\full_source_data_dump\03_source_data_and_tables\depth_family_contrib__644346f495.csv,267,3dbf2b2b7f2ee675fa01a03edb8be2c1c4493f9e57d4d0f306076d01a7e6db57
99_history_full_dump_and_superseded_assets\full_source_data_dump\03_source_data_and_tables\depth_family_contrib__a778ce1253.csv,267,3dbf2b2b7f2ee675fa01a03edb8be2c1c4493f9e57d4d0f306076d01a7e6db57
99_history_full_dump_and_superseded_assets\full_source_data_dump\03_source_data_and_tables\depth_global_contrib__1a04a38d2a.csv,22420,7467e47f5a085370fc25b65deeb5e7b109de1f2d6167a8e8788b2b65948ca3ac
99_history_full_dump_and_superseded_assets\full_source_data_dump\03_source_data_and_tables\depth_global_contrib__64e6b51b26.csv,22420,7467e47f5a085370fc25b65deeb5e7b109de1f2d6167a8e8788b2b65948ca3ac
99_history_full_dump_and_superseded_assets\full_source_data_dump\03_source_data_and_tables\depth_global_contrib_deep__47a0938a65.csv,21169,89f39def1948475a3adfc6c2d2d6f3fa1d4077d6ad4750927422189b2852ca22
99_history_full_dump_and_superseded_assets\full_source_data_dump\03_source_data_and_tables\depth_global_contrib_deep__9e3f37740d.csv,21169,89f39def1948475a3adfc6c2d2d6f3fa1d4077d6ad4750927422189b2852ca22
99_history_full_dump_and_superseded_assets\full_source_data_dump\03_source_data_and_tables\depth_global_contrib_middle__3cb968ca65.csv,21629,a613f5d14a32c851c839703b1f8f71d5a0d34383dd19db6cb5be9bf708c19898
99_history_full_dump_and_superseded_assets\full_source_data_dump\03_source_data_and_tables\depth_global_contrib_middle__c954bafe16.csv,21629,a613f5d14a32c851c839703b1f8f71d5a0d34383dd19db6cb5be9bf708c19898
99_history_full_dump_and_superseded_assets\full_source_data_dump\03_source_data_and_tables\depth_global_contrib_shallow__5a1686725f.csv,21960,619ea06f66d53dd9c367ac50392b1985acad24a589636b31d60c54efb6b2c175
99_history_full_dump_and_superseded_assets\full_source_data_dump\03_source_data_and_tables\depth_global_contrib_shallow__ab49954608.csv,21960,619ea06f66d53dd9c367ac50392b1985acad24a589636b31d60c54efb6b2c175
99_history_full_dump_and_superseded_assets\full_source_data_dump\03_source_data_and_tables\depth_nominal_6level_table__de6c9c627a.csv,349,ec5396ff321742872f0288a0d21bbc2e47e4fd02c700dec2aa27abf542835b36
99_history_full_dump_and_superseded_assets\full_source_data_dump\03_source_data_and_tables\detection_config__14589fa7f2.json,134,587a67d71d8ac43cfd1e9bbaa4165b43a52566b672c94a147d212117e2bdb3ad
99_history_full_dump_and_superseded_assets\full_source_data_dump\03_source_data_and_tables\detection_config__2dfde84f55.json,134,587a67d71d8ac43cfd1e9bbaa4165b43a52566b672c94a147d212117e2bdb3ad
99_history_full_dump_and_superseded_assets\full_source_data_dump\03_source_data_and_tables\detection_config__68177c7a00.json,134,587a67d71d8ac43cfd1e9bbaa4165b43a52566b672c94a147d212117e2bdb3ad
99_history_full_dump_and_superseded_assets\full_source_data_dump\03_source_data_and_tables\detection_config__7b892d73f6.json,134,587a67d71d8ac43cfd1e9bbaa4165b43a52566b672c94a147d212117e2bdb3ad
99_history_full_dump_and_superseded_assets\full_source_data_dump\03_source_data_and_tables\detection_config__ca693410b1.json,134,587a67d71d8ac43cfd1e9bbaa4165b43a52566b672c94a147d212117e2bdb3ad
99_history_full_dump_and_superseded_assets\full_source_data_dump\03_source_data_and_tables\detection_config__dea4e2bb64.json,134,587a67d71d8ac43cfd1e9bbaa4165b43a52566b672c94a147d212117e2bdb3ad
99_history_full_dump_and_superseded_assets\full_source_data_dump\03_source_data_and_tables\detection_family_contrib__4ae551ad4b.csv,253,3553ca12ba80b1890b195c0d7ee4fa8b6e2a230c0a4cfc30bb134ad024b4faab
99_history_full_dump_and_superseded_assets\full_source_data_dump\03_source_data_and_tables\detection_family_contrib__bdb187e819.csv,253,3553ca12ba80b1890b195c0d7ee4fa8b6e2a230c0a4cfc30bb134ad024b4faab
99_history_full_dump_and_superseded_assets\full_source_data_dump\03_source_data_and_tables\detection_global_contrib__da362098ee.csv,21147,2e5e4b213f47922c954cd64d34bc1c881eef9e9ec461f021e780237dab3e0d49
99_history_full_dump_and_superseded_assets\full_source_data_dump\03_source_data_and_tables\detection_global_contrib__e33aa0c840.csv,21147,2e5e4b213f47922c954cd64d34bc1c881eef9e9ec461f021e780237dab3e0d49
99_history_full_dump_and_superseded_assets\full_source_data_dump\03_source_data_and_tables\direct_existing_mean_center_aligned_metadata__86b9d2665d.json,1324,6fe581b3861829f9072c4b53c5cf1082a4f1dd391aba2c951a5e19add1e260fe
99_history_full_dump_and_superseded_assets\full_source_data_dump\03_source_data_and_tables\direct_existing_mean_center_aligned_summary__eb5c48a956.csv,5916,eddf909f9227046b32917a9146047918d53e9b9a8847c9751a9c35f6357610f5
99_history_full_dump_and_superseded_assets\full_source_data_dump\03_source_data_and_tables\failure_case_explanation_table__23ceed7b61.csv,1155,4dc059e59bd63d1c36e4ec8841e1a1a5de7f286b49a4bafcd5196ab74cc8a0c1
99_history_full_dump_and_superseded_assets\full_source_data_dump\03_source_data_and_tables\Failure_mechanism_summary__dd860427e9.csv,1090,980cf822953ef756ce2bf83e067bf055310aed0cbaba99c8e249099b28cad32d
99_history_full_dump_and_superseded_assets\full_source_data_dump\03_source_data_and_tables\failure_mode_counts_and_rates__3173ad68b0.json,763,db940c5cefa71587826280a926ee3792988a21e7f867c3791dc63d9d4487fbf2
99_history_full_dump_and_superseded_assets\full_source_data_dump\03_source_data_and_tables\failure_mode_effect_sizes__614cd379a2.csv,5515,6c651e13fae96223e9a65e3734473a096d1429a5f73c807dd2240170a2694c2f
99_history_full_dump_and_superseded_assets\full_source_data_dump\03_source_data_and_tables\failure_mode_source_rows_with_predictions__b20d47b795.csv,2686794,de7e0a2aad5fc60f8baee5200f6b99428d3d3f7dc79b5039d7af1c3fefa3f0f6
99_history_full_dump_and_superseded_assets\full_source_data_dump\03_source_data_and_tables\feature_difference_bottom_panel_stats__24e05a2c7a.csv,1077,080a6173806a3955d14155f31754ec61b0e672508531ec40d5cca4065ebbcbfb
99_history_full_dump_and_superseded_assets\full_source_data_dump\03_source_data_and_tables\feature_difference_bottom_panel_stats__b3c18085ca.json,1923,9d1d2d4dc690f39255ebfa79b1ad0d075bd627b1c0e50a4f59a4b1f60a77e1ba
99_history_full_dump_and_superseded_assets\full_source_data_dump\03_source_data_and_tables\fem_guided_feature_stats_summary__5c0aa137a1.json,5643,2889a32f4ad5a24af39d92ffea6d8b1047e94edf4aeb4df04c536f24deb40e56
99_history_full_dump_and_superseded_assets\full_source_data_dump\03_source_data_and_tables\fem_guided_feature_stats_summary__a9bb657458.csv,3507,203cad0aad075200c9c0ebcdf931fa80d1df53eff2d4b0ea95faa827d279702d
99_history_full_dump_and_superseded_assets\full_source_data_dump\03_source_data_and_tables\fem_guided_sensitivity_summary__1f8964c169.json,17258,dd118a9db6d3345d2d6995a22b4ee1f417c38bf38bd5bacf191e0a26744e8340
99_history_full_dump_and_superseded_assets\full_source_data_dump\03_source_data_and_tables\fem_guided_sensitivity_summary__f368eb9dd8.csv,9632,82d96f54bf1c2400492bed8574f3fda8018beef938f93a3346419716afa781a5
99_history_full_dump_and_superseded_assets\full_source_data_dump\03_source_data_and_tables\fem_visible_feature_alignment_stats__5ab3886fe5.csv,1642,3ce8191960cf58ed991a560ff8de973df2b4ff3b492f7012aca155d4fbca525e
99_history_full_dump_and_superseded_assets\full_source_data_dump\03_source_data_and_tables\fem_visible_feature_alignment_stats__cbd4ee03f7.json,2830,6040db61f6262a069d4674f5ab2e41f7939218554a2bad4754e6b80619f15359
99_history_full_dump_and_superseded_assets\full_source_data_dump\03_source_data_and_tables\Fig1_positive_frame_aligned_heatmaps_boxed_values_v1__8bf6337164.json,275743,8b09884cf525645a9770fc325b668c10fb1cc59b58ce3fa2aababc94eb389ac3
99_history_full_dump_and_superseded_assets\full_source_data_dump\03_source_data_and_tables\Fig1_positive_frame_aligned_heatmaps_boxed_values_v1__ac14885d41.csv,157616,30c32831136ee79ecbd7dd1c4116a8fd19519abf59fc680cd885350c5e44cf19
99_history_full_dump_and_superseded_assets\full_source_data_dump\03_source_data_and_tables\Fig1_positive_frame_aligned_heatmaps_boxed_values_v2__8c6a62db2e.csv,157616,30c32831136ee79ecbd7dd1c4116a8fd19519abf59fc680cd885350c5e44cf19
99_history_full_dump_and_superseded_assets\full_source_data_dump\03_source_data_and_tables\Fig1_positive_frame_aligned_heatmaps_boxed_values_v2__ace768be7a.json,275743,2077ceb4a90fd4af388ed114496ced07ccd7d58ce3840388b272b6ccc6c896e3
99_history_full_dump_and_superseded_assets\full_source_data_dump\03_source_data_and_tables\Fig1_positive_frame_aligned_heatmaps_percell_rawbars_interp_v1__0a7a8a0315.csv,159160,817af416d62b6616e4e8315f4e9be04155e091157f296073e729b00f78b3bdf8
99_history_full_dump_and_superseded_assets\full_source_data_dump\03_source_data_and_tables\Fig1_positive_frame_aligned_heatmaps_percell_rawbars_interp_v1__88681c1950.json,278988,33cac95d8b71e2d32619b631ae666599a856a45c2928f375b5a75254e4614735
99_history_full_dump_and_superseded_assets\full_source_data_dump\03_source_data_and_tables\Fig1_positive_frame_aligned_heatmaps_percell_rawbars_v1__a428b8da01.csv,159160,817af416d62b6616e4e8315f4e9be04155e091157f296073e729b00f78b3bdf8
99_history_full_dump_and_superseded_assets\full_source_data_dump\03_source_data_and_tables\Fig1_positive_frame_aligned_heatmaps_percell_rawbars_v1__b00b773761.json,278947,32f2390d446b2f4fca0d000704d8203b6fc0e3543585d76df7bccba25c15267f
99_history_full_dump_and_superseded_assets\full_source_data_dump\03_source_data_and_tables\Fig1_positive_frame_aligned_heatmaps_percell_rawbars_v2__db7e76459a.csv,159160,817af416d62b6616e4e8315f4e9be04155e091157f296073e729b00f78b3bdf8
99_history_full_dump_and_superseded_assets\full_source_data_dump\03_source_data_and_tables\Fig1_positive_frame_aligned_heatmaps_percell_rawbars_v2__fcb3b88d81.json,278952,763f25d136d9383764f947c30452658e7a22a0e81a365ced9d05dbdac5308868
99_history_full_dump_and_superseded_assets\full_source_data_dump\03_source_data_and_tables\Fig3_fem_guided_statistics_summary__398cf9c5c3.csv,1112,68feff194b6bb699c5509ff8e857e3fa3e3f84a55fb72070bf8185bdea44cb81
99_history_full_dump_and_superseded_assets\full_source_data_dump\03_source_data_and_tables\Fig3_fem_guided_statistics_summary__5800a39334.json,1823,05013aabc1e8d5407b4ca874ceaa587c728d1275db30dcb7a4cc30d32f65ae6f
99_history_full_dump_and_superseded_assets\full_source_data_dump\03_source_data_and_tables\Fig4_clean_model_performance_metrics_summary__a9422abc20.json,2392,1a50d9ebeff7366089ff01ea33a10c6bb9ba7064ff40cc5ba81ab40d25d13324
99_history_full_dump_and_superseded_assets\full_source_data_dump\03_source_data_and_tables\Fig4_deep_learning_workflow_validation_summary__608c20a02e.json,4482,2a8facf97448996cfc966b484a4746655c254487033c766a8c01a2ccb03cb123
99_history_full_dump_and_superseded_assets\full_source_data_dump\03_source_data_and_tables\Fig4_real_algorithm_result_metrics_20260426__75cb790e1c.csv,570,f71a0f4f0ef92a290ac7e25dde6857997d425b0fe47dca2388b9c68ba1944606
99_history_full_dump_and_superseded_assets\full_source_data_dump\03_source_data_and_tables\fig5_confidence_coverage__caa20fbb73.csv,678,650a8c0a8671e0bb3046bcb51178d0ce94e55779f03ffe79459e1013e185b90c
99_history_full_dump_and_superseded_assets\full_source_data_dump\03_source_data_and_tables\fig5_failure_taxonomy__63e5a8d075.csv,438,2f2d45c71ebf9b34f768a6bd2fd8fa21c82bf218bc8942e37e85edc0a8fa822a
99_history_full_dump_and_superseded_assets\full_source_data_dump\03_source_data_and_tables\fig5_operating_envelope_by_size_depth__6de4a2fb90.csv,1104,dcdf4f209e8232b2206c37f1ccc296a0d80f08504f7b0c736967cb130b58434c
99_history_full_dump_and_superseded_assets\full_source_data_dump\03_source_data_and_tables\fig5_operating_envelope_condition_metrics__2a01632efa.csv,6437,d1788dfce4a0e367978a1caf9d094ec9a118dae34fff0560e0d2d8e0dbd6f82c
99_history_full_dump_and_superseded_assets\full_source_data_dump\03_source_data_and_tables\fig5_system_metrics_table__d2d890a411.csv,666,3984177a7fff5188661879f68a63b4a3d8cc2a30ed638f7dc6070e563ca5a0ad
99_history_full_dump_and_superseded_assets\full_source_data_dump\03_source_data_and_tables\Fig5F_counterfactual_accuracy_loss__96d5ca7d05.csv,1456,5c1467085ea82c25b01d2aff378aea3d3ff145ce1ba0dcbeba6cc058c73742bb
99_history_full_dump_and_superseded_assets\full_source_data_dump\03_source_data_and_tables\Fig5F_cue_family_descriptor_audit__47e5c232d7.csv,3647,31967370d39039c5d64f714a22dc61f935e13bb81a0f017a55feaa0a6e5f0282
99_history_full_dump_and_superseded_assets\full_source_data_dump\03_source_data_and_tables\Fig5F_cue_family_model_response__32eea0563c.csv,1547,b7e564abfac3250cbbb59f1704e27a918c191ce28430f96bdd2338c89a7a19eb
99_history_full_dump_and_superseded_assets\full_source_data_dump\03_source_data_and_tables\Fig5F_gated_mechanism_closure__10451aa708.csv,1629,a5b699d2b74655c7a2ab939101150fc051d01394b9e32795e3c9c9b9f33aaf08
99_history_full_dump_and_superseded_assets\full_source_data_dump\03_source_data_and_tables\FigA_stress_distribution_3d_inferno_v2__de9fd27c5e.json,2873,ad69280106b90dec0ee5f2b2ad6503072eaa70c8788696a647dfd62387751d36
99_history_full_dump_and_superseded_assets\full_source_data_dump\03_source_data_and_tables\FigA_stress_distribution_3d_selected_v1__95c8cfa45a.json,2739,17662a721d0fa8ae30edc867469a9703617290788324c4c7b9719d2dc956268e
99_history_full_dump_and_superseded_assets\full_source_data_dump\03_source_data_and_tables\FigA_stress_distribution_compare_inferno_v3__28a86bda34.json,526,8d74d0e1727380efda03ed04de28f2c1552f7c930d87a06ea88d5ceda571fb3e
99_history_full_dump_and_superseded_assets\full_source_data_dump\03_source_data_and_tables\FigA_stress_distribution_compare_selected_v1__86462cc3bb.json,3088,614dd74f34b0abb53fd7155db50957700df6d6e577c938c576fff64ca0b01f14
99_history_full_dump_and_superseded_assets\full_source_data_dump\03_source_data_and_tables\FigA_stress_distribution_compare_selected_v2__acf094bc1d.json,2755,81955a8b9c212857312268be15ab7c5ff4f58b755eadfdc90e5b6951ef6f39fc
99_history_full_dump_and_superseded_assets\full_source_data_dump\03_source_data_and_tables\FigB_representative_trend_boardfit_v2__0195b027fb.json,27508,01b1e8f0a9f83fdcc8aa45d327aac6e994011638d70d05610b51c3d41ec39707
99_history_full_dump_and_superseded_assets\full_source_data_dump\03_source_data_and_tables\FigB_representative_trend_boardfit_v2__b53bd983ce.csv,9311,4d9fab97ee94b71d90a5e8f79fca587f8c199a0e41759468e3fe1b931678a7a2
99_history_full_dump_and_superseded_assets\full_source_data_dump\03_source_data_and_tables\FigB_representative_trend_boardfit_v2_centered__5056ef4829.csv,9255,3115b73570aa2e87b8bd3c634a382b584727c293ffc5441caaee78b681f23ece
99_history_full_dump_and_superseded_assets\full_source_data_dump\03_source_data_and_tables\FigB_representative_trend_boardfit_v2_centered__69597a10a0.json,27956,3bc56bcedceab39b5e3bd50cd5f03e924cbbb7555315008e94d82a6e477268bd
99_history_full_dump_and_superseded_assets\full_source_data_dump\03_source_data_and_tables\FigC_normalized_3d_nodular_vs_non_nodular_turbo_rawcontrast_v1__1d615e84cc.json,341,acdc817e0401e9d2d72e987fa921942202af2cf9de406f0039d98734d9da5b91
99_history_full_dump_and_superseded_assets\full_source_data_dump\03_source_data_and_tables\FigC_normalized_3d_nodular_vs_non_nodular_turbo_v1__9d64d858b9.json,393,84df622550263e1bc5ed1d6c93697004c49b561b71fc24bb34735b79fbf481cb
99_history_full_dump_and_superseded_assets\full_source_data_dump\03_source_data_and_tables\FigC_normalized_3d_nodular_vs_non_nodular_turbo_v2__eb01bc82d9.json,385,8e72970caaed6e84e782ec0c289b0812b8ce363add029b3241f649dab0231727
99_history_full_dump_and_superseded_assets\full_source_data_dump\03_source_data_and_tables\FigD_significance_boxplots_bright_v1__1b50ee58eb.json,2292,0521290095a162990de20088345ceb6af5da146cf82c524457d4ad6029b82de7
99_history_full_dump_and_superseded_assets\full_source_data_dump\03_source_data_and_tables\FigD_significance_boxplots_bright_v2__36847fa5ea.json,2723,af8647a14ae9b88caf95203d7830c138e692bcb8d6e64b4e3f6c6392895b6d04
99_history_full_dump_and_superseded_assets\full_source_data_dump\03_source_data_and_tables\Figure5_manuscript_table_pack_clean__7f043fb69c.xlsx,11083,3d8cc340b22e2198aff1c5eb8135b4332f29119df37888888e755f4d8aea5150
99_history_full_dump_and_superseded_assets\full_source_data_dump\03_source_data_and_tables\figure5_v5_explainability_cam_summary__5b0b4e7fc2.json,3327,f4a696904e0c505e4656245c0224e8491e277e6d31a56f53fe0168654e193284
99_history_full_dump_and_superseded_assets\full_source_data_dump\03_source_data_and_tables\figure_asset_index__32fe5e6a74.json,1078,fe6c9e1718eef73181ac46790f753e92d7cb37f1dc5a1ab28f9ea63444caef33
99_history_full_dump_and_superseded_assets\full_source_data_dump\03_source_data_and_tables\figure_asset_index__4af94a190d.csv,749,ab5cc95eecc1d31ead76de9f580fa4c0850c67d5c5ab846e41f121dc42888d78
99_history_full_dump_and_superseded_assets\full_source_data_dump\03_source_data_and_tables\figure_table_references_from_tex__aa68e55555.csv,6744,3b92d6dd7210462558a89b022f1efa87752bde47a4c20238c053ca028c9e6fe9
99_history_full_dump_and_superseded_assets\full_source_data_dump\03_source_data_and_tables\figure_table_references_from_tex__b87e8bda0a.csv,6744,3b92d6dd7210462558a89b022f1efa87752bde47a4c20238c053ca028c9e6fe9
99_history_full_dump_and_superseded_assets\full_source_data_dump\03_source_data_and_tables\file3_active_vs_backup_label_drift__9d94c377ce.csv,2111,91893cf762007662cc3df892324463f3e9205df79e3a41fe8b2fc81f632d33fa
99_history_full_dump_and_superseded_assets\full_source_data_dump\03_source_data_and_tables\file3_fem_guided_descriptors__13bc8c84c4.csv,1823202,22fb940adf2ebbe2ffc62b8712a42367262c9563dca4227946944a2be4f4e636
99_history_full_dump_and_superseded_assets\full_source_data_dump\03_source_data_and_tables\file3_fem_guided_descriptors__b821b7f090.csv,1823202,22fb940adf2ebbe2ffc62b8712a42367262c9563dca4227946944a2be4f4e636
99_history_full_dump_and_superseded_assets\full_source_data_dump\03_source_data_and_tables\file3_fem_guided_descriptors__ef70a548c5.csv,1823202,22fb940adf2ebbe2ffc62b8712a42367262c9563dca4227946944a2be4f4e636
99_history_full_dump_and_superseded_assets\full_source_data_dump\03_source_data_and_tables\file3_v5_outputs_plus_descriptors__e143601580.csv,2524408,ca0e6b0e0bc523498a196666347c71a1a76cd7eda60eb584c7f2126e4a5c3e62
99_history_full_dump_and_superseded_assets\full_source_data_dump\03_source_data_and_tables\file3_v5_outputs_plus_descriptors__f51786c7ea.csv,2524408,ca0e6b0e0bc523498a196666347c71a1a76cd7eda60eb584c7f2126e4a5c3e62
99_history_full_dump_and_superseded_assets\full_source_data_dump\03_source_data_and_tables\file3_v5_outputs_plus_descriptors__fd0f75217d.csv,2563362,89b7a479f62cd1484c1b93d9900b9441fa65e3bd09f081176a68c099ad2366c8
99_history_full_dump_and_superseded_assets\full_source_data_dump\03_source_data_and_tables\G_cam_mechanism_error_sixpack_sources__8aa7d6d785.json,3192,80aa044c39f972af07fba86021747330fae0da1b92a18a4e4ada23b11cd79982
99_history_full_dump_and_superseded_assets\full_source_data_dump\03_source_data_and_tables\G_feature_aligned_cam_keyframes_sources__ccc149247c.json,1776,30a1e2f0949d9651cb87ae2405f4b4ba6dfa7f9ebe7b787ed2d759ea5bef0d30
99_history_full_dump_and_superseded_assets\full_source_data_dump\03_source_data_and_tables\G_oldstyle_cam_source_table__5023b0cd9d.csv,599,4915b9c7fc57bd2751e6dd5ac1487c6cbae6089eed2380e76fd2f06cfe886297
99_history_full_dump_and_superseded_assets\full_source_data_dump\03_source_data_and_tables\Gemini_attachment_manifest__20a7d1091e.xlsx,32203,6c8024f610f39e70dfd50f3ae4ec0aa915ea2e45b2195f78b72b7e801ea2ffb3
99_history_full_dump_and_superseded_assets\full_source_data_dump\03_source_data_and_tables\Gemini_attachment_manifest__478fb54d1e.xlsx,43536,2427c76c34967ba2dc1c520a2687c8fb2387bca721e3cd21a5cab768ad4eacc4
99_history_full_dump_and_superseded_assets\full_source_data_dump\03_source_data_and_tables\Gemini_attachment_manifest__4cf3e7a507.csv,116203,eaca1abc84868e5be23fd6762b2e1d56655dc793212f270fa9ad18513157092f
99_history_full_dump_and_superseded_assets\full_source_data_dump\03_source_data_and_tables\Gemini_attachment_manifest__7cc2484c50.json,211199,c8b36aa7d4d7d8973c71d0240f12613987d95233302c9a5ca780556d7de614e2
99_history_full_dump_and_superseded_assets\full_source_data_dump\03_source_data_and_tables\Gemini_attachment_manifest__a3eeab99fb.csv,213982,40a89782e9ee1a265ec9d26e2bdee53387478a8886d5850006806c2ad1a34f55
99_history_full_dump_and_superseded_assets\full_source_data_dump\03_source_data_and_tables\Gemini_attachment_manifest__db2ef3e5a8.json,334289,de473ff4b17fe25dd127f3f3bc54765d461ecf2e9f94dec1dad81b0959d6183d
99_history_full_dump_and_superseded_assets\full_source_data_dump\03_source_data_and_tables\global_error_mechanism_summary__a17192cdfc.csv,1033,cb6eb0f5a923068a18dabbbaa382fc23e6b7add83d5b139546116d3fdd71f5b5
99_history_full_dump_and_superseded_assets\full_source_data_dump\03_source_data_and_tables\grid_summary__2cf3ad8214.json,2898,8eb4018ff7013257ab1a74ff08c5d6f614d4e33f10aaeab8b70111f2522d81cf
99_history_full_dump_and_superseded_assets\full_source_data_dump\03_source_data_and_tables\grid_summary__ed8643d4d5.json,2898,8eb4018ff7013257ab1a74ff08c5d6f614d4e33f10aaeab8b70111f2522d81cf
99_history_full_dump_and_superseded_assets\full_source_data_dump\03_source_data_and_tables\group_level_label_audit__48b0691283.csv,12074,49266a19ce9f53f294d7bb3cf0fcf720b990779fa42fd17d2afbd2ee4f2eb935
99_history_full_dump_and_superseded_assets\full_source_data_dump\03_source_data_and_tables\grouped_positive_condition_manifest__075277d7ab.json,502,a959404e1c32203fb9ba471410b85bb2dbfa09cabb356a0397a5a9aade169244
99_history_full_dump_and_superseded_assets\full_source_data_dump\03_source_data_and_tables\history__04521b01a8.csv,13403,01dae3a2db8809c334db70e6e5795a571d8809c7efe614343ffa27c814b47496
99_history_full_dump_and_superseded_assets\full_source_data_dump\03_source_data_and_tables\history__df136000a3.csv,13403,01dae3a2db8809c334db70e6e5795a571d8809c7efe614343ffa27c814b47496
99_history_full_dump_and_superseded_assets\full_source_data_dump\03_source_data_and_tables\locked_confusion_matrix_metrics__575521bb79.csv,1658,a51ee80d52ed0298196ebe5eba6b55a10e2ad2b7b2ffcac0eff9549f71003324
99_history_full_dump_and_superseded_assets\full_source_data_dump\03_source_data_and_tables\locked_confusion_matrix_metrics__90c26899eb.json,3900,e9f93ed7c4a5f28b9b1318a913449674aba290d661b45d6c0516ad68c198148d
99_history_full_dump_and_superseded_assets\full_source_data_dump\03_source_data_and_tables\manifest__10813a1c23.json,1143,3dea6fe12afd1a210f534711c0f4402ac56224cf07c39da49b5bea29ad65ca7b
99_history_full_dump_and_superseded_assets\full_source_data_dump\03_source_data_and_tables\manifest__154c643e8b.csv,1315,986205a1b413126b2f17481e3dbe841100eed04aa7f5dd27bdb0b87eb4ef61ec
99_history_full_dump_and_superseded_assets\full_source_data_dump\03_source_data_and_tables\manifest__250f13eb86.json,1533,0dacdc6eddb457e2acf3d71d598996fa1da90b47571c55c107e1dc4488f5481d
99_history_full_dump_and_superseded_assets\full_source_data_dump\03_source_data_and_tables\manifest__25f05ca556.csv,586,bad430d7704a178caab78619b36be628edaa8644d63b02f706ae10c0c71697f9
99_history_full_dump_and_superseded_assets\full_source_data_dump\03_source_data_and_tables\manifest__63f8970599.json,2256,13a6b4f89c0d3434866cac0977bf4f43343b987b1eec2fd97e82223064fe6b7f
99_history_full_dump_and_superseded_assets\full_source_data_dump\03_source_data_and_tables\manifest__8d4f25c20c.json,1303,1e209204c879dfe28807a41358368e8be7e8995e6230ee80c860ac38a79c1e7c
99_history_full_dump_and_superseded_assets\full_source_data_dump\03_source_data_and_tables\manifest__9cfaf38e58.json,984,3ab6f2b0c248639ed20dcdf6193dc40fe84a1488f2c5e68583cdbf127db99fcf
99_history_full_dump_and_superseded_assets\full_source_data_dump\03_source_data_and_tables\manifest__a14bad80ff.csv,1315,986205a1b413126b2f17481e3dbe841100eed04aa7f5dd27bdb0b87eb4ef61ec
99_history_full_dump_and_superseded_assets\full_source_data_dump\03_source_data_and_tables\manifest__c78abd7eac.json,1533,0dacdc6eddb457e2acf3d71d598996fa1da90b47571c55c107e1dc4488f5481d
99_history_full_dump_and_superseded_assets\full_source_data_dump\03_source_data_and_tables\manual_keyframe_labels__e16cfdf31e.json,19107,c0418860eaca25377e85b0f38c247ca719eb8fcc2a38693555697dcc57e04251
99_history_full_dump_and_superseded_assets\full_source_data_dump\03_source_data_and_tables\manual_keyframe_labels__e25bfb84cb.json,19107,c0418860eaca25377e85b0f38c247ca719eb8fcc2a38693555697dcc57e04251
99_history_full_dump_and_superseded_assets\full_source_data_dump\03_source_data_and_tables\manual_keyframe_labels_file1__839c2adcb6.json,19107,c0418860eaca25377e85b0f38c247ca719eb8fcc2a38693555697dcc57e04251
99_history_full_dump_and_superseded_assets\full_source_data_dump\03_source_data_and_tables\manual_keyframe_labels_file1__ce0d16af8d.json,19107,c0418860eaca25377e85b0f38c247ca719eb8fcc2a38693555697dcc57e04251
99_history_full_dump_and_superseded_assets\full_source_data_dump\03_source_data_and_tables\manual_keyframe_labels_file2__4273109908.json,11632,f5fcb4638177c0285ed5d973bded5d6362d3cb852e92ad9ca82a71fe45ba06d7
99_history_full_dump_and_superseded_assets\full_source_data_dump\03_source_data_and_tables\manual_keyframe_labels_file2__5e36e246eb.json,11632,f5fcb4638177c0285ed5d973bded5d6362d3cb852e92ad9ca82a71fe45ba06d7
99_history_full_dump_and_superseded_assets\full_source_data_dump\03_source_data_and_tables\manual_keyframe_labels_file2__642352f905.json,11632,f5fcb4638177c0285ed5d973bded5d6362d3cb852e92ad9ca82a71fe45ba06d7
99_history_full_dump_and_superseded_assets\full_source_data_dump\03_source_data_and_tables\manual_keyframe_labels_file2__9a0ae94dcf.json,11632,f5fcb4638177c0285ed5d973bded5d6362d3cb852e92ad9ca82a71fe45ba06d7
99_history_full_dump_and_superseded_assets\full_source_data_dump\03_source_data_and_tables\manual_keyframe_labels_file2__9ad1e0fc6f.json,11632,f5fcb4638177c0285ed5d973bded5d6362d3cb852e92ad9ca82a71fe45ba06d7
99_history_full_dump_and_superseded_assets\full_source_data_dump\03_source_data_and_tables\manual_keyframe_labels_file2__a263caa4d3.json,11632,f5fcb4638177c0285ed5d973bded5d6362d3cb852e92ad9ca82a71fe45ba06d7
99_history_full_dump_and_superseded_assets\full_source_data_dump\03_source_data_and_tables\manual_keyframe_labels_file2__a6dde0c452.json,11632,f5fcb4638177c0285ed5d973bded5d6362d3cb852e92ad9ca82a71fe45ba06d7
99_history_full_dump_and_superseded_assets\full_source_data_dump\03_source_data_and_tables\manual_keyframe_labels_file2__d58d704f48.json,11632,f5fcb4638177c0285ed5d973bded5d6362d3cb852e92ad9ca82a71fe45ba06d7
99_history_full_dump_and_superseded_assets\full_source_data_dump\03_source_data_and_tables\manual_keyframe_labels_file2__ed0d384b10.json,11632,f5fcb4638177c0285ed5d973bded5d6362d3cb852e92ad9ca82a71fe45ba06d7
99_history_full_dump_and_superseded_assets\full_source_data_dump\03_source_data_and_tables\manual_keyframe_labels_file3.0407_review_working__10cf6b72f3.json,10680,db15de98fe7dd47258d32087a952fc9682f6db27b551ee30bb88ca4f675a4759
99_history_full_dump_and_superseded_assets\full_source_data_dump\03_source_data_and_tables\manual_keyframe_labels_file3.0407_review_working__96176860d5.json,10680,db15de98fe7dd47258d32087a952fc9682f6db27b551ee30bb88ca4f675a4759
99_history_full_dump_and_superseded_assets\full_source_data_dump\03_source_data_and_tables\manual_keyframe_labels_file3.auc09_vs_auc083_review_working__96561147c0.json,11295,62ac9a9a6b2595340cd18edbb90f4bd9bba74417a5d1fd04b897c981390f0ddb
99_history_full_dump_and_superseded_assets\full_source_data_dump\03_source_data_and_tables\manual_keyframe_labels_file3.auc09_vs_auc083_review_working__d6058fd2b7.json,11295,62ac9a9a6b2595340cd18edbb90f4bd9bba74417a5d1fd04b897c981390f0ddb
99_history_full_dump_and_superseded_assets\full_source_data_dump\03_source_data_and_tables\manual_keyframe_labels_file3.backup_before_restore_20260407__01525c36d9.json,10680,db15de98fe7dd47258d32087a952fc9682f6db27b551ee30bb88ca4f675a4759
99_history_full_dump_and_superseded_assets\full_source_data_dump\03_source_data_and_tables\manual_keyframe_labels_file3.backup_before_restore_20260407__18fb2cf136.json,10680,db15de98fe7dd47258d32087a952fc9682f6db27b551ee30bb88ca4f675a4759
99_history_full_dump_and_superseded_assets\full_source_data_dump\03_source_data_and_tables\manual_keyframe_labels_file3.backup_before_restore_20260407__40cdc12f6b.json,10680,db15de98fe7dd47258d32087a952fc9682f6db27b551ee30bb88ca4f675a4759
99_history_full_dump_and_superseded_assets\full_source_data_dump\03_source_data_and_tables\manual_keyframe_labels_file3.backup_before_restore_20260407__4d5f305faf.json,10680,db15de98fe7dd47258d32087a952fc9682f6db27b551ee30bb88ca4f675a4759
99_history_full_dump_and_superseded_assets\full_source_data_dump\03_source_data_and_tables\manual_keyframe_labels_file3.backup_before_restore_20260407__5107016ce0.json,10680,db15de98fe7dd47258d32087a952fc9682f6db27b551ee30bb88ca4f675a4759
99_history_full_dump_and_superseded_assets\full_source_data_dump\03_source_data_and_tables\manual_keyframe_labels_file3.backup_before_restore_20260407__8eea7adbea.json,10680,db15de98fe7dd47258d32087a952fc9682f6db27b551ee30bb88ca4f675a4759
99_history_full_dump_and_superseded_assets\full_source_data_dump\03_source_data_and_tables\manual_keyframe_labels_file3__164d9f8fff.json,10655,c282acd1ab9c5176183391bd83c8747b6b4bdfe9941236090766a3237c94b40c
99_history_full_dump_and_superseded_assets\full_source_data_dump\03_source_data_and_tables\manual_keyframe_labels_file3__2eb8a02c83.json,10655,c282acd1ab9c5176183391bd83c8747b6b4bdfe9941236090766a3237c94b40c
99_history_full_dump_and_superseded_assets\full_source_data_dump\03_source_data_and_tables\manual_keyframe_labels_file3__3c3e124043.json,10655,c282acd1ab9c5176183391bd83c8747b6b4bdfe9941236090766a3237c94b40c
99_history_full_dump_and_superseded_assets\full_source_data_dump\03_source_data_and_tables\manual_keyframe_labels_file3__43959201fb.json,41958,97f1ba7936e1145da9b14149ca9137d67618ace6c418e5e8341010c501fc2fd4
99_history_full_dump_and_superseded_assets\full_source_data_dump\03_source_data_and_tables\manual_keyframe_labels_file3__4a70b037b0.json,10655,c282acd1ab9c5176183391bd83c8747b6b4bdfe9941236090766a3237c94b40c
99_history_full_dump_and_superseded_assets\full_source_data_dump\03_source_data_and_tables\manual_keyframe_labels_file3__5fdfe6d191.json,10655,c282acd1ab9c5176183391bd83c8747b6b4bdfe9941236090766a3237c94b40c
99_history_full_dump_and_superseded_assets\full_source_data_dump\03_source_data_and_tables\manual_keyframe_labels_file3__862bc75c1f.json,11295,62ac9a9a6b2595340cd18edbb90f4bd9bba74417a5d1fd04b897c981390f0ddb
99_history_full_dump_and_superseded_assets\full_source_data_dump\03_source_data_and_tables\manual_keyframe_labels_file3__94ddb8b386.json,41958,97f1ba7936e1145da9b14149ca9137d67618ace6c418e5e8341010c501fc2fd4
99_history_full_dump_and_superseded_assets\full_source_data_dump\03_source_data_and_tables\manual_keyframe_labels_file3__afbcb36aa1.json,11295,62ac9a9a6b2595340cd18edbb90f4bd9bba74417a5d1fd04b897c981390f0ddb
99_history_full_dump_and_superseded_assets\full_source_data_dump\03_source_data_and_tables\neg_no_nodule__27cb91fc44.json,2717,c6c0ea257f34a9f8667ce6283b9a97688ff93fcc0bef0536a7b3ca4bc37769bf
99_history_full_dump_and_superseded_assets\full_source_data_dump\03_source_data_and_tables\neg_no_nodule__af0fc38d18.json,2717,c6c0ea257f34a9f8667ce6283b9a97688ff93fcc0bef0536a7b3ca4bc37769bf
99_history_full_dump_and_superseded_assets\full_source_data_dump\03_source_data_and_tables\overall_readout_summary_table__82d59a255e.csv,394,61261bd6ee1f4f278c31d205e0cea04efeee663cebafb1236da6ad1600349dd0
99_history_full_dump_and_superseded_assets\full_source_data_dump\03_source_data_and_tables\page_01_table_01__41bd4b8492.csv,1532,ac9a3bac378769c3ce2dabc2230fbbeb6e4b7712b5a98e0888de53c5bfa2dce3
99_history_full_dump_and_superseded_assets\full_source_data_dump\03_source_data_and_tables\page_01_table_01__5c91b74b54.csv,1532,ac9a3bac378769c3ce2dabc2230fbbeb6e4b7712b5a98e0888de53c5bfa2dce3
99_history_full_dump_and_superseded_assets\full_source_data_dump\03_source_data_and_tables\page_01_table_02__2b36db90f7.csv,133,a1f7e200a6a68fb577ebd760b55c593ebc06a381c260f50db2837c1b65ef5ae8
99_history_full_dump_and_superseded_assets\full_source_data_dump\03_source_data_and_tables\page_01_table_02__cf6c0344f1.csv,133,a1f7e200a6a68fb577ebd760b55c593ebc06a381c260f50db2837c1b65ef5ae8
99_history_full_dump_and_superseded_assets\full_source_data_dump\03_source_data_and_tables\page_02_table_01__413fa3453b.csv,98,c8fa986e43b8087b6699ecfa8702a2b11faaf80255741644a24faeb3953c93c3
99_history_full_dump_and_superseded_assets\full_source_data_dump\03_source_data_and_tables\page_02_table_01__9104edbe27.csv,98,c8fa986e43b8087b6699ecfa8702a2b11faaf80255741644a24faeb3953c93c3
99_history_full_dump_and_superseded_assets\full_source_data_dump\03_source_data_and_tables\page_02_table_02__37da738a45.csv,14,b24b774ceda747a745a0bf4822d2b799c10e3a251ee1e6051e6074ca0e04372d
99_history_full_dump_and_superseded_assets\full_source_data_dump\03_source_data_and_tables\page_02_table_02__9b63dcc0b7.csv,14,b24b774ceda747a745a0bf4822d2b799c10e3a251ee1e6051e6074ca0e04372d
99_history_full_dump_and_superseded_assets\full_source_data_dump\03_source_data_and_tables\page_02_table_03__cc40bdee6d.csv,93,56d3e2cfafbf2e077f1126b3e9526a98594e13b95e0673037c6cc1eca5d7164c
99_history_full_dump_and_superseded_assets\full_source_data_dump\03_source_data_and_tables\page_02_table_03__df3ffd5a56.csv,93,56d3e2cfafbf2e077f1126b3e9526a98594e13b95e0673037c6cc1eca5d7164c
99_history_full_dump_and_superseded_assets\full_source_data_dump\03_source_data_and_tables\page_02_table_04__5a6dff19f6.csv,32,82bed81718e6cb16dc132f1130de7c33c8656be3234f810aa146b65c0aab0a70
99_history_full_dump_and_superseded_assets\full_source_data_dump\03_source_data_and_tables\page_02_table_04__db1403d1a5.csv,32,82bed81718e6cb16dc132f1130de7c33c8656be3234f810aa146b65c0aab0a70
99_history_full_dump_and_superseded_assets\full_source_data_dump\03_source_data_and_tables\page_02_table_05__71cea168c1.csv,16,50a5cdba43b650a82d5e7e2e57a97c9968e0094f9644e0ea2ecd5bfa8fb64ca2
99_history_full_dump_and_superseded_assets\full_source_data_dump\03_source_data_and_tables\page_02_table_05__cc2a039065.csv,16,50a5cdba43b650a82d5e7e2e57a97c9968e0094f9644e0ea2ecd5bfa8fb64ca2
99_history_full_dump_and_superseded_assets\full_source_data_dump\03_source_data_and_tables\page_02_table_06__22a880d9fd.csv,11,92d31c151d5ab05653ca3f10d56899840a13da78b55f3d82d1a92cdb3e44f406
99_history_full_dump_and_superseded_assets\full_source_data_dump\03_source_data_and_tables\page_02_table_06__a24383359a.csv,11,92d31c151d5ab05653ca3f10d56899840a13da78b55f3d82d1a92cdb3e44f406
99_history_full_dump_and_superseded_assets\full_source_data_dump\03_source_data_and_tables\page_02_table_07__a050d23a25.csv,45,4e481a0f21e193de495f7cee5619ff3a3bff43a1754cb03c946d1a53c5f26a9a
99_history_full_dump_and_superseded_assets\full_source_data_dump\03_source_data_and_tables\page_02_table_07__e426ccff7a.csv,45,4e481a0f21e193de495f7cee5619ff3a3bff43a1754cb03c946d1a53c5f26a9a
99_history_full_dump_and_superseded_assets\full_source_data_dump\03_source_data_and_tables\page_02_table_08__0b981d8037.csv,93,54fc8194ea5de3a9c40058339ad689685b0eb883e1abb4f329913b247d30a6b7
99_history_full_dump_and_superseded_assets\full_source_data_dump\03_source_data_and_tables\page_02_table_08__4918287539.csv,93,54fc8194ea5de3a9c40058339ad689685b0eb883e1abb4f329913b247d30a6b7
99_history_full_dump_and_superseded_assets\full_source_data_dump\03_source_data_and_tables\page_02_table_09__01298911c1.csv,20,92642b613127548b17627f21ac6cad85dad3f46437ba97deda2cfeac1ba7da76
99_history_full_dump_and_superseded_assets\full_source_data_dump\03_source_data_and_tables\page_02_table_09__5354cf8ee6.csv,20,92642b613127548b17627f21ac6cad85dad3f46437ba97deda2cfeac1ba7da76
99_history_full_dump_and_superseded_assets\full_source_data_dump\03_source_data_and_tables\page_02_table_10__209d8a2047.csv,10,40d1d0d121664e178b351a27f750d7fcb3d0596b7ae7edb136ed2229decf590e
99_history_full_dump_and_superseded_assets\full_source_data_dump\03_source_data_and_tables\page_02_table_10__775e69ff66.csv,10,40d1d0d121664e178b351a27f750d7fcb3d0596b7ae7edb136ed2229decf590e
99_history_full_dump_and_superseded_assets\full_source_data_dump\03_source_data_and_tables\page_02_table_11__2bf309aaab.csv,6,0bb0816fd047aa70629acd96559630b59d12c60fd07f74661b9f7357dd5bb7ba
99_history_full_dump_and_superseded_assets\full_source_data_dump\03_source_data_and_tables\page_02_table_11__e1f63af0dc.csv,6,0bb0816fd047aa70629acd96559630b59d12c60fd07f74661b9f7357dd5bb7ba
99_history_full_dump_and_superseded_assets\full_source_data_dump\03_source_data_and_tables\page_02_table_12__c96206a780.csv,16,0bae8877514e823b119b72936262ceff4fb3d8f1528b9b125c451366fb92c450
99_history_full_dump_and_superseded_assets\full_source_data_dump\03_source_data_and_tables\page_02_table_12__e509066b99.csv,16,0bae8877514e823b119b72936262ceff4fb3d8f1528b9b125c451366fb92c450
99_history_full_dump_and_superseded_assets\full_source_data_dump\03_source_data_and_tables\page_02_table_13__6bde299098.csv,48,d94d78887218ca6be13aad556fd2eeba760126fbb4988c599608362da94dc364
99_history_full_dump_and_superseded_assets\full_source_data_dump\03_source_data_and_tables\page_02_table_13__eba4f1e942.csv,48,d94d78887218ca6be13aad556fd2eeba760126fbb4988c599608362da94dc364
99_history_full_dump_and_superseded_assets\full_source_data_dump\03_source_data_and_tables\page_02_table_14__6751ac31ed.csv,6,0bb0816fd047aa70629acd96559630b59d12c60fd07f74661b9f7357dd5bb7ba
99_history_full_dump_and_superseded_assets\full_source_data_dump\03_source_data_and_tables\page_02_table_14__e4a5ccc327.csv,6,0bb0816fd047aa70629acd96559630b59d12c60fd07f74661b9f7357dd5bb7ba
99_history_full_dump_and_superseded_assets\full_source_data_dump\03_source_data_and_tables\page_02_table_15__cdee933cb8.csv,22,72356d97d27d728dbca278c7ca40039f9b28342c5248798026a64be6981f2f52
99_history_full_dump_and_superseded_assets\full_source_data_dump\03_source_data_and_tables\page_02_table_15__d4caa5cb3a.csv,22,72356d97d27d728dbca278c7ca40039f9b28342c5248798026a64be6981f2f52
99_history_full_dump_and_superseded_assets\full_source_data_dump\03_source_data_and_tables\page_02_table_16__23f839c0da.csv,17,11e320306ba19985b2bcc3b87a94bcc5bd81d7e0c884676fa9e5426b30d8a362
99_history_full_dump_and_superseded_assets\full_source_data_dump\03_source_data_and_tables\page_02_table_16__8cd813d5b2.csv,17,11e320306ba19985b2bcc3b87a94bcc5bd81d7e0c884676fa9e5426b30d8a362
99_history_full_dump_and_superseded_assets\full_source_data_dump\03_source_data_and_tables\page_02_table_17__264d4056ad.csv,18,a0eee568b69bfa480601cb3669eeadbbf575703f2a5597fa40200a7e363daff5
99_history_full_dump_and_superseded_assets\full_source_data_dump\03_source_data_and_tables\page_02_table_17__fc9fcf95d3.csv,18,a0eee568b69bfa480601cb3669eeadbbf575703f2a5597fa40200a7e363daff5
99_history_full_dump_and_superseded_assets\full_source_data_dump\03_source_data_and_tables\page_02_table_18__63d2fc4311.csv,12,93e120cbc7becc280e0e81c070960cff123921bc4cbf581137732e099c4c46a3
99_history_full_dump_and_superseded_assets\full_source_data_dump\03_source_data_and_tables\page_02_table_18__b9c528a34a.csv,12,93e120cbc7becc280e0e81c070960cff123921bc4cbf581137732e099c4c46a3
99_history_full_dump_and_superseded_assets\full_source_data_dump\03_source_data_and_tables\page_02_table_19__8d68946867.csv,13,0ca1bf24013f03e42523620509cca2265a3d9b7941f2f909b7e567e7f9eee89d
99_history_full_dump_and_superseded_assets\full_source_data_dump\03_source_data_and_tables\page_02_table_19__f9dbb6f64c.csv,13,0ca1bf24013f03e42523620509cca2265a3d9b7941f2f909b7e567e7f9eee89d
99_history_full_dump_and_superseded_assets\full_source_data_dump\03_source_data_and_tables\page_02_table_20__822c80d273.csv,58,4e8689d61ca7f3b9bb3beb31f9f2225d7a337dad71689120e4599bbaed3662e3
99_history_full_dump_and_superseded_assets\full_source_data_dump\03_source_data_and_tables\page_02_table_20__e2c43f2e54.csv,58,4e8689d61ca7f3b9bb3beb31f9f2225d7a337dad71689120e4599bbaed3662e3
99_history_full_dump_and_superseded_assets\full_source_data_dump\03_source_data_and_tables\page_02_table_21__86dbc751ec.csv,7,4086a8cd2bf79bd3ce1925bf15eb730d01b95639a94c1748e0eb66a104f035f5
99_history_full_dump_and_superseded_assets\full_source_data_dump\03_source_data_and_tables\page_02_table_21__bca5e64d6c.csv,7,4086a8cd2bf79bd3ce1925bf15eb730d01b95639a94c1748e0eb66a104f035f5
99_history_full_dump_and_superseded_assets\full_source_data_dump\03_source_data_and_tables\page_04_table_01__1c81f6eb1b.csv,371,03b5f1674e84350dcdf5e9f3bd0c2f87dc0377cfb38a8b7203f07af8697e3869
99_history_full_dump_and_superseded_assets\full_source_data_dump\03_source_data_and_tables\page_04_table_01__d67c286382.csv,371,03b5f1674e84350dcdf5e9f3bd0c2f87dc0377cfb38a8b7203f07af8697e3869
99_history_full_dump_and_superseded_assets\full_source_data_dump\03_source_data_and_tables\page_05_table_01__6099ab0b61.csv,15,7d62f082254a8882789b857fd85e433efa4c68815e572a4ba1cc915617485d75
99_history_full_dump_and_superseded_assets\full_source_data_dump\03_source_data_and_tables\page_05_table_01__b87b4a2b0f.csv,15,7d62f082254a8882789b857fd85e433efa4c68815e572a4ba1cc915617485d75
99_history_full_dump_and_superseded_assets\full_source_data_dump\03_source_data_and_tables\panel_F_mechanism_closure_evidence__18100805ef.csv,774,fed73531e84ccda784af8c732804d76375035a6d4da47d0e968021f2e0095350
99_history_full_dump_and_superseded_assets\full_source_data_dump\03_source_data_and_tables\panel_G_auc_table_data__2fa6f7f431.csv,521,0bcb7926fab29d0d2602f782294d851d591c138ae806dcee0a85e131aafadfe5
99_history_full_dump_and_superseded_assets\full_source_data_dump\03_source_data_and_tables\panel_G_full_auc_model_comparison__7b7fdbea34.csv,615,a946b703393fc133679cfbe4b19ebca7947f987bb5ddae7b15fc44c494160582
99_history_full_dump_and_superseded_assets\full_source_data_dump\03_source_data_and_tables\panel_H_failure_mechanism_summary__365d2733c0.csv,1090,980cf822953ef756ce2bf83e067bf055310aed0cbaba99c8e249099b28cad32d
99_history_full_dump_and_superseded_assets\full_source_data_dump\03_source_data_and_tables\paper_stage1_dualstream_mstcn_split_manifest__56ea72eb4b.json,17837,4c4457f16299560226a60713535520abb47158e82e422c625d4c184c89006fe2
99_history_full_dump_and_superseded_assets\full_source_data_dump\03_source_data_and_tables\paper_stage1_dualstream_mstcn_split_manifest__61b1c49f72.json,17837,4c4457f16299560226a60713535520abb47158e82e422c625d4c184c89006fe2
99_history_full_dump_and_superseded_assets\full_source_data_dump\03_source_data_and_tables\paper_stage1_dualstream_mstcn_split_manifest__623b89b56f.json,17837,4c4457f16299560226a60713535520abb47158e82e422c625d4c184c89006fe2
99_history_full_dump_and_superseded_assets\full_source_data_dump\03_source_data_and_tables\paper_stage1_dualstream_mstcn_split_manifest__6892462b37.json,17837,4c4457f16299560226a60713535520abb47158e82e422c625d4c184c89006fe2
99_history_full_dump_and_superseded_assets\full_source_data_dump\03_source_data_and_tables\paper_stage1_dualstream_mstcn_split_manifest__71806d8d5f.json,17837,4c4457f16299560226a60713535520abb47158e82e422c625d4c184c89006fe2
99_history_full_dump_and_superseded_assets\full_source_data_dump\03_source_data_and_tables\paper_stage1_dualstream_mstcn_split_manifest__73ee64b7b3.json,17837,4c4457f16299560226a60713535520abb47158e82e422c625d4c184c89006fe2
99_history_full_dump_and_superseded_assets\full_source_data_dump\03_source_data_and_tables\paper_stage1_dualstream_mstcn_split_manifest__7c1cf64eb0.json,17837,4c4457f16299560226a60713535520abb47158e82e422c625d4c184c89006fe2
99_history_full_dump_and_superseded_assets\full_source_data_dump\03_source_data_and_tables\paper_stage1_dualstream_mstcn_split_manifest__fc57383a83.json,17837,4c4457f16299560226a60713535520abb47158e82e422c625d4c184c89006fe2
99_history_full_dump_and_superseded_assets\full_source_data_dump\03_source_data_and_tables\paper_stage1_dualstream_mstcn_summary__325e939194.json,13919,6a7361e6bbd7429912178c85cf232c77268e0b919d2a7d4b08a86d58f387af5b
99_history_full_dump_and_superseded_assets\full_source_data_dump\03_source_data_and_tables\paper_stage1_dualstream_mstcn_summary__51cee91f60.json,11924,b98c8da72b6b63c6fb1c7d27e68697729d81cacbb387faa008959950975a3924
99_history_full_dump_and_superseded_assets\full_source_data_dump\03_source_data_and_tables\paper_stage1_dualstream_mstcn_summary__6358148ce6.json,13871,7d601422614cafb0e66679eba3cd54cac2d2f143324d0f48aabdd64ef97c1c2e
99_history_full_dump_and_superseded_assets\full_source_data_dump\03_source_data_and_tables\paper_stage1_dualstream_mstcn_summary__75f5c96400.json,11332,b40b06c17f6ea9faa32afd066b15bb12758670fea77f1b48c98ae325c00328bd
99_history_full_dump_and_superseded_assets\full_source_data_dump\03_source_data_and_tables\paper_stage1_dualstream_mstcn_summary__802e61701c.json,11332,b40b06c17f6ea9faa32afd066b15bb12758670fea77f1b48c98ae325c00328bd
99_history_full_dump_and_superseded_assets\full_source_data_dump\03_source_data_and_tables\paper_stage1_dualstream_mstcn_summary__8b77104d68.json,13919,6a7361e6bbd7429912178c85cf232c77268e0b919d2a7d4b08a86d58f387af5b
99_history_full_dump_and_superseded_assets\full_source_data_dump\03_source_data_and_tables\paper_stage1_dualstream_mstcn_summary__94d9d176f1.json,13871,7d601422614cafb0e66679eba3cd54cac2d2f143324d0f48aabdd64ef97c1c2e
99_history_full_dump_and_superseded_assets\full_source_data_dump\03_source_data_and_tables\paper_stage1_dualstream_mstcn_summary__f2c5c91bac.json,11924,b98c8da72b6b63c6fb1c7d27e68697729d81cacbb387faa008959950975a3924
99_history_full_dump_and_superseded_assets\full_source_data_dump\03_source_data_and_tables\pdf_extracted_images_index__cb07842065.csv,32189,c064aa5d9b61d4d294664f0d912ac6ee81998f524a65a54e706717abc4b078be
99_history_full_dump_and_superseded_assets\full_source_data_dump\03_source_data_and_tables\physical_prior_feature_significance__a5a92a65bc.csv,1696,8ad147bd1d6719e293d52f0347b14418a80ae4b495a9e958ab77bbfcc7f12350
99_history_full_dump_and_superseded_assets\full_source_data_dump\03_source_data_and_tables\pooling_ablation_summary__8b1c4a0084.csv,1204,4e87b9a53e0fed58701b6962bee1ee3a7b89a2772854a89593a24cde3e0f2149
99_history_full_dump_and_superseded_assets\full_source_data_dump\03_source_data_and_tables\pooling_ablation_summary__cba1d3d549.csv,1204,4e87b9a53e0fed58701b6962bee1ee3a7b89a2772854a89593a24cde3e0f2149
99_history_full_dump_and_superseded_assets\full_source_data_dump\03_source_data_and_tables\pos_s01_d01__0e67a86f2a.json,2723,d0f91950ac55fbdf31e882a23199b1e7b197f28aea65afc88cbecdbaa96bcb36
99_history_full_dump_and_superseded_assets\full_source_data_dump\03_source_data_and_tables\pos_s01_d01__df038e246d.json,2723,d0f91950ac55fbdf31e882a23199b1e7b197f28aea65afc88cbecdbaa96bcb36
99_history_full_dump_and_superseded_assets\full_source_data_dump\03_source_data_and_tables\pos_s01_d02__9a901029de.json,2718,488b3d72f8c432aa60ef75a760d79cd99c502207aca208d85b3dd74c05dee14e
99_history_full_dump_and_superseded_assets\full_source_data_dump\03_source_data_and_tables\pos_s01_d02__eed31a762e.json,2718,488b3d72f8c432aa60ef75a760d79cd99c502207aca208d85b3dd74c05dee14e
99_history_full_dump_and_superseded_assets\full_source_data_dump\03_source_data_and_tables\pos_s01_d03__0555d0ea62.json,2722,a17b8e7a2818ed832b9f182f379e7dd1f4a576817462a2a54c9a5de67254c373
99_history_full_dump_and_superseded_assets\full_source_data_dump\03_source_data_and_tables\pos_s01_d03__e1f8854383.json,2722,a17b8e7a2818ed832b9f182f379e7dd1f4a576817462a2a54c9a5de67254c373
99_history_full_dump_and_superseded_assets\full_source_data_dump\03_source_data_and_tables\positive_frame_grouped_mean_0407_summary__5ab7077bd3.csv,4671,4fe854b8c2544dea78e15cfe197ada96fe4c9584ba1d96137aff28d045d6c74a
99_history_full_dump_and_superseded_assets\full_source_data_dump\03_source_data_and_tables\positive_frame_grouped_mean_0407_summary__ffe608c0c6.csv,4671,4fe854b8c2544dea78e15cfe197ada96fe4c9584ba1d96137aff28d045d6c74a
99_history_full_dump_and_superseded_assets\full_source_data_dump\03_source_data_and_tables\positive_frame_mean_0407_by_file__d93bf94503.csv,3864,c1afe32efa293fc807e14b2d13aed70d7636f8c899f42d6bc6533ebf97af7bfa
99_history_full_dump_and_superseded_assets\full_source_data_dump\03_source_data_and_tables\positive_frame_mean_0407_by_file__f312152f92.csv,3864,c1afe32efa293fc807e14b2d13aed70d7636f8c899f42d6bc6533ebf97af7bfa
99_history_full_dump_and_superseded_assets\full_source_data_dump\03_source_data_and_tables\positive_frame_mean_0407_raw_12x8__b59e71c5b4.csv,2412,4b61627266ae3bef294be14fcab80d7e721cba59fb930ed5f308eef874d3ffc0
99_history_full_dump_and_superseded_assets\full_source_data_dump\03_source_data_and_tables\positive_frame_mean_0407_raw_12x8__c4b013a4f6.csv,2412,4b61627266ae3bef294be14fcab80d7e721cba59fb930ed5f308eef874d3ffc0
99_history_full_dump_and_superseded_assets\full_source_data_dump\03_source_data_and_tables\positive_frame_mean_0407_selfnorm_12x8__8b616fcefa.csv,2412,006cba4c608ca7f395f25356f7236931dc5842a6e6ac6c37a70bb7bcdf65a6d0
99_history_full_dump_and_superseded_assets\full_source_data_dump\03_source_data_and_tables\positive_frame_mean_0407_selfnorm_12x8__d8eebfec0d.csv,2412,006cba4c608ca7f395f25356f7236931dc5842a6e6ac6c37a70bb7bcdf65a6d0
99_history_full_dump_and_superseded_assets\full_source_data_dump\03_source_data_and_tables\positive_frame_mean_0407_size0.25_depth0.5_raw_12x8__bca0e18230.csv,2413,65ac53290f7c24c3754cda1f51b9292269ca5e8d7c30ced1b7a02a4fca396a0e
99_history_full_dump_and_superseded_assets\full_source_data_dump\03_source_data_and_tables\positive_frame_mean_0407_size0.25_depth0.5_raw_12x8__c64d0f18b1.csv,2413,65ac53290f7c24c3754cda1f51b9292269ca5e8d7c30ced1b7a02a4fca396a0e
99_history_full_dump_and_superseded_assets\full_source_data_dump\03_source_data_and_tables\positive_frame_mean_0407_size0.25_depth0.5_selfnorm_12x8__29b37382fd.csv,2412,c5fac41ce2fb8cee3b328a3c2d3d72e1e2afdcdfc4b120ad16189399dc04efc7
99_history_full_dump_and_superseded_assets\full_source_data_dump\03_source_data_and_tables\positive_frame_mean_0407_size0.25_depth0.5_selfnorm_12x8__4bf2007f1a.csv,2412,c5fac41ce2fb8cee3b328a3c2d3d72e1e2afdcdfc4b120ad16189399dc04efc7
99_history_full_dump_and_superseded_assets\full_source_data_dump\03_source_data_and_tables\positive_frame_mean_0407_size0.25_depth1.5_raw_12x8__1411a992ac.csv,2413,fa4aceed9f92cc333d3ce742d81254a6e9e1f5fb35f23c272460b16a1dc4e5ed
99_history_full_dump_and_superseded_assets\full_source_data_dump\03_source_data_and_tables\positive_frame_mean_0407_size0.25_depth1.5_raw_12x8__9d0ee793d2.csv,2413,fa4aceed9f92cc333d3ce742d81254a6e9e1f5fb35f23c272460b16a1dc4e5ed
99_history_full_dump_and_superseded_assets\full_source_data_dump\03_source_data_and_tables\positive_frame_mean_0407_size0.25_depth1.5_selfnorm_12x8__2bb269412f.csv,2412,ded6f4adddb0875588beb79fbc66b246f1bbd1948a7e9f7e4615641f9b012e4e
99_history_full_dump_and_superseded_assets\full_source_data_dump\03_source_data_and_tables\positive_frame_mean_0407_size0.25_depth1.5_selfnorm_12x8__a41d3b1a96.csv,2412,ded6f4adddb0875588beb79fbc66b246f1bbd1948a7e9f7e4615641f9b012e4e
99_history_full_dump_and_superseded_assets\full_source_data_dump\03_source_data_and_tables\positive_frame_mean_0407_size0.25_depth1_raw_12x8__4058eec378.csv,2414,a0782c213f9941271572b99b859834dcc2ed27c1883611a08a72d00f28a2e481
99_history_full_dump_and_superseded_assets\full_source_data_dump\03_source_data_and_tables\positive_frame_mean_0407_size0.25_depth1_raw_12x8__80fae8c9f9.csv,2414,a0782c213f9941271572b99b859834dcc2ed27c1883611a08a72d00f28a2e481
99_history_full_dump_and_superseded_assets\full_source_data_dump\03_source_data_and_tables\positive_frame_mean_0407_size0.25_depth1_selfnorm_12x8__7925d7f840.csv,2412,f85e94e55ab5ae7cc3abde39bc84a79bd3746ef18aeab62bdb2eb2a8bfb76ac2
99_history_full_dump_and_superseded_assets\full_source_data_dump\03_source_data_and_tables\positive_frame_mean_0407_size0.25_depth1_selfnorm_12x8__f5bfff32cd.csv,2412,f85e94e55ab5ae7cc3abde39bc84a79bd3746ef18aeab62bdb2eb2a8bfb76ac2
99_history_full_dump_and_superseded_assets\full_source_data_dump\03_source_data_and_tables\positive_frame_mean_0407_size0.25_depth2.5_raw_12x8__067f66700f.csv,2414,35fac207a2e7c21c482ff85ab2987da736530fcd413f99af428f4bfa4bdef58e
99_history_full_dump_and_superseded_assets\full_source_data_dump\03_source_data_and_tables\positive_frame_mean_0407_size0.25_depth2.5_raw_12x8__c14f7db6ea.csv,2414,35fac207a2e7c21c482ff85ab2987da736530fcd413f99af428f4bfa4bdef58e
99_history_full_dump_and_superseded_assets\full_source_data_dump\03_source_data_and_tables\positive_frame_mean_0407_size0.25_depth2.5_selfnorm_12x8__9f8d49e9f3.csv,2412,92ae0fff5f3fac096413ab20441189f6a7a1925954e40ae56af5e406a334afa7
99_history_full_dump_and_superseded_assets\full_source_data_dump\03_source_data_and_tables\positive_frame_mean_0407_size0.25_depth2.5_selfnorm_12x8__c2a4000e63.csv,2412,92ae0fff5f3fac096413ab20441189f6a7a1925954e40ae56af5e406a334afa7
99_history_full_dump_and_superseded_assets\full_source_data_dump\03_source_data_and_tables\positive_frame_mean_0407_size0.25_depth2_raw_12x8__574cf73859.csv,2413,c2cd8e9f4716adca1b8ef198a0e8fe40b3c4cfd9ad17302336179a3f241ff237
99_history_full_dump_and_superseded_assets\full_source_data_dump\03_source_data_and_tables\positive_frame_mean_0407_size0.25_depth2_raw_12x8__66d1b6976c.csv,2413,c2cd8e9f4716adca1b8ef198a0e8fe40b3c4cfd9ad17302336179a3f241ff237
99_history_full_dump_and_superseded_assets\full_source_data_dump\03_source_data_and_tables\positive_frame_mean_0407_size0.25_depth2_selfnorm_12x8__7d073f210d.csv,2412,61a146b8d40c15840a9eb7b0ee58bc2a91108a06285e2a420907dfbb050fc4f7
99_history_full_dump_and_superseded_assets\full_source_data_dump\03_source_data_and_tables\positive_frame_mean_0407_size0.25_depth2_selfnorm_12x8__bc4cf55d85.csv,2412,61a146b8d40c15840a9eb7b0ee58bc2a91108a06285e2a420907dfbb050fc4f7
99_history_full_dump_and_superseded_assets\full_source_data_dump\03_source_data_and_tables\positive_frame_mean_0407_size0.5_depth0.5_raw_12x8__0081c52790.csv,2412,ed9c851ebcd1fed1d14088726d1b89c5605fe3a8aec50f3aaf0af4d5b26b2c95
99_history_full_dump_and_superseded_assets\full_source_data_dump\03_source_data_and_tables\positive_frame_mean_0407_size0.5_depth0.5_raw_12x8__9263137cfc.csv,2412,ed9c851ebcd1fed1d14088726d1b89c5605fe3a8aec50f3aaf0af4d5b26b2c95
99_history_full_dump_and_superseded_assets\full_source_data_dump\03_source_data_and_tables\positive_frame_mean_0407_size0.5_depth0.5_selfnorm_12x8__74bfd0db0b.csv,2412,bc364faafa1a2b5664c18da6b5c19130a5d7d709029f6db12560b23c21d7cd8b
99_history_full_dump_and_superseded_assets\full_source_data_dump\03_source_data_and_tables\positive_frame_mean_0407_size0.5_depth0.5_selfnorm_12x8__9bb132e7d5.csv,2412,bc364faafa1a2b5664c18da6b5c19130a5d7d709029f6db12560b23c21d7cd8b
99_history_full_dump_and_superseded_assets\full_source_data_dump\03_source_data_and_tables\positive_frame_mean_0407_size0.5_depth1.5_raw_12x8__c972f2a766.csv,2412,336f859d41138939a5f60a4a9e3dd844c24142c5ececd72852a47b087af5c7d4
99_history_full_dump_and_superseded_assets\full_source_data_dump\03_source_data_and_tables\positive_frame_mean_0407_size0.5_depth1.5_raw_12x8__daa6a4c345.csv,2412,336f859d41138939a5f60a4a9e3dd844c24142c5ececd72852a47b087af5c7d4
99_history_full_dump_and_superseded_assets\full_source_data_dump\03_source_data_and_tables\positive_frame_mean_0407_size0.5_depth1.5_selfnorm_12x8__03f3c26270.csv,2412,920de53ea5f90de6cea3914be115b1b1ec8f6d8b9e776784a009e0bb676e6330
99_history_full_dump_and_superseded_assets\full_source_data_dump\03_source_data_and_tables\positive_frame_mean_0407_size0.5_depth1.5_selfnorm_12x8__d1cff86df2.csv,2412,920de53ea5f90de6cea3914be115b1b1ec8f6d8b9e776784a009e0bb676e6330
99_history_full_dump_and_superseded_assets\full_source_data_dump\03_source_data_and_tables\positive_frame_mean_0407_size0.5_depth1_raw_12x8__46da215aba.csv,2412,04625453effec74d1d20cd2567e13d55f3ac63a2dd9a14e7089bcc6bb98a48b4
99_history_full_dump_and_superseded_assets\full_source_data_dump\03_source_data_and_tables\positive_frame_mean_0407_size0.5_depth1_raw_12x8__9b1e6ec59c.csv,2412,04625453effec74d1d20cd2567e13d55f3ac63a2dd9a14e7089bcc6bb98a48b4
99_history_full_dump_and_superseded_assets\full_source_data_dump\03_source_data_and_tables\positive_frame_mean_0407_size0.5_depth1_selfnorm_12x8__6b4ec187e0.csv,2412,7d37601548fc5e0717848b354d37f20a8190f21d800872e720e7a742a7eb9f15
99_history_full_dump_and_superseded_assets\full_source_data_dump\03_source_data_and_tables\positive_frame_mean_0407_size0.5_depth1_selfnorm_12x8__978e3fe27b.csv,2412,7d37601548fc5e0717848b354d37f20a8190f21d800872e720e7a742a7eb9f15
99_history_full_dump_and_superseded_assets\full_source_data_dump\03_source_data_and_tables\positive_frame_mean_0407_size0.5_depth2.5_raw_12x8__26241c1184.csv,2412,a11ed8b67d315bac63fed4748b83c4fd61ef3bf539b6ddef2ad7334f8e21b02e
99_history_full_dump_and_superseded_assets\full_source_data_dump\03_source_data_and_tables\positive_frame_mean_0407_size0.5_depth2.5_raw_12x8__53ff6445d5.csv,2412,a11ed8b67d315bac63fed4748b83c4fd61ef3bf539b6ddef2ad7334f8e21b02e
99_history_full_dump_and_superseded_assets\full_source_data_dump\03_source_data_and_tables\positive_frame_mean_0407_size0.5_depth2.5_selfnorm_12x8__3e8db12cb9.csv,2412,12a32f1aaf064e4a314ae887dd5a936d88d1f38b0f768003a6c26b89eefe258a
99_history_full_dump_and_superseded_assets\full_source_data_dump\03_source_data_and_tables\positive_frame_mean_0407_size0.5_depth2.5_selfnorm_12x8__a9087bd16e.csv,2412,12a32f1aaf064e4a314ae887dd5a936d88d1f38b0f768003a6c26b89eefe258a
99_history_full_dump_and_superseded_assets\full_source_data_dump\03_source_data_and_tables\positive_frame_mean_0407_size0.5_depth2_raw_12x8__c687a08c96.csv,2412,9b43d19b6ca7bba362bf166949df1a3e57124ca0c8dd2c5150d6f13ce73b93c2
99_history_full_dump_and_superseded_assets\full_source_data_dump\03_source_data_and_tables\positive_frame_mean_0407_size0.5_depth2_raw_12x8__f68eef5fc6.csv,2412,9b43d19b6ca7bba362bf166949df1a3e57124ca0c8dd2c5150d6f13ce73b93c2
99_history_full_dump_and_superseded_assets\full_source_data_dump\03_source_data_and_tables\positive_frame_mean_0407_size0.5_depth2_selfnorm_12x8__4ff2e3eb32.csv,2412,ded93cfe908ff8c7b5192616a8589a0773199cf85584599fd4662023d0af3cc0
99_history_full_dump_and_superseded_assets\full_source_data_dump\03_source_data_and_tables\positive_frame_mean_0407_size0.5_depth2_selfnorm_12x8__cce3e7f37a.csv,2412,ded93cfe908ff8c7b5192616a8589a0773199cf85584599fd4662023d0af3cc0
99_history_full_dump_and_superseded_assets\full_source_data_dump\03_source_data_and_tables\positive_frame_mean_0407_size0.5_depth3_raw_12x8__7dd61a0305.csv,2412,30666647fcc557db0fcbc2010c9cb0c77e7a0e23e14cfa1a6ebf9abe8f162141
99_history_full_dump_and_superseded_assets\full_source_data_dump\03_source_data_and_tables\positive_frame_mean_0407_size0.5_depth3_raw_12x8__b004ce961d.csv,2412,30666647fcc557db0fcbc2010c9cb0c77e7a0e23e14cfa1a6ebf9abe8f162141
99_history_full_dump_and_superseded_assets\full_source_data_dump\03_source_data_and_tables\positive_frame_mean_0407_size0.5_depth3_selfnorm_12x8__77c6231d45.csv,2412,64692fb8e9cad6fb5b2a8e062c2f4c6f0e752fe9cbe398d23d898ff830b602c3
99_history_full_dump_and_superseded_assets\full_source_data_dump\03_source_data_and_tables\positive_frame_mean_0407_size0.5_depth3_selfnorm_12x8__7b1f9bd70e.csv,2412,64692fb8e9cad6fb5b2a8e062c2f4c6f0e752fe9cbe398d23d898ff830b602c3
99_history_full_dump_and_superseded_assets\full_source_data_dump\03_source_data_and_tables\positive_frame_mean_0407_size0.75_depth0.5_raw_12x8__63debc0a92.csv,2412,cf45335a77b3ca38008ed8e823e0414db34b6cc6a226e4bed6610549868bdb15
99_history_full_dump_and_superseded_assets\full_source_data_dump\03_source_data_and_tables\positive_frame_mean_0407_size0.75_depth0.5_raw_12x8__b74e919bf9.csv,2412,cf45335a77b3ca38008ed8e823e0414db34b6cc6a226e4bed6610549868bdb15
99_history_full_dump_and_superseded_assets\full_source_data_dump\03_source_data_and_tables\positive_frame_mean_0407_size0.75_depth0.5_selfnorm_12x8__6220c249e0.csv,2412,8407e1ecf5bb8eda22adc6efab95ca14fadf20bb42f1dedd4fccf3bad1844ad1
99_history_full_dump_and_superseded_assets\full_source_data_dump\03_source_data_and_tables\positive_frame_mean_0407_size0.75_depth0.5_selfnorm_12x8__92e52ac756.csv,2412,8407e1ecf5bb8eda22adc6efab95ca14fadf20bb42f1dedd4fccf3bad1844ad1
99_history_full_dump_and_superseded_assets\full_source_data_dump\03_source_data_and_tables\positive_frame_mean_0407_size0.75_depth1.5_raw_12x8__02b7153715.csv,2412,8d6431d7f096d7d8141fdf6780347643040a2a1d4d3631016979c0d3ec8296a6
99_history_full_dump_and_superseded_assets\full_source_data_dump\03_source_data_and_tables\positive_frame_mean_0407_size0.75_depth1.5_raw_12x8__0db4aad3e1.csv,2412,8d6431d7f096d7d8141fdf6780347643040a2a1d4d3631016979c0d3ec8296a6
99_history_full_dump_and_superseded_assets\full_source_data_dump\03_source_data_and_tables\positive_frame_mean_0407_size0.75_depth1.5_selfnorm_12x8__3205a43ccc.csv,2412,c5ca4a7cfc170ed3dba5950a6f7c4ba95bf2640d11bee6d8372d845032e9c6db
99_history_full_dump_and_superseded_assets\full_source_data_dump\03_source_data_and_tables\positive_frame_mean_0407_size0.75_depth1.5_selfnorm_12x8__4972efde98.csv,2412,c5ca4a7cfc170ed3dba5950a6f7c4ba95bf2640d11bee6d8372d845032e9c6db
99_history_full_dump_and_superseded_assets\full_source_data_dump\03_source_data_and_tables\positive_frame_mean_0407_size0.75_depth1_raw_12x8__7681576f28.csv,2412,ee111b6c1039acc46087ec65a3558d87873ae506c74553ea40d51c75d603ad2b
99_history_full_dump_and_superseded_assets\full_source_data_dump\03_source_data_and_tables\positive_frame_mean_0407_size0.75_depth1_raw_12x8__9241685bea.csv,2412,ee111b6c1039acc46087ec65a3558d87873ae506c74553ea40d51c75d603ad2b
99_history_full_dump_and_superseded_assets\full_source_data_dump\03_source_data_and_tables\positive_frame_mean_0407_size0.75_depth1_selfnorm_12x8__6d4947cd5c.csv,2412,9c7cc31da9b7631a4f35a4dd9919b73c91e65045fd4216af7d6ebbc9cd822802
99_history_full_dump_and_superseded_assets\full_source_data_dump\03_source_data_and_tables\positive_frame_mean_0407_size0.75_depth1_selfnorm_12x8__b8a1be913f.csv,2412,9c7cc31da9b7631a4f35a4dd9919b73c91e65045fd4216af7d6ebbc9cd822802
99_history_full_dump_and_superseded_assets\full_source_data_dump\03_source_data_and_tables\positive_frame_mean_0407_size0.75_depth2.5_raw_12x8__38e3689c31.csv,2412,fb61c5ff656fc535c8aed9918079a4df08f14309aa2237f5783e2a8b0addb6ef
99_history_full_dump_and_superseded_assets\full_source_data_dump\03_source_data_and_tables\positive_frame_mean_0407_size0.75_depth2.5_raw_12x8__a2a0d821c0.csv,2412,fb61c5ff656fc535c8aed9918079a4df08f14309aa2237f5783e2a8b0addb6ef
99_history_full_dump_and_superseded_assets\full_source_data_dump\03_source_data_and_tables\positive_frame_mean_0407_size0.75_depth2.5_selfnorm_12x8__59e0f90c19.csv,2412,8ad682d6aba074096458b2c6baae1f42622820f104c0b1ad09b4da140c9d1226
99_history_full_dump_and_superseded_assets\full_source_data_dump\03_source_data_and_tables\positive_frame_mean_0407_size0.75_depth2.5_selfnorm_12x8__f67b3b7b55.csv,2412,8ad682d6aba074096458b2c6baae1f42622820f104c0b1ad09b4da140c9d1226
99_history_full_dump_and_superseded_assets\full_source_data_dump\03_source_data_and_tables\positive_frame_mean_0407_size0.75_depth2_raw_12x8__03820314ff.csv,2412,7a18e4129a70e39a673e8f616a5c3a5e5bb3963fd7bf7406f0d2d19bf42fb758
99_history_full_dump_and_superseded_assets\full_source_data_dump\03_source_data_and_tables\positive_frame_mean_0407_size0.75_depth2_raw_12x8__10aef12023.csv,2412,7a18e4129a70e39a673e8f616a5c3a5e5bb3963fd7bf7406f0d2d19bf42fb758
99_history_full_dump_and_superseded_assets\full_source_data_dump\03_source_data_and_tables\positive_frame_mean_0407_size0.75_depth2_selfnorm_12x8__b43fc6c509.csv,2412,9bad880762712493e3a9519dd1f731c120290c65005e2f582c04d250966fdfcf
99_history_full_dump_and_superseded_assets\full_source_data_dump\03_source_data_and_tables\positive_frame_mean_0407_size0.75_depth2_selfnorm_12x8__ec6be05b7e.csv,2412,9bad880762712493e3a9519dd1f731c120290c65005e2f582c04d250966fdfcf
99_history_full_dump_and_superseded_assets\full_source_data_dump\03_source_data_and_tables\positive_frame_mean_0407_size0.75_depth3_raw_12x8__3c70db38a4.csv,2412,ec1fce5583be3eaa8df1ee76df606f33347adb231bdb20cf0657bbd2f96149ac
99_history_full_dump_and_superseded_assets\full_source_data_dump\03_source_data_and_tables\positive_frame_mean_0407_size0.75_depth3_raw_12x8__6afb3bf66c.csv,2412,ec1fce5583be3eaa8df1ee76df606f33347adb231bdb20cf0657bbd2f96149ac
99_history_full_dump_and_superseded_assets\full_source_data_dump\03_source_data_and_tables\positive_frame_mean_0407_size0.75_depth3_selfnorm_12x8__3427b27e5e.csv,2412,b907881c8e9f767ceff852d01f5651709dc060e41fa474e9e5eff1275167545f
99_history_full_dump_and_superseded_assets\full_source_data_dump\03_source_data_and_tables\positive_frame_mean_0407_size0.75_depth3_selfnorm_12x8__e091ad799b.csv,2412,b907881c8e9f767ceff852d01f5651709dc060e41fa474e9e5eff1275167545f
99_history_full_dump_and_superseded_assets\full_source_data_dump\03_source_data_and_tables\positive_frame_mean_0407_size1.25_depth0.5_raw_12x8__76fb5b4268.csv,2412,815f269891774609b2af5d05f12b09183f4fd46dca66a4f826f231fdbb541d18
99_history_full_dump_and_superseded_assets\full_source_data_dump\03_source_data_and_tables\positive_frame_mean_0407_size1.25_depth0.5_raw_12x8__b9e9076127.csv,2412,815f269891774609b2af5d05f12b09183f4fd46dca66a4f826f231fdbb541d18
99_history_full_dump_and_superseded_assets\full_source_data_dump\03_source_data_and_tables\positive_frame_mean_0407_size1.25_depth0.5_selfnorm_12x8__c633b10a5b.csv,2412,3fb2b2ffb8df9ebc4c205cf310c5e941c0c37fe9d3c4eaa58b74babee0a68b6d
99_history_full_dump_and_superseded_assets\full_source_data_dump\03_source_data_and_tables\positive_frame_mean_0407_size1.25_depth0.5_selfnorm_12x8__f0f3af7f23.csv,2412,3fb2b2ffb8df9ebc4c205cf310c5e941c0c37fe9d3c4eaa58b74babee0a68b6d
99_history_full_dump_and_superseded_assets\full_source_data_dump\03_source_data_and_tables\positive_frame_mean_0407_size1.25_depth1.5_raw_12x8__1eccc2bb1f.csv,2412,4e1ca735eb18e168235ca43c0678b35cd53da9cc017e449ef8806118af179287
99_history_full_dump_and_superseded_assets\full_source_data_dump\03_source_data_and_tables\positive_frame_mean_0407_size1.25_depth1.5_raw_12x8__f8368a828e.csv,2412,4e1ca735eb18e168235ca43c0678b35cd53da9cc017e449ef8806118af179287
99_history_full_dump_and_superseded_assets\full_source_data_dump\03_source_data_and_tables\positive_frame_mean_0407_size1.25_depth1.5_selfnorm_12x8__3d02d60978.csv,2412,f19f5e2171f3ffd3a893024138d10b86793fb744f5dc9b4d8c738873c99bf931
99_history_full_dump_and_superseded_assets\full_source_data_dump\03_source_data_and_tables\positive_frame_mean_0407_size1.25_depth1.5_selfnorm_12x8__5e74c944d4.csv,2412,f19f5e2171f3ffd3a893024138d10b86793fb744f5dc9b4d8c738873c99bf931
99_history_full_dump_and_superseded_assets\full_source_data_dump\03_source_data_and_tables\positive_frame_mean_0407_size1.25_depth1_raw_12x8__0f32173a03.csv,2412,748e2c839ad2ae89296fb65775c114354c1d03e1b6f0245ae6d81ff4c8234402
99_history_full_dump_and_superseded_assets\full_source_data_dump\03_source_data_and_tables\positive_frame_mean_0407_size1.25_depth1_raw_12x8__ee632de0bc.csv,2412,748e2c839ad2ae89296fb65775c114354c1d03e1b6f0245ae6d81ff4c8234402
99_history_full_dump_and_superseded_assets\full_source_data_dump\03_source_data_and_tables\positive_frame_mean_0407_size1.25_depth1_selfnorm_12x8__53013c8fd0.csv,2412,93f0526f2a399f7592a1c9478789aca6740d0774d9d340792733bde4308b8753
99_history_full_dump_and_superseded_assets\full_source_data_dump\03_source_data_and_tables\positive_frame_mean_0407_size1.25_depth1_selfnorm_12x8__6f5e2ffcd9.csv,2412,93f0526f2a399f7592a1c9478789aca6740d0774d9d340792733bde4308b8753
99_history_full_dump_and_superseded_assets\full_source_data_dump\03_source_data_and_tables\positive_frame_mean_0407_size1.25_depth2.5_raw_12x8__4c25acd72a.csv,2412,ecbd7cde480b1884b2102df047b2421f2b14aee247217152f1524e41e01a7f14
99_history_full_dump_and_superseded_assets\full_source_data_dump\03_source_data_and_tables\positive_frame_mean_0407_size1.25_depth2.5_raw_12x8__ca6c0d5982.csv,2412,ecbd7cde480b1884b2102df047b2421f2b14aee247217152f1524e41e01a7f14
99_history_full_dump_and_superseded_assets\full_source_data_dump\03_source_data_and_tables\positive_frame_mean_0407_size1.25_depth2.5_selfnorm_12x8__712852033c.csv,2412,894bd4f6e4db7852486403a60f0c574f745373ec7534525b9594932582a66a66
99_history_full_dump_and_superseded_assets\full_source_data_dump\03_source_data_and_tables\positive_frame_mean_0407_size1.25_depth2.5_selfnorm_12x8__df6bb1ddc3.csv,2412,894bd4f6e4db7852486403a60f0c574f745373ec7534525b9594932582a66a66
99_history_full_dump_and_superseded_assets\full_source_data_dump\03_source_data_and_tables\positive_frame_mean_0407_size1.25_depth2_raw_12x8__7d709dc968.csv,2412,0adab409d7a9f7d8bf2f2ccd3251fa8ba4ae77d43a6907899721467140fd4a1b
99_history_full_dump_and_superseded_assets\full_source_data_dump\03_source_data_and_tables\positive_frame_mean_0407_size1.25_depth2_raw_12x8__e03bbfdb46.csv,2412,0adab409d7a9f7d8bf2f2ccd3251fa8ba4ae77d43a6907899721467140fd4a1b
99_history_full_dump_and_superseded_assets\full_source_data_dump\03_source_data_and_tables\positive_frame_mean_0407_size1.25_depth2_selfnorm_12x8__76e6ff8990.csv,2412,59b19600ddb9848c10352ea93e024ac72902fcc24f3928728163cce3f700b43e
99_history_full_dump_and_superseded_assets\full_source_data_dump\03_source_data_and_tables\positive_frame_mean_0407_size1.25_depth2_selfnorm_12x8__c6d1fd50ac.csv,2412,59b19600ddb9848c10352ea93e024ac72902fcc24f3928728163cce3f700b43e
99_history_full_dump_and_superseded_assets\full_source_data_dump\03_source_data_and_tables\positive_frame_mean_0407_size1.25_depth3_raw_12x8__be889b7102.csv,2412,e93f9b1ab4f1f84e085506ca9be2ba9232be5a66613ec6185084f7bfb0e447df
99_history_full_dump_and_superseded_assets\full_source_data_dump\03_source_data_and_tables\positive_frame_mean_0407_size1.25_depth3_raw_12x8__edb6fba5cc.csv,2412,e93f9b1ab4f1f84e085506ca9be2ba9232be5a66613ec6185084f7bfb0e447df
99_history_full_dump_and_superseded_assets\full_source_data_dump\03_source_data_and_tables\positive_frame_mean_0407_size1.25_depth3_selfnorm_12x8__9f06032221.csv,2412,daccf0724fd40be05b8054bacec0efebd7b53f43a1180f5e9baf02f905037511
99_history_full_dump_and_superseded_assets\full_source_data_dump\03_source_data_and_tables\positive_frame_mean_0407_size1.25_depth3_selfnorm_12x8__f16ac4ef94.csv,2412,daccf0724fd40be05b8054bacec0efebd7b53f43a1180f5e9baf02f905037511
99_history_full_dump_and_superseded_assets\full_source_data_dump\03_source_data_and_tables\positive_frame_mean_0407_size1.5_depth0.5_raw_12x8__0a22bb2e31.csv,2412,ba49de4339f78e6031a7bce8e09c1729f5b2a1f5c32a87cfaa9fceb6b712cbf3
99_history_full_dump_and_superseded_assets\full_source_data_dump\03_source_data_and_tables\positive_frame_mean_0407_size1.5_depth0.5_raw_12x8__7041aad33d.csv,2412,ba49de4339f78e6031a7bce8e09c1729f5b2a1f5c32a87cfaa9fceb6b712cbf3
99_history_full_dump_and_superseded_assets\full_source_data_dump\03_source_data_and_tables\positive_frame_mean_0407_size1.5_depth0.5_selfnorm_12x8__01ff4132b8.csv,2412,4538bbb8f249610ae74ca304307def46573223e968c4f04341ca2540d6670575
99_history_full_dump_and_superseded_assets\full_source_data_dump\03_source_data_and_tables\positive_frame_mean_0407_size1.5_depth0.5_selfnorm_12x8__f1deaecb2e.csv,2412,4538bbb8f249610ae74ca304307def46573223e968c4f04341ca2540d6670575
99_history_full_dump_and_superseded_assets\full_source_data_dump\03_source_data_and_tables\positive_frame_mean_0407_size1.5_depth1.5_raw_12x8__1b1699c80f.csv,2412,d7adaf6a45f6ba33aca82c2c021f4f45d1389ab5abdafb8f778f1dc14eca8c11
99_history_full_dump_and_superseded_assets\full_source_data_dump\03_source_data_and_tables\positive_frame_mean_0407_size1.5_depth1.5_raw_12x8__3152b88427.csv,2412,d7adaf6a45f6ba33aca82c2c021f4f45d1389ab5abdafb8f778f1dc14eca8c11
99_history_full_dump_and_superseded_assets\full_source_data_dump\03_source_data_and_tables\positive_frame_mean_0407_size1.5_depth1.5_selfnorm_12x8__28f84b7908.csv,2412,ce19468da9b2bc18d0545ac0b9c2ba2a0c7b00c30ba6c2a40c8bc9bede091307
99_history_full_dump_and_superseded_assets\full_source_data_dump\03_source_data_and_tables\positive_frame_mean_0407_size1.5_depth1.5_selfnorm_12x8__2935e1fced.csv,2412,ce19468da9b2bc18d0545ac0b9c2ba2a0c7b00c30ba6c2a40c8bc9bede091307
99_history_full_dump_and_superseded_assets\full_source_data_dump\03_source_data_and_tables\positive_frame_mean_0407_size1.5_depth1_raw_12x8__48bd0a79f0.csv,2412,de6ebbba8589cee817f00957487f8ee54fb8a9acc57115bb1215dfd841fb384b
99_history_full_dump_and_superseded_assets\full_source_data_dump\03_source_data_and_tables\positive_frame_mean_0407_size1.5_depth1_raw_12x8__c7922c7859.csv,2412,de6ebbba8589cee817f00957487f8ee54fb8a9acc57115bb1215dfd841fb384b
99_history_full_dump_and_superseded_assets\full_source_data_dump\03_source_data_and_tables\positive_frame_mean_0407_size1.5_depth1_selfnorm_12x8__3f724330f6.csv,2412,c110ed4649583c234db9a5eb3fea56b59758948d8d1a1c03e35af0486dffaa0f
99_history_full_dump_and_superseded_assets\full_source_data_dump\03_source_data_and_tables\positive_frame_mean_0407_size1.5_depth1_selfnorm_12x8__d81d10b168.csv,2412,c110ed4649583c234db9a5eb3fea56b59758948d8d1a1c03e35af0486dffaa0f
99_history_full_dump_and_superseded_assets\full_source_data_dump\03_source_data_and_tables\positive_frame_mean_0407_size1.5_depth2.5_raw_12x8__54272e3a59.csv,2412,57580dd1eb2b8810705bef66ed83e6f83ad8416e37407c53a7278f80ef0e9258
99_history_full_dump_and_superseded_assets\full_source_data_dump\03_source_data_and_tables\positive_frame_mean_0407_size1.5_depth2.5_raw_12x8__7dbb80bec3.csv,2412,57580dd1eb2b8810705bef66ed83e6f83ad8416e37407c53a7278f80ef0e9258
99_history_full_dump_and_superseded_assets\full_source_data_dump\03_source_data_and_tables\positive_frame_mean_0407_size1.5_depth2.5_selfnorm_12x8__2b8382eacf.csv,2412,b53b7cc7d6fc3b848363bdf5b32e342b41c8ecc30f62b334c1eca058df55e0c3
99_history_full_dump_and_superseded_assets\full_source_data_dump\03_source_data_and_tables\positive_frame_mean_0407_size1.5_depth2.5_selfnorm_12x8__39f2f27087.csv,2412,b53b7cc7d6fc3b848363bdf5b32e342b41c8ecc30f62b334c1eca058df55e0c3
99_history_full_dump_and_superseded_assets\full_source_data_dump\03_source_data_and_tables\positive_frame_mean_0407_size1.5_depth2_raw_12x8__16dd84187b.csv,2412,2a49c03e644511773b158fcae328f7bf9d113161ad15fe3f09d1d40122216fc8
99_history_full_dump_and_superseded_assets\full_source_data_dump\03_source_data_and_tables\positive_frame_mean_0407_size1.5_depth2_raw_12x8__ffaef91611.csv,2412,2a49c03e644511773b158fcae328f7bf9d113161ad15fe3f09d1d40122216fc8
99_history_full_dump_and_superseded_assets\full_source_data_dump\03_source_data_and_tables\positive_frame_mean_0407_size1.5_depth2_selfnorm_12x8__0aa1ad364c.csv,2412,d785249cc57896bda3c654c67ef12f2fd945ef5182b8c5b197ea7b5e3cbc2c0c
99_history_full_dump_and_superseded_assets\full_source_data_dump\03_source_data_and_tables\positive_frame_mean_0407_size1.5_depth2_selfnorm_12x8__1806735375.csv,2412,d785249cc57896bda3c654c67ef12f2fd945ef5182b8c5b197ea7b5e3cbc2c0c
99_history_full_dump_and_superseded_assets\full_source_data_dump\03_source_data_and_tables\positive_frame_mean_0407_size1.5_depth3_raw_12x8__170abdf655.csv,2412,528fcb6aac2c47dadcc5fe8c480ecb6391ab65609f487c29bd168687f0aa30a6
99_history_full_dump_and_superseded_assets\full_source_data_dump\03_source_data_and_tables\positive_frame_mean_0407_size1.5_depth3_raw_12x8__2ca6834f40.csv,2412,528fcb6aac2c47dadcc5fe8c480ecb6391ab65609f487c29bd168687f0aa30a6
99_history_full_dump_and_superseded_assets\full_source_data_dump\03_source_data_and_tables\positive_frame_mean_0407_size1.5_depth3_selfnorm_12x8__b25b3fd9e9.csv,2412,35a0e676d950c117f1ee3a4c6c72d1983a0dc72f11ffc88dcabdcfc095c7908f
99_history_full_dump_and_superseded_assets\full_source_data_dump\03_source_data_and_tables\positive_frame_mean_0407_size1.5_depth3_selfnorm_12x8__c6dd907b29.csv,2412,35a0e676d950c117f1ee3a4c6c72d1983a0dc72f11ffc88dcabdcfc095c7908f
99_history_full_dump_and_superseded_assets\full_source_data_dump\03_source_data_and_tables\positive_frame_mean_0407_size1.75_depth0.5_raw_12x8__10298a5848.csv,2412,9e0d4e3f6276350f8f2cb2a681595d12aa91214100d6bb62ebfb7532fd388ef0
99_history_full_dump_and_superseded_assets\full_source_data_dump\03_source_data_and_tables\positive_frame_mean_0407_size1.75_depth0.5_raw_12x8__5865dee4fb.csv,2412,9e0d4e3f6276350f8f2cb2a681595d12aa91214100d6bb62ebfb7532fd388ef0
99_history_full_dump_and_superseded_assets\full_source_data_dump\03_source_data_and_tables\positive_frame_mean_0407_size1.75_depth0.5_selfnorm_12x8__ae8699c0d3.csv,2412,264805c96e127936d6b75a4a8ad3d1c444bfe97a782f2d6559c03a98bd78c4f3
99_history_full_dump_and_superseded_assets\full_source_data_dump\03_source_data_and_tables\positive_frame_mean_0407_size1.75_depth0.5_selfnorm_12x8__d966770b28.csv,2412,264805c96e127936d6b75a4a8ad3d1c444bfe97a782f2d6559c03a98bd78c4f3
99_history_full_dump_and_superseded_assets\full_source_data_dump\03_source_data_and_tables\positive_frame_mean_0407_size1.75_depth1.5_raw_12x8__37227de987.csv,2412,2e740c87d4d867e2fd86b8eee030fa038436b8c7b3c7d90a01a599a191b8f564
99_history_full_dump_and_superseded_assets\full_source_data_dump\03_source_data_and_tables\positive_frame_mean_0407_size1.75_depth1.5_raw_12x8__5ff09742b8.csv,2412,2e740c87d4d867e2fd86b8eee030fa038436b8c7b3c7d90a01a599a191b8f564
99_history_full_dump_and_superseded_assets\full_source_data_dump\03_source_data_and_tables\positive_frame_mean_0407_size1.75_depth1.5_selfnorm_12x8__57ac8a009f.csv,2412,43b35ebb2584fab325cf7553b4fa8a95d0fc7e6eb4c9509bcdb687ac030c4c4a
99_history_full_dump_and_superseded_assets\full_source_data_dump\03_source_data_and_tables\positive_frame_mean_0407_size1.75_depth1.5_selfnorm_12x8__74bcde5660.csv,2412,43b35ebb2584fab325cf7553b4fa8a95d0fc7e6eb4c9509bcdb687ac030c4c4a
99_history_full_dump_and_superseded_assets\full_source_data_dump\03_source_data_and_tables\positive_frame_mean_0407_size1.75_depth1_raw_12x8__358505917b.csv,2412,d08f0251398b647c3d948272378081910792cd4fab3507fdee0302e190ce1725
99_history_full_dump_and_superseded_assets\full_source_data_dump\03_source_data_and_tables\positive_frame_mean_0407_size1.75_depth1_raw_12x8__77644f7834.csv,2412,d08f0251398b647c3d948272378081910792cd4fab3507fdee0302e190ce1725
99_history_full_dump_and_superseded_assets\full_source_data_dump\03_source_data_and_tables\positive_frame_mean_0407_size1.75_depth1_selfnorm_12x8__7a1159871b.csv,2412,9daaf91b5e998fedd8f7ec6198b075e31bee3a5e1d752ddc53915e7a665e035b
99_history_full_dump_and_superseded_assets\full_source_data_dump\03_source_data_and_tables\positive_frame_mean_0407_size1.75_depth1_selfnorm_12x8__dbfaa8b59e.csv,2412,9daaf91b5e998fedd8f7ec6198b075e31bee3a5e1d752ddc53915e7a665e035b
99_history_full_dump_and_superseded_assets\full_source_data_dump\03_source_data_and_tables\positive_frame_mean_0407_size1.75_depth2.5_raw_12x8__33d360986b.csv,2412,7cbcce97a5431d03647582bae48b663517b5580b3abc014b2edea47c5feabd84
99_history_full_dump_and_superseded_assets\full_source_data_dump\03_source_data_and_tables\positive_frame_mean_0407_size1.75_depth2.5_raw_12x8__919124cdca.csv,2412,7cbcce97a5431d03647582bae48b663517b5580b3abc014b2edea47c5feabd84
99_history_full_dump_and_superseded_assets\full_source_data_dump\03_source_data_and_tables\positive_frame_mean_0407_size1.75_depth2.5_selfnorm_12x8__3c7bdd4d0e.csv,2412,e87b3cc0073536441de3cf4e668724f5c42f8053d3bea3353e035dd07f839129
99_history_full_dump_and_superseded_assets\full_source_data_dump\03_source_data_and_tables\positive_frame_mean_0407_size1.75_depth2.5_selfnorm_12x8__5b5c793d71.csv,2412,e87b3cc0073536441de3cf4e668724f5c42f8053d3bea3353e035dd07f839129
99_history_full_dump_and_superseded_assets\full_source_data_dump\03_source_data_and_tables\positive_frame_mean_0407_size1.75_depth2_raw_12x8__00ff7d7b7b.csv,2412,c8d213868773070de8fcbc6c28094a410605ec8e1b77cad667045fe78870c405
99_history_full_dump_and_superseded_assets\full_source_data_dump\03_source_data_and_tables\positive_frame_mean_0407_size1.75_depth2_raw_12x8__98b2c7de69.csv,2412,c8d213868773070de8fcbc6c28094a410605ec8e1b77cad667045fe78870c405
99_history_full_dump_and_superseded_assets\full_source_data_dump\03_source_data_and_tables\positive_frame_mean_0407_size1.75_depth2_selfnorm_12x8__683657baf0.csv,2412,9a3323521027ad78938ca27179bcddc261faba449f465fa436f490d6c64330b9
99_history_full_dump_and_superseded_assets\full_source_data_dump\03_source_data_and_tables\positive_frame_mean_0407_size1.75_depth2_selfnorm_12x8__7b1893627e.csv,2412,9a3323521027ad78938ca27179bcddc261faba449f465fa436f490d6c64330b9
99_history_full_dump_and_superseded_assets\full_source_data_dump\03_source_data_and_tables\positive_frame_mean_0407_size1.75_depth3_raw_12x8__0d1b4c122f.csv,2412,93abd99e58920c11f56d1cb1aef5ffd90de4f3d89e30cd5804b721207355ae9f
99_history_full_dump_and_superseded_assets\full_source_data_dump\03_source_data_and_tables\positive_frame_mean_0407_size1.75_depth3_raw_12x8__7b1a8f2520.csv,2412,93abd99e58920c11f56d1cb1aef5ffd90de4f3d89e30cd5804b721207355ae9f
99_history_full_dump_and_superseded_assets\full_source_data_dump\03_source_data_and_tables\positive_frame_mean_0407_size1.75_depth3_selfnorm_12x8__5d7134f112.csv,2412,b436aab64acaa8264499f8546fadef8031333dfabed843fe92adf768f155f02e
99_history_full_dump_and_superseded_assets\full_source_data_dump\03_source_data_and_tables\positive_frame_mean_0407_size1.75_depth3_selfnorm_12x8__b0373fe1ba.csv,2412,b436aab64acaa8264499f8546fadef8031333dfabed843fe92adf768f155f02e
99_history_full_dump_and_superseded_assets\full_source_data_dump\03_source_data_and_tables\positive_frame_mean_0407_size1_depth0.5_raw_12x8__4381fc5a11.csv,2412,81592c753f1cdcf3d1b69f6aa0559507efe4448db4ff348729cc453947e09100
99_history_full_dump_and_superseded_assets\full_source_data_dump\03_source_data_and_tables\positive_frame_mean_0407_size1_depth0.5_raw_12x8__6a65323e38.csv,2412,81592c753f1cdcf3d1b69f6aa0559507efe4448db4ff348729cc453947e09100
99_history_full_dump_and_superseded_assets\full_source_data_dump\03_source_data_and_tables\positive_frame_mean_0407_size1_depth0.5_selfnorm_12x8__857413cdb0.csv,2412,208ddbdbdba25ad75c8f50e55e7648cd35bcbb48cb54e04e4473e09c654ba81e
99_history_full_dump_and_superseded_assets\full_source_data_dump\03_source_data_and_tables\positive_frame_mean_0407_size1_depth0.5_selfnorm_12x8__9ec3018307.csv,2412,208ddbdbdba25ad75c8f50e55e7648cd35bcbb48cb54e04e4473e09c654ba81e
99_history_full_dump_and_superseded_assets\full_source_data_dump\03_source_data_and_tables\positive_frame_mean_0407_size1_depth1.5_raw_12x8__f9f3214f12.csv,2412,22904159e53b96c93043d4f4459b889f4974918cf4aeee710d0c7792248afd62
99_history_full_dump_and_superseded_assets\full_source_data_dump\03_source_data_and_tables\positive_frame_mean_0407_size1_depth1.5_raw_12x8__fcfcc4ae00.csv,2412,22904159e53b96c93043d4f4459b889f4974918cf4aeee710d0c7792248afd62
99_history_full_dump_and_superseded_assets\full_source_data_dump\03_source_data_and_tables\positive_frame_mean_0407_size1_depth1.5_selfnorm_12x8__ca24547daf.csv,2412,690ababdd8bc92962e30f81d469eb0aaf0ba7fe497a5045d2fbefa61bd77321c
99_history_full_dump_and_superseded_assets\full_source_data_dump\03_source_data_and_tables\positive_frame_mean_0407_size1_depth1.5_selfnorm_12x8__d4d655b880.csv,2412,690ababdd8bc92962e30f81d469eb0aaf0ba7fe497a5045d2fbefa61bd77321c
99_history_full_dump_and_superseded_assets\full_source_data_dump\03_source_data_and_tables\positive_frame_mean_0407_size1_depth1_raw_12x8__c6f4567c0f.csv,2412,aea35185a1a617e511ec5139d68599181ddce42d3e519f3ee3f57aa792b18a0c
99_history_full_dump_and_superseded_assets\full_source_data_dump\03_source_data_and_tables\positive_frame_mean_0407_size1_depth1_raw_12x8__e01af52431.csv,2412,aea35185a1a617e511ec5139d68599181ddce42d3e519f3ee3f57aa792b18a0c
99_history_full_dump_and_superseded_assets\full_source_data_dump\03_source_data_and_tables\positive_frame_mean_0407_size1_depth1_selfnorm_12x8__6090a6e057.csv,2412,4a84ce9e881c84cb59efdde476fcbf859ba489fcc64093bc58dd3b5230a1ba46
99_history_full_dump_and_superseded_assets\full_source_data_dump\03_source_data_and_tables\positive_frame_mean_0407_size1_depth1_selfnorm_12x8__e234da0e9a.csv,2412,4a84ce9e881c84cb59efdde476fcbf859ba489fcc64093bc58dd3b5230a1ba46
99_history_full_dump_and_superseded_assets\full_source_data_dump\03_source_data_and_tables\positive_frame_mean_0407_size1_depth2.5_raw_12x8__674a7624e3.csv,2412,7bd53dd86679d0ce6b40b23c4a941b9d3b0b66632f81402ed2ebd0959b7d1a33
99_history_full_dump_and_superseded_assets\full_source_data_dump\03_source_data_and_tables\positive_frame_mean_0407_size1_depth2.5_raw_12x8__f483e1aeda.csv,2412,7bd53dd86679d0ce6b40b23c4a941b9d3b0b66632f81402ed2ebd0959b7d1a33
99_history_full_dump_and_superseded_assets\full_source_data_dump\03_source_data_and_tables\positive_frame_mean_0407_size1_depth2.5_selfnorm_12x8__37811c57de.csv,2412,973993f287d3a12c06c59113d333f6c50cdd3f0f633c31dbdee5fdb275e6b803
99_history_full_dump_and_superseded_assets\full_source_data_dump\03_source_data_and_tables\positive_frame_mean_0407_size1_depth2.5_selfnorm_12x8__eb80304299.csv,2412,973993f287d3a12c06c59113d333f6c50cdd3f0f633c31dbdee5fdb275e6b803
99_history_full_dump_and_superseded_assets\full_source_data_dump\03_source_data_and_tables\positive_frame_mean_0407_size1_depth2_raw_12x8__28acf3be86.csv,2412,5f2f229d5e4f0a47915f1beb29f30c41feb3480293a28fcdcd5450e16c5fbd04
99_history_full_dump_and_superseded_assets\full_source_data_dump\03_source_data_and_tables\positive_frame_mean_0407_size1_depth2_raw_12x8__29f33f9467.csv,2412,5f2f229d5e4f0a47915f1beb29f30c41feb3480293a28fcdcd5450e16c5fbd04
99_history_full_dump_and_superseded_assets\full_source_data_dump\03_source_data_and_tables\positive_frame_mean_0407_size1_depth2_selfnorm_12x8__25ec10e24a.csv,2412,c34964b8c421150be729da719a24609a7e248544d163b67c3acf16251abda57c
99_history_full_dump_and_superseded_assets\full_source_data_dump\03_source_data_and_tables\positive_frame_mean_0407_size1_depth2_selfnorm_12x8__ac27478e20.csv,2412,c34964b8c421150be729da719a24609a7e248544d163b67c3acf16251abda57c
99_history_full_dump_and_superseded_assets\full_source_data_dump\03_source_data_and_tables\positive_frame_mean_0407_size1_depth3_raw_12x8__0294c020d0.csv,2412,9dda11ef466ac1557dd86c120901c413aae844288e2998000b180ec5ee472076
99_history_full_dump_and_superseded_assets\full_source_data_dump\03_source_data_and_tables\positive_frame_mean_0407_size1_depth3_raw_12x8__5d155b10ef.csv,2412,9dda11ef466ac1557dd86c120901c413aae844288e2998000b180ec5ee472076
99_history_full_dump_and_superseded_assets\full_source_data_dump\03_source_data_and_tables\positive_frame_mean_0407_size1_depth3_selfnorm_12x8__4fb345f246.csv,2412,72199de6739582e0e8d734632acff8db237a6051e54ccfc2abbb867e4de8a98d
99_history_full_dump_and_superseded_assets\full_source_data_dump\03_source_data_and_tables\positive_frame_mean_0407_size1_depth3_selfnorm_12x8__6a9f97d79b.csv,2412,72199de6739582e0e8d734632acff8db237a6051e54ccfc2abbb867e4de8a98d
99_history_full_dump_and_superseded_assets\full_source_data_dump\03_source_data_and_tables\positive_frame_mean_0407_summary__175b64b6cb.json,715,1b3bfe3d01f1efb004b23cc81c7b2decaaebe39978824c05c789db02d4f1dfa5
99_history_full_dump_and_superseded_assets\full_source_data_dump\03_source_data_and_tables\positive_frame_mean_0407_summary__59a099cf1e.json,715,1b3bfe3d01f1efb004b23cc81c7b2decaaebe39978824c05c789db02d4f1dfa5
99_history_full_dump_and_superseded_assets\full_source_data_dump\03_source_data_and_tables\positive_matrix_effect_r5_layout_20260502_selection_table__8dd6d3c93d.csv,12573,653b3ae9502082d12edba0777e1036f878ae133da72bb3b5cac990cd2c049048
99_history_full_dump_and_superseded_assets\full_source_data_dump\03_source_data_and_tables\positive_matrix_effect_r5_layout_clean_20260502_selection_table__de3ce598eb.csv,12573,653b3ae9502082d12edba0777e1036f878ae133da72bb3b5cac990cd2c049048
99_history_full_dump_and_superseded_assets\full_source_data_dump\03_source_data_and_tables\positive_matrix_effect_r5_selections__2a6791fb02.json,1733,dd2efea18409cee584a61597571cafea8543789c9bcfd87ed6a9a35a1d84da30
99_history_full_dump_and_superseded_assets\full_source_data_dump\03_source_data_and_tables\positive_repetition_level_summary__aa3a694912.csv,37830,6ab3e07f146e8c973872888775af58a4b5eb1816710d83c5ff4b9c13618d4cdc
99_history_full_dump_and_superseded_assets\full_source_data_dump\03_source_data_and_tables\pptx_media_index__f8ffc7774f.json,19584,fed4f0bb401a89a75c3b5627422841074d6992411a70c1fd203be143da610ea5
99_history_full_dump_and_superseded_assets\full_source_data_dump\03_source_data_and_tables\pptx_media_manifest__ca6833281c.json,5826,9039164083ac067ec029d7f64e21a9c7110710a949dcf9b3c9c8fbaf40129439
99_history_full_dump_and_superseded_assets\full_source_data_dump\03_source_data_and_tables\pptx_text_extract__65e5008e74.json,6052,be3318c4804df21402bdd4c8a082a59016f3e6f84b0d16a852dbe1a5d1a663d4
99_history_full_dump_and_superseded_assets\full_source_data_dump\03_source_data_and_tables\proposed_applied_add_only_20260426_105044__b15fae4611.csv,7730,5a5da9decba9368bbc70b0e41c93b964e8b74b1b584687a55df602e9f2e4d282
99_history_full_dump_and_superseded_assets\full_source_data_dump\03_source_data_and_tables\proposed_applied_add_only_20260426_105044__d2216767ea.csv,7730,5a5da9decba9368bbc70b0e41c93b964e8b74b1b584687a55df602e9f2e4d282
99_history_full_dump_and_superseded_assets\full_source_data_dump\03_source_data_and_tables\Readout_summary__5fe6eceff4.csv,394,61261bd6ee1f4f278c31d205e0cea04efeee663cebafb1236da6ad1600349dd0
99_history_full_dump_and_superseded_assets\full_source_data_dump\03_source_data_and_tables\removed_black_background_files__41ac0394f3.csv,24143,07732fc44afe5ba038e49cdecfcb55a5cc4b45bdfd54545169a800ebdbe6c021
99_history_full_dump_and_superseded_assets\full_source_data_dump\03_source_data_and_tables\removed_black_background_files__cd5b7b6111.csv,24143,07732fc44afe5ba038e49cdecfcb55a5cc4b45bdfd54545169a800ebdbe6c021
99_history_full_dump_and_superseded_assets\full_source_data_dump\03_source_data_and_tables\results_page_vivid_manifest__f6d4d96ead.json,1758,d095b2c06e13673a3724730d17ee39d7c234cdefb2a5f67604ac84c57d7a8548
99_history_full_dump_and_superseded_assets\full_source_data_dump\03_source_data_and_tables\row_candidate_scores__68544771b9.csv,1402,d85e31454d6643a7983e5b9dd710129dae8ab295254de8c86cfc51445afcb7e3
99_history_full_dump_and_superseded_assets\full_source_data_dump\03_source_data_and_tables\run_summary__2a4763a755.json,4904,7c199016bcd2c08f254e9f3b07c18da611689ed87da56b241bfca2b08ff167d3
99_history_full_dump_and_superseded_assets\full_source_data_dump\03_source_data_and_tables\run_summary__59c394a8a4.json,5547,9a95fa064145e1defa9a8a440d638bcb2f46e2b39d2134f2a6ee86646f7b3b24
99_history_full_dump_and_superseded_assets\full_source_data_dump\03_source_data_and_tables\run_summary__6ebb4ecb7a.json,4917,c54657da0f56aa8dd5862e1a9529f267dba575fd500f8494898029235f2f2dd1
99_history_full_dump_and_superseded_assets\full_source_data_dump\03_source_data_and_tables\scorecam_3d_evidence_metadata__7d85ea0f25.json,1583,0e7497752f4fadf1edc5e89016e0ec940a8c4a35c23aa746c5c305b5e540baaa
99_history_full_dump_and_superseded_assets\full_source_data_dump\03_source_data_and_tables\scorecam_3d_evidence_metadata__94c90e75ed.json,1583,0e7497752f4fadf1edc5e89016e0ec940a8c4a35c23aa746c5c305b5e540baaa
99_history_full_dump_and_superseded_assets\full_source_data_dump\03_source_data_and_tables\scorecam_overlay_manifest__9394e3f2cb.json,2433,d3fc0989a8e16497baf7d49bb21b87a212e359cb505190ecbabfdf8a25edad77
99_history_full_dump_and_superseded_assets\full_source_data_dump\03_source_data_and_tables\selected_feature_significance_manifest__2bb55cd2b5.json,880,24c57ad9d8140bafab8ffbfc10f534abcd816f2204ac00fee48028a46e932bee
99_history_full_dump_and_superseded_assets\full_source_data_dump\03_source_data_and_tables\selected_feature_significance_stats__7122982f09.csv,620,2e731de8bf1ca9d78906e947d384314c73f1996f7f90f00e7ef4e7f90116de24
99_history_full_dump_and_superseded_assets\full_source_data_dump\03_source_data_and_tables\selected_interpretable_cam_cases__8fed3cb1fe.json,3637,d0aeedd622eec75e4aadaed017045ce82fb3ebcee128e092373ffbeb0e64e267
99_history_full_dump_and_superseded_assets\full_source_data_dump\03_source_data_and_tables\single_cam_panel_sources__e80bcf3fcb.json,4081,ca687e0b518113303106c2d00269e5316002398534383f91aea76c19493457e6
99_history_full_dump_and_superseded_assets\full_source_data_dump\03_source_data_and_tables\single_cam_panel_sources_clean__ccdb050392.json,4081,ca687e0b518113303106c2d00269e5316002398534383f91aea76c19493457e6
99_history_full_dump_and_superseded_assets\full_source_data_dump\03_source_data_and_tables\Size_7class__9fc9062420.csv,479,7631d7a42f260e77776393fffd2b9dd8700076cc7d022a8d03f3939ed4e92911
99_history_full_dump_and_superseded_assets\full_source_data_dump\03_source_data_and_tables\size_7class_by_true_size_table__9a7fde2c54.csv,481,163efa7b6ff604ed024bf7f4e2d6ad49c248e3f2b303d873c07b1beed03ff47b
99_history_full_dump_and_superseded_assets\full_source_data_dump\03_source_data_and_tables\size_classification_family_contrib__6b70d52f89.csv,266,359cb0f74056ade6f73fd71034a7e9fe6713a6b89b39690bb921b3ce7f03065d
99_history_full_dump_and_superseded_assets\full_source_data_dump\03_source_data_and_tables\size_classification_family_contrib__bfef6932aa.csv,266,359cb0f74056ade6f73fd71034a7e9fe6713a6b89b39690bb921b3ce7f03065d
99_history_full_dump_and_superseded_assets\full_source_data_dump\03_source_data_and_tables\size_classification_global_contrib__2f68e5b445.csv,24765,2c4093e0be9c3ad84031817b26562e11538e48ddebdb7b0b878ab4c351d8c055
99_history_full_dump_and_superseded_assets\full_source_data_dump\03_source_data_and_tables\size_classification_global_contrib__b063f6bd64.csv,24765,2c4093e0be9c3ad84031817b26562e11538e48ddebdb7b0b878ab4c351d8c055
99_history_full_dump_and_superseded_assets\full_source_data_dump\03_source_data_and_tables\size_regression_family_contrib__6860f063cb.csv,266,2640014c481d051f76d53071a0ee7abc838024e7b5a8e93b0ee68cb9de96ae05
99_history_full_dump_and_superseded_assets\full_source_data_dump\03_source_data_and_tables\size_regression_family_contrib__ddd95dc9f2.csv,266,2640014c481d051f76d53071a0ee7abc838024e7b5a8e93b0ee68cb9de96ae05
99_history_full_dump_and_superseded_assets\full_source_data_dump\03_source_data_and_tables\size_regression_global_contrib__4466800953.csv,24061,aa6a113d9321f5ce43c17eac308d1adf48388acaddcff3b49787cc5d016a8e38
99_history_full_dump_and_superseded_assets\full_source_data_dump\03_source_data_and_tables\size_regression_global_contrib__52bc500d35.csv,24061,aa6a113d9321f5ce43c17eac308d1adf48388acaddcff3b49787cc5d016a8e38
99_history_full_dump_and_superseded_assets\full_source_data_dump\03_source_data_and_tables\source_summary__37b058fc7c.json,4119,2102509d6c230c7c283a096e8b180986a9db09664d5b5e02603fc5c75af4d388
99_history_full_dump_and_superseded_assets\full_source_data_dump\03_source_data_and_tables\stage1_locked_mainline_metrics__2328d3a3d0.json,2191,97bf1dd77ecc56b1930c97d1646a11790d9899965377314016584d3d6484283c
99_history_full_dump_and_superseded_assets\full_source_data_dump\03_source_data_and_tables\stage1_locked_mainline_metrics__a5dc7c7887.json,2191,97bf1dd77ecc56b1930c97d1646a11790d9899965377314016584d3d6484283c
99_history_full_dump_and_superseded_assets\full_source_data_dump\03_source_data_and_tables\stage1_locked_mainline_roc_points__6f404e14c7.csv,66595,b33b933d2cf896575ba36a643d159355c1c9ae8cd14f8ba3f37a37eb561a8fd8
99_history_full_dump_and_superseded_assets\full_source_data_dump\03_source_data_and_tables\stage1_locked_mainline_roc_points__9c9bc7dbf2.csv,66595,b33b933d2cf896575ba36a643d159355c1c9ae8cd14f8ba3f37a37eb561a8fd8
99_history_full_dump_and_superseded_assets\full_source_data_dump\03_source_data_and_tables\stage1_locked_mainline_test_predictions__53392caffe.csv,401337,2a24758c39a2e513f244717edec231ec2eb3fdb719b248aa8d8198bea3a3d796
99_history_full_dump_and_superseded_assets\full_source_data_dump\03_source_data_and_tables\stage1_locked_mainline_test_predictions__b9186fe4aa.csv,401337,2a24758c39a2e513f244717edec231ec2eb3fdb719b248aa8d8198bea3a3d796
99_history_full_dump_and_superseded_assets\full_source_data_dump\03_source_data_and_tables\summary__98db55b93a.json,5736,6abf56c73f50bae1f6cd5050a532c832411dc2931102c72da1452e5f6883d7af
99_history_full_dump_and_superseded_assets\full_source_data_dump\03_source_data_and_tables\summary__c0bcc5e336.json,5736,6abf56c73f50bae1f6cd5050a532c832411dc2931102c72da1452e5f6883d7af
99_history_full_dump_and_superseded_assets\full_source_data_dump\03_source_data_and_tables\table_algorithm_hparams__5cede51556.csv,1237,18741dcae921475532f9f31de58c195815c2edcefbb78250c711538d48e55db5
99_history_full_dump_and_superseded_assets\full_source_data_dump\03_source_data_and_tables\table_algorithm_hparams__67581f3507.csv,1237,18741dcae921475532f9f31de58c195815c2edcefbb78250c711538d48e55db5
99_history_full_dump_and_superseded_assets\full_source_data_dump\03_source_data_and_tables\table_baseline_shortlist_compact25__82d72b5ee2.csv,350,97d9e4726893ab02c05a1a14818aecb4f86b37e64d0443657219541abf35365a
99_history_full_dump_and_superseded_assets\full_source_data_dump\03_source_data_and_tables\table_baseline_shortlist_compact25__b8cc8bbb13.csv,350,97d9e4726893ab02c05a1a14818aecb4f86b37e64d0443657219541abf35365a
99_history_full_dump_and_superseded_assets\full_source_data_dump\03_source_data_and_tables\table_dataset_split_stagewise__3d75aff9ac.csv,257,6c1ee188c55677394c815e1031c593b0a596c0b10734ed6d2f2dda0e01443812
99_history_full_dump_and_superseded_assets\full_source_data_dump\03_source_data_and_tables\table_dataset_split_stagewise__5b9fac61f6.csv,257,6c1ee188c55677394c815e1031c593b0a596c0b10734ed6d2f2dda0e01443812
99_history_full_dump_and_superseded_assets\full_source_data_dump\03_source_data_and_tables\table_feature_significance_summary__061a41202b.csv,1046,4eb60378a58e24737d91637039cffd08f6827d628586562bf8920433624e47f7
99_history_full_dump_and_superseded_assets\full_source_data_dump\03_source_data_and_tables\table_feature_significance_summary__4c5e571963.csv,1046,4eb60378a58e24737d91637039cffd08f6827d628586562bf8920433624e47f7
99_history_full_dump_and_superseded_assets\full_source_data_dump\03_source_data_and_tables\table_protocol__5612317e3b.csv,805,7f959b90342e1f524dc1ee62ef25ba5c091c5b2fffdaf7917f736e9f52504aa5
99_history_full_dump_and_superseded_assets\full_source_data_dump\03_source_data_and_tables\table_protocol__b309bbbb7a.csv,805,7f959b90342e1f524dc1ee62ef25ba5c091c5b2fffdaf7917f736e9f52504aa5
99_history_full_dump_and_superseded_assets\full_source_data_dump\03_source_data_and_tables\table_readout_summary__71bc32b693.json,154,e51580164542ce666b7a549ce694247cb1a72a2fa5f1e8947492fe843bf3559b
99_history_full_dump_and_superseded_assets\full_source_data_dump\03_source_data_and_tables\Table_S1_AUC_task_summary__f92a783599.csv,246,a550e5800c2e85b3014c0755a6f04fcd2499663480c6f56a7241d97bdddf4718
99_history_full_dump_and_superseded_assets\full_source_data_dump\03_source_data_and_tables\Table_S2_AUC_full_model_comparison__b059275b40.csv,270,82a183f5717cab01ac62754ac5a402cd8d71593cdac1cc409f3aa840d662fd2f
99_history_full_dump_and_superseded_assets\full_source_data_dump\03_source_data_and_tables\Table_S3_Readout_summary__de97d86dd3.csv,390,f818ff0980225fb520f98070c720d84a42a79cb9ea17d6c49d824579c2e0c5e9
99_history_full_dump_and_superseded_assets\full_source_data_dump\03_source_data_and_tables\Table_S4_Size_7class__c7dcbc5b5d.csv,471,777c8b1b920ea65a0251b009da319654eab525177bc03288bc037535a4ad996a
99_history_full_dump_and_superseded_assets\full_source_data_dump\03_source_data_and_tables\Table_S5_Depth_3class__d6e67c966f.csv,260,c7b65f5e21a048ef593459b6a18cfd0dfaebaab6dd994b3721fe99b3c9d0d6cc
99_history_full_dump_and_superseded_assets\full_source_data_dump\03_source_data_and_tables\Table_S6_Failure_mechanism_summary__64405d6c88.csv,1085,52cb75cd059f76d35cbebc1228a92a99ea64f958e7358ac233788a3519e073a0
99_history_full_dump_and_superseded_assets\full_source_data_dump\03_source_data_and_tables\table_stage3_route_comparison__0ea9a05c38.csv,255,1b722eb57c4dd2646fded864a2e94e8caf1c9de1c5506565e1bea493acf63d82
99_history_full_dump_and_superseded_assets\full_source_data_dump\03_source_data_and_tables\table_stage3_route_comparison__20e18fe3cd.csv,255,1b722eb57c4dd2646fded864a2e94e8caf1c9de1c5506565e1bea493acf63d82
99_history_full_dump_and_superseded_assets\full_source_data_dump\03_source_data_and_tables\table_triplet_head_error_summary__450680831d.csv,226,2663cca4fcc8ff0a1c8bb42ae4d446473d8025669575548bff9dab2c5679cad7
99_history_full_dump_and_superseded_assets\full_source_data_dump\03_source_data_and_tables\table_triplet_head_error_summary__5f1f549cf9.csv,226,2663cca4fcc8ff0a1c8bb42ae4d446473d8025669575548bff9dab2c5679cad7
99_history_full_dump_and_superseded_assets\full_source_data_dump\03_source_data_and_tables\table_xgb_vs_dl_tbme__54f6697cbb.csv,616,5d18559b50f987a746f5dd361f6f14349a26189ae95c0644457b0562d23be76f
99_history_full_dump_and_superseded_assets\full_source_data_dump\03_source_data_and_tables\table_xgb_vs_dl_tbme__d1c41a32c0.csv,616,5d18559b50f987a746f5dd361f6f14349a26189ae95c0644457b0562d23be76f
99_history_full_dump_and_superseded_assets\full_source_data_dump\03_source_data_and_tables\test_positive_predictions__8e27b2a7ff.csv,280324,b0d7b6f327deacf89b21e09ebf6e7c0c9b03c111d0e36479deab1f0d6016cc63
99_history_full_dump_and_superseded_assets\full_source_data_dump\03_source_data_and_tables\test_positive_predictions__8e964d6f20.csv,280324,b0d7b6f327deacf89b21e09ebf6e7c0c9b03c111d0e36479deab1f0d6016cc63
99_history_full_dump_and_superseded_assets\full_source_data_dump\03_source_data_and_tables\topk_center_aligned_positive_frame_preview_metadata__95f5cad19d.json,951,3ae1592889ce9184ce2b5a4537d68739be31f18580be1c37260c92fc4d769b37
99_history_full_dump_and_superseded_assets\full_source_data_dump\03_source_data_and_tables\topk_center_aligned_positive_frame_selection_log__c12559a7a5.csv,43799,e97ce46b303e57638d81e80febe901da20d470a7ff9bbc4c77001b83cf102882
99_history_full_dump_and_superseded_assets\full_source_data_dump\03_source_data_and_tables\topk_center_aligned_positive_frame_summary__8330488328.csv,2855,e6e4b08a31ae0c4115660c61da1038b75c02c52a480e3203c28c9c795eb72722
99_history_full_dump_and_superseded_assets\full_source_data_dump\03_source_data_and_tables\train_val_fem_guided_descriptors__59ccff2fc5.csv,3369907,e859367674ec11e3f9bd0836cbb2706b842cec9cf0388dbd37727e95766b096b
99_history_full_dump_and_superseded_assets\full_source_data_dump\03_source_data_and_tables\train_val_fem_guided_descriptors__a8a31754db.csv,3369907,e859367674ec11e3f9bd0836cbb2706b842cec9cf0388dbd37727e95766b096b
99_history_full_dump_and_superseded_assets\full_source_data_dump\03_source_data_and_tables\train_val_fem_guided_descriptors__de12bfbd76.csv,3369907,e859367674ec11e3f9bd0836cbb2706b842cec9cf0388dbd37727e95766b096b
99_history_full_dump_and_superseded_assets\full_source_data_dump\03_source_data_and_tables\train_val_v5_outputs_plus_descriptors__16393e17f9.csv,4689575,21f4469ce265a9297cb06d2312b8eb1283ed0fd0eeda3b51d9f2e7c8a0680cf9
99_history_full_dump_and_superseded_assets\full_source_data_dump\03_source_data_and_tables\train_val_v5_outputs_plus_descriptors__6b3a1057b8.csv,4689575,21f4469ce265a9297cb06d2312b8eb1283ed0fd0eeda3b51d9f2e7c8a0680cf9
99_history_full_dump_and_superseded_assets\full_source_data_dump\03_source_data_and_tables\train_val_v5_outputs_plus_descriptors__9b4ff28499.csv,4762255,92f09306c7bf8daa46af37b60b4e740aee2033dd329fd2948c72a8a33bbe17e8
99_history_full_dump_and_superseded_assets\full_source_data_dump\03_source_data_and_tables\v5_latent_descriptor_probe__2a3faf29a8.csv,2878,e69c262663b0ccc8e866f12ffc9933fce7764c6f87ded654ba4485b6463b8c31
99_history_full_dump_and_superseded_assets\full_source_data_dump\03_source_data_and_tables\v5_latent_descriptor_probe__93cb689fb9.csv,2848,3812169ee48feb0ded76a50a66e261b42a2b11c72f0b0e0daa0f0fd056c0e918
99_history_full_dump_and_superseded_assets\full_source_data_dump\03_source_data_and_tables\v5_latent_descriptor_probe__feff3bdd77.csv,2880,4cdfb5ece3700730348d92c2c764dd747a0059763f1b8cd043cb46210f1bcbdb
99_history_full_dump_and_superseded_assets\full_source_data_dump\03_source_data_and_tables\v5_output_descriptor_alignment__3e514d3cf2.csv,2706,ced7a622626bfd0691bb141fe2ccf6764bcf2af72462cea198f747081e4d6f10
99_history_full_dump_and_superseded_assets\full_source_data_dump\03_source_data_and_tables\v5_output_descriptor_alignment__4c6dc93e10.csv,2683,1b9e5d0348e8ac92447e9b77efb5654ba46685e2ba82fba1e6bec3f055d61cd8
99_history_full_dump_and_superseded_assets\full_source_data_dump\03_source_data_and_tables\v5_output_descriptor_alignment__a722ba8ea3.csv,2704,fd9a69e9145e5ff685e77da88571fc87137ff084d69a7547e6bae0edecfa87aa
99_history_full_dump_and_superseded_assets\full_source_data_dump\03_source_data_and_tables\v5_targeted_perturbation_response__3614908f34.csv,3760,8cd4a08637f21a694e373b1ee48e8740875b8094e9ee29fb58df9c3a765a0cb6
99_history_full_dump_and_superseded_assets\full_source_data_dump\03_source_data_and_tables\v5_targeted_perturbation_response__4b78e9e599.csv,2113,e12fc60e2afad03f942c4022e3bdf803252f103017470d6a47f99935fa615416
99_history_full_dump_and_superseded_assets\full_source_data_dump\03_source_data_and_tables\v5_targeted_perturbation_response__93ad865ea5.csv,2113,e12fc60e2afad03f942c4022e3bdf803252f103017470d6a47f99935fa615416
99_history_full_dump_and_superseded_assets\full_source_data_dump\03_source_data_and_tables\v5r5_total_pressure_curve_manifest__8a97722cad.json,530,f757d65dde1867922b3be2ed7cf59e611fbda77b4533ba07aa1a7a76db3b975c
99_history_full_dump_and_superseded_assets\full_source_data_dump\03_source_data_and_tables\v5r5_total_pressure_curve_manifest__a6c1bcbcae.json,530,f757d65dde1867922b3be2ed7cf59e611fbda77b4533ba07aa1a7a76db3b975c
99_history_full_dump_and_superseded_assets\full_source_data_dump\03_source_data_and_tables\window_level_label_tiers__bf5f431bca.csv,3272274,3f68ef6c6fb166e5aeba69b5cf40186363caabf1a57cc46dab3713f1d19d48e1
99_history_full_dump_and_superseded_assets\full_source_data_dump\03_source_data_and_tables\xgboost_baseline_summary__01f688ce4a.json,12177,deec085c8832b5e90bbee9afdf03f2e78f819dea32bf78555a47a624907aa4c2
99_history_full_dump_and_superseded_assets\full_source_data_dump\03_source_data_and_tables\xgboost_baseline_summary__161b7844e2.json,12330,a3cbd6403ceeb0adf089c3e82d3f31723ad5ee91218d0045e668eb5c710b8baf
99_history_full_dump_and_superseded_assets\full_source_data_dump\03_source_data_and_tables\xgboost_baseline_summary__1ec9e21f6d.json,12330,a3cbd6403ceeb0adf089c3e82d3f31723ad5ee91218d0045e668eb5c710b8baf
99_history_full_dump_and_superseded_assets\full_source_data_dump\03_source_data_and_tables\xgboost_baseline_summary__5bbc7d5732.json,5850,7f94e40735a28044c6f3c4a72bf1b9e54a0ec63f3aed3f3a63187d4aefddc06d
99_history_full_dump_and_superseded_assets\full_source_data_dump\03_source_data_and_tables\xgboost_baseline_summary__8f0ab78c64.json,5850,7f94e40735a28044c6f3c4a72bf1b9e54a0ec63f3aed3f3a63187d4aefddc06d
99_history_full_dump_and_superseded_assets\full_source_data_dump\03_source_data_and_tables\xgboost_baseline_summary__fb407d2aa9.json,12177,deec085c8832b5e90bbee9afdf03f2e78f819dea32bf78555a47a624907aa4c2
99_history_full_dump_and_superseded_assets\full_source_data_dump\03_source_data_and_tables\xgboost_condition_manifest__62e5aa5a50.csv,2925,b9fab06d6a68d5c09e161ac4ffc52fa941359b8c9530c6b705c25b343426de5e
99_history_full_dump_and_superseded_assets\full_source_data_dump\03_source_data_and_tables\xgboost_condition_manifest__929645d873.csv,2925,b9fab06d6a68d5c09e161ac4ffc52fa941359b8c9530c6b705c25b343426de5e
99_history_full_dump_and_superseded_assets\full_source_data_dump\03_source_data_and_tables\xgboost_explainability_summary__3c01babe52.json,7042,4fa2d1fc83c966503290f0da6bc8702a316446a2f30de75a13241cd3f9d62e90
99_history_full_dump_and_superseded_assets\full_source_data_dump\03_source_data_and_tables\xgboost_explainability_summary__98c100e02f.json,7042,4fa2d1fc83c966503290f0da6bc8702a316446a2f30de75a13241cd3f9d62e90
99_history_full_dump_and_superseded_assets\full_source_data_dump\03_source_data_and_tables\xgboost_window_feature_table__8592964bbe.csv,56205650,dfb71c44847bb8105a796b6f7e1ae77abe4fe746306aef56fff22a19adc8508a
99_history_full_dump_and_superseded_assets\full_source_data_dump\03_source_data_and_tables\xgboost_window_feature_table__927b8d3899.csv,56205650,dfb71c44847bb8105a796b6f7e1ae77abe4fe746306aef56fff22a19adc8508a
99_history_full_dump_and_superseded_assets\full_svg_dump\02_all_available_svg_figures\01_detection_center_border_contrast_center__278ad18d02.svg,116524,72982a50a21a7a4bc5a5b6ecd598dac79fc27859aa442e7b90ee2c67c1385ae4
99_history_full_dump_and_superseded_assets\full_svg_dump\02_all_available_svg_figures\01_detection_center_border_contrast_center__7ecdf31cf3.svg,71929,cd7c6975cf40d59f09f3e28fe0d5cac0ffbc8e4955b1e346c1be065ffb0f8fd6
99_history_full_dump_and_superseded_assets\full_svg_dump\02_all_available_svg_figures\01_detection_center_border_contrast_center__f58bfa4326.svg,71952,b60f2b05ae6f3e64db91c100d7f84207fdc170335162e473c9b4a21d94e484bc
99_history_full_dump_and_superseded_assets\full_svg_dump\02_all_available_svg_figures\02_detection_raw_max_mean__2af28ce122.svg,67577,00838a4e3808461641dd50ac32aec3bdaef43c602e31bd2315f16fa37f20a009
99_history_full_dump_and_superseded_assets\full_svg_dump\02_all_available_svg_figures\02_detection_raw_max_mean__a3f3562fc3.svg,67965,19ab49ada06a7de3bb5572b05871ff7065c4fc3c49aeff03a1e695be1880eaf5
99_history_full_dump_and_superseded_assets\full_svg_dump\02_all_available_svg_figures\02_detection_raw_max_mean__a864b628a8.svg,115717,6c70dd0d9f393b940d1f10f64b4e6f581b4872deccb86a3645a060845a640222
99_history_full_dump_and_superseded_assets\full_svg_dump\02_all_available_svg_figures\03_size_center_border_contrast_center__6451304cb5.svg,98862,beaa9827c58849d6d001461c775fc7cd37fc9792c0d9c0b136d53e3266750cc0
99_history_full_dump_and_superseded_assets\full_svg_dump\02_all_available_svg_figures\03_size_center_border_contrast_last__16b5c91d97.svg,80296,f54b5eca1df6da27c4bfb0a69b23f645e6d885b0bfdcd3c0a3ee8447e1d57fc7
99_history_full_dump_and_superseded_assets\full_svg_dump\02_all_available_svg_figures\03_size_center_border_contrast_last__1985a6884a.svg,99488,3083a807833cce2cef220968e8a88edbca60bcdadc87b1ffd97bcd9c68834866
99_history_full_dump_and_superseded_assets\full_svg_dump\02_all_available_svg_figures\04_size_raw_p95_mean__82546aeaf6.svg,103813,b0f799f334e80068a22102e30862a4d856381bdbca01cdec60cd38837cf4fb38
99_history_full_dump_and_superseded_assets\full_svg_dump\02_all_available_svg_figures\04_size_window_raw_global_std__45cf4fcbd7.svg,99728,9891019c121daa5e4f6bc1f2cefaab7f2a3e165d2d799cd6155dc984b54c0dbc
99_history_full_dump_and_superseded_assets\full_svg_dump\02_all_available_svg_figures\04_size_window_raw_global_std__55954e15a1.svg,79533,f50cc7676736af3a82cdc090251e7e3755333b3e1cffab618ff2857190ae548d
99_history_full_dump_and_superseded_assets\full_svg_dump\02_all_available_svg_figures\05_depth_hotspot_radius_max__0f53f870fa.svg,75171,0dd3a8015028f87ff87b2a66ff965729829f476224a188e402867947c6e89dd3
99_history_full_dump_and_superseded_assets\full_svg_dump\02_all_available_svg_figures\05_depth_hotspot_radius_max__53e0007953.svg,89368,3b754d97e467f614716b43c8fcca06d807cfe2965c157bf0cb4f1a156b7b6ec8
99_history_full_dump_and_superseded_assets\full_svg_dump\02_all_available_svg_figures\05_depth_hotspot_radius_max__85a1517c28.svg,90241,5a543a825d8a44b05785b54e451f4df3e26c36dda0408c964437b61e8ffdae2f
99_history_full_dump_and_superseded_assets\full_svg_dump\02_all_available_svg_figures\06_depth_second_moment_spread_max__36f0b305f8.svg,76816,7d5ca298760ccd20f73f0c1db203d705c0544f24ce36d3b112c56235061b4ff3
99_history_full_dump_and_superseded_assets\full_svg_dump\02_all_available_svg_figures\06_depth_second_moment_spread_max__bdd08f9af6.svg,89437,4975fe7299324aace36e9e538aab157ea3a3757b3a8f9fdc1fca8f0bc3bdd8cd
99_history_full_dump_and_superseded_assets\full_svg_dump\02_all_available_svg_figures\06_depth_second_moment_spread_max__e674b63d15.svg,90667,cdc30713b37b5badba80ae61d820537ec4312fc57c8d9a8d124900810ca2fc12
99_history_full_dump_and_superseded_assets\full_svg_dump\02_all_available_svg_figures\_svg_source_index.csv,51105,49d80ed6ea673e988adc49b0bbd1383e8881a892d98cc67e4b7f39904254add0
99_history_full_dump_and_superseded_assets\full_svg_dump\02_all_available_svg_figures\algorithm_flow_abc_topjournal__026dabc7f0.svg,91435,d483583b11be5be3c3f447ce839bce4769e587d7143f6fb969f38554178618e2
99_history_full_dump_and_superseded_assets\full_svg_dump\02_all_available_svg_figures\algorithm_flow_abc_topjournal__0eb8c9cc15.svg,91435,d483583b11be5be3c3f447ce839bce4769e587d7143f6fb969f38554178618e2
99_history_full_dump_and_superseded_assets\full_svg_dump\02_all_available_svg_figures\CAM_feature_aligned_candidates__dda9bb94b8.svg,1905826,7135f04c7ce3a4c468d29e28c9b7262b94fd01a2c4ae258a2b3a7dd864ac45dd
99_history_full_dump_and_superseded_assets\full_svg_dump\02_all_available_svg_figures\cam_focus_solid_gallery_12samples__a45f67dd3f.svg,1055288,3a7baaf0043cf460c2b4d4d77daeab138d20de098dc38636e897b03e39268dfb
99_history_full_dump_and_superseded_assets\full_svg_dump\02_all_available_svg_figures\cam_gray_magma_gallery_12samples__8a4c2d491f.svg,1930069,ab08ab0d649faf0a69cfb8e0162bea57d0829cffa7c85f7fa798d88790ab424c
99_history_full_dump_and_superseded_assets\full_svg_dump\02_all_available_svg_figures\CAM_logic_closure_panel__6c3ddf062e.svg,933087,e8e68557384c44b2dbdc9b45cc93ded37e0e01b18bcfa50a9d709d54cf7e43e4
99_history_full_dump_and_superseded_assets\full_svg_dump\02_all_available_svg_figures\confusion_matrix_reviewed_temporal_labels_ensemble__0b93cb32b7.svg,40914,9e81770cca0d356a28ff45701c913261b7a32536d9413131fbdc06b06afb4a91
99_history_full_dump_and_superseded_assets\full_svg_dump\02_all_available_svg_figures\confusion_matrix_reviewed_temporal_labels_locked_like__63f4d83ca6.svg,42107,e18ba8ac3ca590de1da8d9a94bdd2b72cdbe2e55a3b5dc25d42cf6c974ad94d4
99_history_full_dump_and_superseded_assets\full_svg_dump\02_all_available_svg_figures\depth_dl__42eacd65ef.svg,40939,b6986571a5ba51143aba9051821d61234492e6e9826e04fe9e7771a46f621681
99_history_full_dump_and_superseded_assets\full_svg_dump\02_all_available_svg_figures\depth_fem_feature_sensitivity__3eb507e435.svg,27511,5115e9fac3af4b5686d978291e747861b717e0666a44ed55ca3241ce984ed801
99_history_full_dump_and_superseded_assets\full_svg_dump\02_all_available_svg_figures\depth_xgboost__9562bec1aa.svg,40791,123738d3bb25d21b933f42a85b378589b17a6aa4564b6211f88dc5ce4e7fef6c
99_history_full_dump_and_superseded_assets\full_svg_dump\02_all_available_svg_figures\detection_dl__9871614844.svg,32888,3b614c2e440302a459fa5c906611e72a93a6d05b6b848ee19d156e864dcefe55
99_history_full_dump_and_superseded_assets\full_svg_dump\02_all_available_svg_figures\detection_fem_feature_sensitivity__fa1299b692.svg,27812,f567c0f24f2b9ea9c31cdb5ac813d1bc1f141d21b21aac9df40f5f1ff6661b4e
99_history_full_dump_and_superseded_assets\full_svg_dump\02_all_available_svg_figures\detection_xgboost__b9b1fc9467.svg,35155,a5ead75240757aeb3aaf3e259c9762c2ab8bef7cad0b7cf271088f656d1d2b7f
99_history_full_dump_and_superseded_assets\full_svg_dump\02_all_available_svg_figures\Error_depth_weak_diffusion_cue__0945e96bc2.svg,46513,32d5c71a791939d0290dc42b6075019f29c765c856faa6433afc2e1b1aed68bb
99_history_full_dump_and_superseded_assets\full_svg_dump\02_all_available_svg_figures\Error_detection_FP_hard_hotspot__dd9283a277.svg,42393,b2db20edf06eeb5b3933360b55edef060eeb9ba6f8c642a5a605e34591317629
99_history_full_dump_and_superseded_assets\full_svg_dump\02_all_available_svg_figures\Error_size_larger_deformable_contacts__ebb439819b.svg,48369,5a534acf9402f142feda1bb69b52fe2b4cad758e5cc8d7cf456b16ae79e41c94
99_history_full_dump_and_superseded_assets\full_svg_dump\02_all_available_svg_figures\feature_aligned_cam_correct__4c49a84bad.svg,106710,d8b9cbe3cd1e6d5a42eef285c01ae18971a9165ad3a7dfd1032bf0d545b8edd7
99_history_full_dump_and_superseded_assets\full_svg_dump\02_all_available_svg_figures\feature_aligned_cam_depth__0f7d247609.svg,107129,bce75868c3fda22a318f8abfdc97216fed33754986bb5de679d22b8ca095cab5
99_history_full_dump_and_superseded_assets\full_svg_dump\02_all_available_svg_figures\feature_aligned_cam_fp__1ba0e9a908.svg,105841,8f499f7f610fb45479df8d38b337e3565fc7d718ce5605502b93a8ff242035be
99_history_full_dump_and_superseded_assets\full_svg_dump\02_all_available_svg_figures\feature_aligned_cam_size__715bd1d53e.svg,111722,01147d86f1411fb33af627eb808d3280b69f6739ed5ad81e8c19aabf2402e23b
99_history_full_dump_and_superseded_assets\full_svg_dump\02_all_available_svg_figures\Fig3_fem_guided_statistics_topjournal__cc49bc1f15.svg,569842,8b354cb1c1b4afdcb5c0bbfcdc0c9781cc570b61f18cece7824de5a0a5ed98b7
99_history_full_dump_and_superseded_assets\full_svg_dump\02_all_available_svg_figures\Fig3_panelC_center_aligned_positive_frames_cellnorm_preview__0c3e9f974a.svg,829440,17c7c5dce7cedfc9d6d6cdbc63aa6ad9c1e376d91754be2283191dbae30e23c4
99_history_full_dump_and_superseded_assets\full_svg_dump\02_all_available_svg_figures\Fig3_panelC_center_aligned_positive_frames_global_preview__4e90e13825.svg,699197,b864ed62a3fc16bd90a4f4fb08c3a6218f9757df8659e46fae6bd770bcf4df68
99_history_full_dump_and_superseded_assets\full_svg_dump\02_all_available_svg_figures\Fig3_panelC_direct_existing_mean_center_aligned_cellnorm_preview__8a7fd76bf0.svg,824261,cdfacfa6e531ef81c9476856c30e343fb8e20b53eca78ebda9436b74d75e65b5
99_history_full_dump_and_superseded_assets\full_svg_dump\02_all_available_svg_figures\Fig3_panelC_direct_existing_mean_center_aligned_global_preview__59d99943f5.svg,737283,d39b9d0d53c04bd38d4e64dae59919c0ba0f1ad6b66a134ebe0e47446d4ce940
99_history_full_dump_and_superseded_assets\full_svg_dump\02_all_available_svg_figures\Fig3_panelC_topk_center_aligned_positive_frames_cellnorm_preview__718c2e9851.svg,846874,db56a5af8ab70f9efe39c3d5bef4fbb87f6717edf8dc4d3589d822f6df30f51b
99_history_full_dump_and_superseded_assets\full_svg_dump\02_all_available_svg_figures\Fig3_panelC_topk_center_aligned_positive_frames_global_preview__fd6bec17e7.svg,746465,82d2fab72cfd887a17079fa2b1da5cd4e87d4cb814b307f29ae3bd1758c32734
99_history_full_dump_and_superseded_assets\full_svg_dump\02_all_available_svg_figures\Fig3b_fem_feature_sensitivity_topjournal__df7bfb9849.svg,69440,49f206070a3c4f1b91128e89b11c921c3256ba842af14c6df741af1253857fbc
99_history_full_dump_and_superseded_assets\full_svg_dump\02_all_available_svg_figures\Fig3c_feature_difference_analysis_bottom__cc9da24aa8.svg,446385,1312be54c3f7a52d5ea9ff33585862461643bca125af8146389727e583611ef0
99_history_full_dump_and_superseded_assets\full_svg_dump\02_all_available_svg_figures\Fig3c_fem_visible_feature_alignment_bottom__6446ad5f28.svg,452074,85badd0b339256ba3dc82e8b0a00d3f744c1ecd3d2bbf4ccfb3ece1d85bb5771
99_history_full_dump_and_superseded_assets\full_svg_dump\02_all_available_svg_figures\Fig4_algorithm_follow_user_template_reviewed_20260426__0a8c76ab59.svg,221454,c6081e8ee81d19020a18ef7681da294c0c8e77fbe9a785c26482c9e741260580
99_history_full_dump_and_superseded_assets\full_svg_dump\02_all_available_svg_figures\Fig4_algorithm_tuning_effects_reviewed_20260426__a860a701b2.svg,115793,801ee6847493a770510e540bcf221b3b8ceca2627e2f9deb620499d525629a9f
99_history_full_dump_and_superseded_assets\full_svg_dump\02_all_available_svg_figures\Fig4_clean_model_performance_metrics_topjournal__4966437317.svg,103363,024596e6ebed404c403df3993491f55f84f38e63beb2981f2ee66291bf8d6690
99_history_full_dump_and_superseded_assets\full_svg_dump\02_all_available_svg_figures\Fig4_deep_learning_workflow_validation_topjournal__4d55caea7f.svg,130652,02bc90cdcaa95ece5ad0618aadb4dd682214f8ec4a0c7da5c212b93ff0f84123
99_history_full_dump_and_superseded_assets\full_svg_dump\02_all_available_svg_figures\Fig4_detection_optimization_audit_20260426__725497e7c4.svg,28036,f9defc72d40454ede9a237849963a54b97c03148377f4976902d814d44894321
99_history_full_dump_and_superseded_assets\full_svg_dump\02_all_available_svg_figures\Fig4_real_algorithm_workflow_reviewed_20260426__6df2f761cf.svg,215996,968ec73e980e7a13991d8f028d8a343c79823381f61c9e90e5d35065d4968168
99_history_full_dump_and_superseded_assets\full_svg_dump\02_all_available_svg_figures\Fig4_unified_hierarchical_multitask_algorithm_reviewed_20260426__6bde7b3528.svg,175112,e35dacfb4ae668fe8abbb7ea65c3c90f5135571263e3a227f50a5a7157aa35c4
99_history_full_dump_and_superseded_assets\full_svg_dump\02_all_available_svg_figures\Fig4_workflow_panel_A_labeling_protocol__cae0e3d912.svg,42078,35b6075c2853b419ba0d5cdd35466eeec4256f7cc8950c9a80378382b46152f4
99_history_full_dump_and_superseded_assets\full_svg_dump\02_all_available_svg_figures\Fig4_workflow_panel_B_leakage_safe_split__4069364e04.svg,17419,2905fd09945f2e88c4bf0c5b64633553ffddc4cb765f4862f6321244ef915ae2
99_history_full_dump_and_superseded_assets\full_svg_dump\02_all_available_svg_figures\Fig4_workflow_panel_C_window_tensor_construction__143827f6c4.svg,24701,6ad50470727722867570dea0a40c661cb0f3d29cc88fdca6ce03ce9183f62b85
99_history_full_dump_and_superseded_assets\full_svg_dump\02_all_available_svg_figures\Fig4_workflow_panel_D_staged_architecture__7681c25795.svg,12193,e6130892558aa7e8ed1d173c5b72c8ea71543e1da4cf6682e2402da5a29c3f92
99_history_full_dump_and_superseded_assets\full_svg_dump\02_all_available_svg_figures\Fig4_workflow_panel_E_heldout_validation__7412dce166.svg,11177,9ddc92cf7be37f5b534cf6001a75f40e66a05491b002d91a25c0372098224b77
99_history_full_dump_and_superseded_assets\full_svg_dump\02_all_available_svg_figures\Fig4_workflow_panel_F_model_sanity_checks__cf5689ed5c.svg,22517,30de680bbe4991279a0edbabffb60ab693b6f7864db09d625b0f890d65b68868
99_history_full_dump_and_superseded_assets\full_svg_dump\02_all_available_svg_figures\Fig4b_locked_confusion_matrices_topjournal__4fe0b7d4d2.svg,176140,1229814285d2bb927221ce78279d13e9ca85c896e9227a1db55f266d9ba659de
99_history_full_dump_and_superseded_assets\full_svg_dump\02_all_available_svg_figures\Fig5_depth_3class_table__6f88e5f8eb.svg,60787,eb44fbedc3e45e4c76831a6a4e27e8d02471f47e0541020f2f092c6ef7775146
99_history_full_dump_and_superseded_assets\full_svg_dump\02_all_available_svg_figures\Fig5_error_case_explanation_cards__0a46822a0c.svg,145730,18ee4d3ecafb969d61ab16b36020f2b749d9e1e5c3fadd1bb5c761a37133cbfb
99_history_full_dump_and_superseded_assets\full_svg_dump\02_all_available_svg_figures\Fig5_error_case_explanation_table__fd9c2ab029.svg,147775,befab653dc209ecb88bfa9f39fd163a3ed9b44903ca637e4107a18cc84461153
99_history_full_dump_and_superseded_assets\full_svg_dump\02_all_available_svg_figures\Fig5_failure_mode_visual_cards__cc0eec4995.svg,479857,22b24fb4a85feeed0c86912b96327de489307f45c7486558d5be956be9a52ab5
99_history_full_dump_and_superseded_assets\full_svg_dump\02_all_available_svg_figures\Fig5_FG_mechanism_failure_no_tables_block__499c309df4.svg,178444,f0c7d7730ba078ca1896879c90579b62fe61877fc125264b198f767d45a0762d
99_history_full_dump_and_superseded_assets\full_svg_dump\02_all_available_svg_figures\Fig5_FGH_auc_table_mechanism_failure_block__fbc700815c.svg,265305,70b4d367ada24531420073826abe1824dafad0aef56f7609e7d66dac8f8b6625
99_history_full_dump_and_superseded_assets\full_svg_dump\02_all_available_svg_figures\Fig5_overall_explainability_story__433ccea0e7.svg,403883,af9a4a6f62bbba937bbdcaac29c63095fe8c414a8f3fccf61ad73f9b9a79ab49
99_history_full_dump_and_superseded_assets\full_svg_dump\02_all_available_svg_figures\Fig5_overall_readout_table__06d419014e.svg,67858,fc6f6b2f67775ed97ffad26a33002a4c8a44295ce83594cd2eec17b9d06d5b26
99_history_full_dump_and_superseded_assets\full_svg_dump\02_all_available_svg_figures\Fig5_remaining_explainability_and_failure_block__2516329b47.svg,343631,a3ed9f889bf03dd78ff56f896d1678a69935ae704934d8fab6a05373b8fd1012
99_history_full_dump_and_superseded_assets\full_svg_dump\02_all_available_svg_figures\Fig5_size_7class_table__ec9e89c282.svg,81580,097d64418db86d020858f2437f17e133d19d1c1836e39d341e0678d08f305c3d
99_history_full_dump_and_superseded_assets\full_svg_dump\02_all_available_svg_figures\Fig5_table_readout_summary__3f5e16cb09.svg,178423,5e8bcc5534d8fd206d8b75ad11bee3d33f50e2394375d5c6818b51b944f71db3
99_history_full_dump_and_superseded_assets\full_svg_dump\02_all_available_svg_figures\Fig5F_counterfactual_accuracy_loss_bar__4b0cfce312.svg,55762,98107ef0602c22f7d9e8aedfae002279281b94fbcabdaaa31be9e2783f01cf48
99_history_full_dump_and_superseded_assets\full_svg_dump\02_all_available_svg_figures\Fig5F_counterfactual_cue_family_audit__286b4f97aa.svg,110465,53fb17a8b929d018d8d1ccab923e806c3e9bf189ab6d34aba831123e6362d6a1
99_history_full_dump_and_superseded_assets\full_svg_dump\02_all_available_svg_figures\Fig5F_counterfactual_cue_family_matrix__8367347ac7.svg,100040,bfc5b3b49a770c0fdaad75a62a76cdd6b588c2c1bfcc0658c01a10616f413d30
99_history_full_dump_and_superseded_assets\full_svg_dump\02_all_available_svg_figures\Fig5F_counterfactual_cue_masking__1023f7830f.svg,147360,1e24942edd6f66d1622e65d9edbc7a3506eebcb2b8b5d578ba6511e0482056cd
99_history_full_dump_and_superseded_assets\full_svg_dump\02_all_available_svg_figures\Fig5F_counterfactual_feature_aligned_Fslot__98073643c4.svg,58125,34abd3a1ebaabf46f831a706d825b09662cdb1ce9631b857cd0d5f7e9ffe7583
99_history_full_dump_and_superseded_assets\full_svg_dump\02_all_available_svg_figures\Fig5F_counterfactual_intervention_standard__6904a75e73.svg,79507,7cb4e32fc06d3669e9e599e6bfb82986b0e6e1e4e8594eebb0c3d504511bbaf4
99_history_full_dump_and_superseded_assets\full_svg_dump\02_all_available_svg_figures\Fig5F_feature_guided_gated_ablation_bar__9a4136319b.svg,55434,cb783cce815871654b31de8161687c1a38251918fdb800e88ef8cad6db236a9d
99_history_full_dump_and_superseded_assets\full_svg_dump\02_all_available_svg_figures\Fig5F_gated_mechanism_closure_bar__74fba9baac.svg,71853,539b85c3af9acbcdfb191fbe077fd61cf2894745187860560233f0c00cb89f63
99_history_full_dump_and_superseded_assets\full_svg_dump\02_all_available_svg_figures\Fig_error_mechanism_global_summary__df45e2cf29.svg,110315,daf59bc815b8a16a56bf32bdd88d61c346729e31b2599159372081a0be8c1ab4
99_history_full_dump_and_superseded_assets\full_svg_dump\02_all_available_svg_figures\FigD_V5_R5_algorithm_publication_v3__0cdbf8c244.svg,236053,31e4c2361e2bb9569a79cada849f313ea4f5b0984b07e78dcc80ca11b6a4f9eb
99_history_full_dump_and_superseded_assets\full_svg_dump\02_all_available_svg_figures\FigD_V5_R5_algorithm_publication_v3__0dbf184d1c.svg,236053,31e4c2361e2bb9569a79cada849f313ea4f5b0984b07e78dcc80ca11b6a4f9eb
99_history_full_dump_and_superseded_assets\full_svg_dump\02_all_available_svg_figures\FigD_V5_R5_algorithm_publication_v4__9cb7288633.svg,235068,45bc88d92a00169663bcba2895a087caa2f5a7dfec4120a953aa157d69007aae
99_history_full_dump_and_superseded_assets\full_svg_dump\02_all_available_svg_figures\FigD_V5_R5_algorithm_publication_v4__b8d6e70a15.svg,235068,45bc88d92a00169663bcba2895a087caa2f5a7dfec4120a953aa157d69007aae
99_history_full_dump_and_superseded_assets\full_svg_dump\02_all_available_svg_figures\FigD_V5_R5_algorithm_publication_v5__5158fe6bb4.svg,222330,6bae5f3de5d1dfff35134e17d986896237a1e6d42add5100b083edf75026ab8c
99_history_full_dump_and_superseded_assets\full_svg_dump\02_all_available_svg_figures\FigD_V5_R5_algorithm_publication_v5__571eebeffe.svg,222330,6bae5f3de5d1dfff35134e17d986896237a1e6d42add5100b083edf75026ab8c
99_history_full_dump_and_superseded_assets\full_svg_dump\02_all_available_svg_figures\FigM3_R5_hybrid_architecture__6971339b9e.svg,41944,963cc8ce674b344cbc806da7bcc1b9ae27abc701a685f3f1883b07427cfdc05d
99_history_full_dump_and_superseded_assets\full_svg_dump\02_all_available_svg_figures\FigM3_R5_hybrid_architecture__ac743c7a19.svg,41944,963cc8ce674b344cbc806da7bcc1b9ae27abc701a685f3f1883b07427cfdc05d
99_history_full_dump_and_superseded_assets\full_svg_dump\02_all_available_svg_figures\figure5_v5_explainability_cam_summary__804e3082ef.svg,1602220,c965aa9072b9d13eda71d6c40b0d46843454971af9cf1a442f2e5cc132b873c8
99_history_full_dump_and_superseded_assets\full_svg_dump\02_all_available_svg_figures\figure5_v5_learned_features_candidate__06b7fbfa49.svg,168789,3e436c8c557d314840938e26fdb3711ee0cceb3eec84ddc3049ff87d76ca061c
99_history_full_dump_and_superseded_assets\full_svg_dump\02_all_available_svg_figures\figure5_v5_learned_features_candidate__890f5364da.svg,169429,dc8c798791a68285a227c1031bf50597e11e0a2df31f2a06553f68229a2ca524
99_history_full_dump_and_superseded_assets\full_svg_dump\02_all_available_svg_figures\figure5_v5_learned_features_candidate__9fbd9f0da1.svg,169645,51405b7d148d27ebd4e60a0285c076e5768a4e0bd079692811da6ecdcc935c09
99_history_full_dump_and_superseded_assets\full_svg_dump\02_all_available_svg_figures\G_cam_A_detection_hotspot__d0072a78d8.svg,85077,032162c2a6745a7abc94f47edd53b6e2a9d82da8a0b8e45ccb8210512c2d667c
99_history_full_dump_and_superseded_assets\full_svg_dump\02_all_available_svg_figures\G_cam_A_detection_hotspot_clean__607e3eb0ee.svg,85077,de82a0533a08bcd76eb35106a2862b6dd97b9a816c467d01e57b96c65b42d427
99_history_full_dump_and_superseded_assets\full_svg_dump\02_all_available_svg_figures\G_cam_B_size_contour__fc8aab5f5c.svg,82740,dc1cd87401825339fbb41fd1f642e3d8a468f26cdc1bfc048d7a602c65813b6b
99_history_full_dump_and_superseded_assets\full_svg_dump\02_all_available_svg_figures\G_cam_B_size_contour_clean__2f6304e48f.svg,82740,e735a734a6c6cd9029dbbba2421331a18d7b4251f4a8f63e2025449bce3eeb7f
99_history_full_dump_and_superseded_assets\full_svg_dump\02_all_available_svg_figures\G_cam_C_depth_diffusion__3ff9b57b9c.svg,78378,d576938d5ec27b816ae112871d5637c2188508674b45bdb56e55568b25c0870e
99_history_full_dump_and_superseded_assets\full_svg_dump\02_all_available_svg_figures\G_cam_C_depth_diffusion_clean__ca0c4f2fe1.svg,78378,2b7818d73ddc97e54355c2b9d64713fee7a61ad4acaec18348557314f6b8cce2
99_history_full_dump_and_superseded_assets\full_svg_dump\02_all_available_svg_figures\G_cam_D_detection_heterogeneity__51ae3df2e8.svg,82230,d8a69c0a0b2b2fd6b3e94d9f134ca94566d4fd96eb8a59cc4968fe2c1ca4fb4c
99_history_full_dump_and_superseded_assets\full_svg_dump\02_all_available_svg_figures\G_cam_D_detection_heterogeneity_clean__76870c30f1.svg,82230,f096865a18df98762a3c69beb80ab4fb5870ad1e39989cef6b33417ad554c9ef
99_history_full_dump_and_superseded_assets\full_svg_dump\02_all_available_svg_figures\G_cam_E_size_deformation__06274ae95d.svg,83446,656f6975f378228b16ae29938061c25a5585cd63e4af5d503215e4e83426916d
99_history_full_dump_and_superseded_assets\full_svg_dump\02_all_available_svg_figures\G_cam_E_size_deformation_clean__ebba8739bb.svg,83446,a2060e963db24cd3fdc6a32083867108eaf2afd1f8ef63b387d63113fe42e299
99_history_full_dump_and_superseded_assets\full_svg_dump\02_all_available_svg_figures\G_cam_F_depth_weak_separability__ccff75149a.svg,81238,6f01a65a6e3bf0eb20325c25e06b4a84bf56a757b8ec5f0c02c8a4d3f8bd326f
99_history_full_dump_and_superseded_assets\full_svg_dump\02_all_available_svg_figures\G_cam_F_depth_weak_separability_clean__d43e467352.svg,81238,49bc5245a0f13f892e3c9e4df7b65cbef0380682afd27d0088ec26b3f3be859b
99_history_full_dump_and_superseded_assets\full_svg_dump\02_all_available_svg_figures\G_cam_mechanism_error_sixpack__e4538930c2.svg,510384,4d2e87c25ea50eadc3e2a5e4e443ee11429d189283a2bdb8069c3e409fc795b3
99_history_full_dump_and_superseded_assets\full_svg_dump\02_all_available_svg_figures\G_counterfactual_occlusion_cam_case_atlas__343eac38b9.svg,625798,80d02d230902d7092228c732a8a9a4c541290f8da299d103b0b353024a10f663
99_history_full_dump_and_superseded_assets\full_svg_dump\02_all_available_svg_figures\G_counterfactual_occlusion_cam_compact__263ffdbeac.svg,391763,321f837ac2269b56ad5c367b4e6c339ff2146f9d9ce0c1fe6fe3cdf7393054a6
99_history_full_dump_and_superseded_assets\full_svg_dump\02_all_available_svg_figures\G_failure_mode_dataset_analysis_compact__cb6ae56606.svg,113695,e756ae0e3be46385c54cc1c9e5524deb74543cc106f59c513b9e973413d4edc9
99_history_full_dump_and_superseded_assets\full_svg_dump\02_all_available_svg_figures\G_failure_mode_dataset_analysis_detailed__697f85b163.svg,228911,b52927dd08aa88e675a34cfff6a596f7264248d579b1dd7477e772c0075fed11
99_history_full_dump_and_superseded_assets\full_svg_dump\02_all_available_svg_figures\G_feature_aligned_cam_keyframes__c5addbd4b9.svg,366345,ddc7e8c46e5c67e0521aeeb2aff916fece2e6892717d5a0bb155bdf814b570da
99_history_full_dump_and_superseded_assets\full_svg_dump\02_all_available_svg_figures\G_gray_magma_cam_overlay_panel__20020e8c11.svg,962955,f9dc0d4a72b91632e19b630e2f69f64efb121f6eec7d7cfe16b05809f08aa792
99_history_full_dump_and_superseded_assets\full_svg_dump\02_all_available_svg_figures\G_oldstyle_keyframe_failure_modes__39e5755904.svg,253132,89ba9a3199a0980eb1d5e2cec846e3229c6d9d497efdcc2d3dadb487464d6554
99_history_full_dump_and_superseded_assets\full_svg_dump\02_all_available_svg_figures\G_task_guided_scorecam_overlay_compact__9ab2004468.svg,817832,40f80d5f6eb6bb45ac979db001a395a8ff216be56d1b636c34d7fc7d61cfb776
99_history_full_dump_and_superseded_assets\full_svg_dump\02_all_available_svg_figures\G_task_guided_scorecam_overlay_full__c91cf41e86.svg,1454842,77975b2e268bb5fb2536b4a68e0b31e6eff13f877d2dd4d0e77ad1b29a2c3ce7
99_history_full_dump_and_superseded_assets\full_svg_dump\02_all_available_svg_figures\G_task_guided_scorecam_overlay_panel__c7125e3ba0.svg,962955,cffe1d4d592c19232d77fde4e53575b212b9eede7b8ff53694dcd68d619872a1
99_history_full_dump_and_superseded_assets\full_svg_dump\02_all_available_svg_figures\image2A_two_level_topjournal__23e96e2d4d.svg,149829,492a5b869c769313f55329030692a69618b2634aa4b6a04bbb9f92be603133b9
99_history_full_dump_and_superseded_assets\full_svg_dump\02_all_available_svg_figures\image2A_two_level_topjournal__5326825a9d.svg,149829,492a5b869c769313f55329030692a69618b2634aa4b6a04bbb9f92be603133b9
99_history_full_dump_and_superseded_assets\full_svg_dump\02_all_available_svg_figures\image2B_evidence_architecture_topjournal__4ab8ee306f.svg,158730,4e12301588709732c384e10e72430cd501919fbe1717dc991cc82972d5a7f966
99_history_full_dump_and_superseded_assets\full_svg_dump\02_all_available_svg_figures\image2B_evidence_architecture_topjournal__715d222a14.svg,158730,4e12301588709732c384e10e72430cd501919fbe1717dc991cc82972d5a7f966
99_history_full_dump_and_superseded_assets\full_svg_dump\02_all_available_svg_figures\image2C_compact_topjournal__5d48cbb267.svg,124727,3018f4cbb59d94899e93bfe918b2c15e5250a8ac257dece651f14fdaea745f9d
99_history_full_dump_and_superseded_assets\full_svg_dump\02_all_available_svg_figures\image2C_compact_topjournal__e3f480ab4d.svg,124727,3018f4cbb59d94899e93bfe918b2c15e5250a8ac257dece651f14fdaea745f9d
99_history_full_dump_and_superseded_assets\full_svg_dump\02_all_available_svg_figures\label_quality_audit_summary__913593458a.svg,92393,f230c8efb7e11f00aef50ad2895ccdadca5f9e29c4a8588df0db13602bad045a
99_history_full_dump_and_superseded_assets\full_svg_dump\02_all_available_svg_figures\panel_F_causal_intervention__0b56d90b56.svg,64421,2a6d6c64853f5ee31aa5f4793fc644bd1f9647746b8b33219f99ab0932f2baed
99_history_full_dump_and_superseded_assets\full_svg_dump\02_all_available_svg_figures\panel_F_mechanistic_closure__b89e453053.svg,114317,0ba08dbad877b7525e7fbd9dd2b43c560b8211ce20c3f542650174394205c4dc
99_history_full_dump_and_superseded_assets\full_svg_dump\02_all_available_svg_figures\panel_F_mechanistic_closure_no_table__b383da808a.svg,92869,142fd000fb549b1553aeab2e9566e36ab296771a5dfac52d070c282bfe6b8ab4
99_history_full_dump_and_superseded_assets\full_svg_dump\02_all_available_svg_figures\panel_F_mechanistic_explainability_closure__f3fa0dec3c.svg,102635,3423b70c14de1ad0e9e13ac13be5ebf27e5210bf83710c489f497f54f1679602
99_history_full_dump_and_superseded_assets\full_svg_dump\02_all_available_svg_figures\panel_G_auc_table_data__1d975258d0.svg,68830,0cc690c0a08bc080b8627b97ad56522f4fc164bfea12e7357c266afc80a6a185
99_history_full_dump_and_superseded_assets\full_svg_dump\02_all_available_svg_figures\panel_G_failure_explanation_cards_no_table__867e0bd2d4.svg,107964,cec0f19751f51cdc0a303d4b4ebaa4a175c65f809c6e351d6b7e9a6232934912
99_history_full_dump_and_superseded_assets\full_svg_dump\02_all_available_svg_figures\panel_G_table_readout_summary__e0345414e9.svg,166137,a7039bef7ea6794908c8fbe6034ac1a30658e630988f8d43cf237202b4672a33
99_history_full_dump_and_superseded_assets\full_svg_dump\02_all_available_svg_figures\panel_H_failure_case_explanation__a8c2f60cbd.svg,137874,e57eb49fedeb137ef471b26442b1b87bdb496d674eab7e1f410d7e9192bb5547
99_history_full_dump_and_superseded_assets\full_svg_dump\02_all_available_svg_figures\panel_H_failure_mechanism_redone__f7849be70e.svg,142885,9a79f987695c781b355b6d5506a266290faba90aa0484845324087bf37d8946c
99_history_full_dump_and_superseded_assets\full_svg_dump\02_all_available_svg_figures\panel_H_model_auc_heatmap__89becee086.svg,76834,0f41df3526a0c3ffe4f535b646fda9ecb75c2e9944f2780032c7a4d8db984c75
99_history_full_dump_and_superseded_assets\full_svg_dump\02_all_available_svg_figures\size_dl__d8e8dcbc49.svg,43320,785f1de36d9caa0872a8671dcaa81fca84d93480472423e350a03d90b7841c8e
99_history_full_dump_and_superseded_assets\full_svg_dump\02_all_available_svg_figures\size_fem_feature_sensitivity__77b34714e8.svg,28027,7e0fe8153840cc6f983c1620183bfb5906bd28c0f4e1f1b7df132a50113999b4
99_history_full_dump_and_superseded_assets\full_svg_dump\02_all_available_svg_figures\size_xgboost__403b4cb2c0.svg,45842,1094049aec774e5815ed861953862ca6fccc00859e9e21acda322bccafeb9dc8
99_history_full_dump_and_superseded_assets\full_svg_dump\02_all_available_svg_figures\v5r5_depth_aligned_mean_sem__1bdffda2ee.svg,38698,d3d1715352f44d2e63bfb4498c7ee89957b5b12c155b93cb54f096d07d867a69
99_history_full_dump_and_superseded_assets\full_svg_dump\02_all_available_svg_figures\v5r5_depth_aligned_mean_sem__9c34dec3e3.svg,38698,d3d1715352f44d2e63bfb4498c7ee89957b5b12c155b93cb54f096d07d867a69
99_history_full_dump_and_superseded_assets\full_svg_dump\02_all_available_svg_figures\v5r5_feature_decomposition__bb67fc1dc7.svg,20564,59e9c20c9a4c8fe76265f1d45b4e0cb8f3f39387d85b29c6ec38a3dd30369551
99_history_full_dump_and_superseded_assets\full_svg_dump\02_all_available_svg_figures\v5r5_feature_decomposition__c0e15a9698.svg,20564,59e9c20c9a4c8fe76265f1d45b4e0cb8f3f39387d85b29c6ec38a3dd30369551
99_history_full_dump_and_superseded_assets\full_svg_dump\02_all_available_svg_figures\v5r5_representative_response_curves__9a89c34768.svg,53591,8c2f6650c897dc6e1b1dd2b0f860abc9e8d9fdb389acfd9ac76fee3fe02e1d62
99_history_full_dump_and_superseded_assets\full_svg_dump\02_all_available_svg_figures\v5r5_representative_response_curves__c5e5d98f6d.svg,53591,8c2f6650c897dc6e1b1dd2b0f860abc9e8d9fdb389acfd9ac76fee3fe02e1d62
99_history_full_dump_and_superseded_assets\full_svg_dump\02_all_available_svg_figures\v5r5_size_depth_peak_contrast__3a21e180db.svg,17185,a4e33b479e79d364457742cc128822393b618f948149a7b48f3eda860146d173
99_history_full_dump_and_superseded_assets\full_svg_dump\02_all_available_svg_figures\v5r5_size_depth_peak_contrast__71882800e4.svg,17185,a4e33b479e79d364457742cc128822393b618f948149a7b48f3eda860146d173
99_history_full_dump_and_superseded_assets\full_svg_dump\02_all_available_svg_figures\v5r5_smoothed_representative_units__2aef8f3593.svg,42291,35ca13c69be07873f0ba5fce5f590388ca16952d6ead1598f6873a278fde9e6d
99_history_full_dump_and_superseded_assets\full_svg_dump\02_all_available_svg_figures\v5r5_smoothed_representative_units__50facd9f85.svg,42291,35ca13c69be07873f0ba5fce5f590388ca16952d6ead1598f6873a278fde9e6d
99_history_full_dump_and_superseded_assets\full_svg_dump\02_all_available_svg_figures\v5r5_total_pressure_by_coarse_depth__d18c63bac3.svg,45960,4b4bd0a00ef9a6d7f0596e57b13f04eca310ced4205863d1340e8b688590460f
99_history_full_dump_and_superseded_assets\full_svg_dump\02_all_available_svg_figures\v5r5_total_pressure_by_coarse_depth__d6aaf09178.svg,45960,4b4bd0a00ef9a6d7f0596e57b13f04eca310ced4205863d1340e8b688590460f
99_history_full_dump_and_superseded_assets\full_svg_dump\02_all_available_svg_figures\v5r5_total_pressure_by_size__4d19a6930a.svg,25642,04e911dde1efb88fd5f17a82ed7440f63ab0348f4139aa785035bf31f2222f08
99_history_full_dump_and_superseded_assets\full_svg_dump\02_all_available_svg_figures\v5r5_total_pressure_by_size__bedaab5af1.svg,25642,04e911dde1efb88fd5f17a82ed7440f63ab0348f4139aa785035bf31f2222f08
99_history_full_dump_and_superseded_assets\full_svg_dump\02_all_available_svg_figures\v5r5_total_pressure_curve_gallery__28233a328f.svg,126200,40e9a53962ec293481117e15d7516389b9915691c8db95086327fcadb5a2c469
99_history_full_dump_and_superseded_assets\full_svg_dump\02_all_available_svg_figures\v5r5_total_pressure_curve_gallery__74e0d9c81e.svg,126200,40e9a53962ec293481117e15d7516389b9915691c8db95086327fcadb5a2c469
99_history_full_dump_and_superseded_assets\full_svg_dump\02_all_available_svg_figures\v5r5_total_pressure_peak_size_depth_lines__0a9e4a70c6.svg,23327,bfd0725285fd4a03ba3024cf082103ab100a3a4e94e79b0b48d7301265099d34
99_history_full_dump_and_superseded_assets\full_svg_dump\02_all_available_svg_figures\v5r5_total_pressure_peak_size_depth_lines__33bc472753.svg,23327,bfd0725285fd4a03ba3024cf082103ab100a3a4e94e79b0b48d7301265099d34
99_history_full_dump_and_superseded_assets\full_svg_dump\02_all_available_svg_figures\v5r5_total_pressure_positive_vs_nonpositive__51fd3df450.svg,30873,63c4b635c07c295536d8a3dc834dbc56082a9624fe8850f81df489a3803952c2
99_history_full_dump_and_superseded_assets\full_svg_dump\02_all_available_svg_figures\v5r5_total_pressure_positive_vs_nonpositive__acc18b4809.svg,30873,63c4b635c07c295536d8a3dc834dbc56082a9624fe8850f81df489a3803952c2
99_history_full_dump_and_superseded_assets\full_svg_dump\02_all_available_svg_figures\v5r5_total_pressure_size_curves_by_depth_panel__ba512d984b.svg,100969,6c669fc5222aed678dd221e6495a50343d270de96e1f802d71faabd32c394bab
99_history_full_dump_and_superseded_assets\full_svg_dump\02_all_available_svg_figures\v5r5_total_pressure_size_curves_by_depth_panel__d6260b609d.svg,100969,6c669fc5222aed678dd221e6495a50343d270de96e1f802d71faabd32c394bab
99_history_full_dump_and_superseded_assets\full_svg_dump\02_all_available_svg_figures\v5r5_useful_smoothed_curve_gallery__526c8f4b05.svg,94171,e91cf1e0d59d7c46dd5a8cfed901b3d700fde57714438c1c5000a18ae5992cf2
99_history_full_dump_and_superseded_assets\full_svg_dump\02_all_available_svg_figures\v5r5_useful_smoothed_curve_gallery__c0e2d8ee1a.svg,94171,e91cf1e0d59d7c46dd5a8cfed901b3d700fde57714438c1c5000a18ae5992cf2
99_history_full_dump_and_superseded_assets\superseded_reference_seed\references_seed.bib,2269,698b4e65a78409b8dcfe54578c9f5fa8f924853b91a727f96222adfa9d0ab86d
99_history_full_dump_and_superseded_assets\superseded_reference_seed\references_seed.md,639,76453e318f2e77ab1c3709b0b4893796695f9d419ae50f9f21f4fdf1818997aa
manifest.json,2359,20d95d9d7d5d6ed5c7c9914deb2a3398ead8e20b35af9fc3a57b8e45385d16b7
PACKAGE_STRUCTURE_CLEAN.md,2022,a783d67c77aa529251d2fa1d20db5db1b31d2e8bc116ba96b06e8b5fa57e1181
README_EDITOR_PACKAGE.md,2023,6b11997ef89af240b98bba5cdc000ac7ef67a1b87782fdb432a52eea7df4690e
