size_cm,depth_cm,n_pos,raw_min,raw_max,hotspot_box,raw_mean_matrix,normalized_display_matrix
0.25,0.5,506,0.0,58.394351959228516,"[3, 5, 5, 7]","[[0.0, 0.0, 0.0, 0.0, 0.0, 0.0, 0.0, 0.0], [0.0, 0.0, 0.0, 0.0, 0.0, 0.0, 0.0, 0.0], [0.0, 0.0, 0.0002759296039585024, 14.231040954589844, 24.73024559020996, 24.057281494140625, 26.10317039489746, 29.45401954650879], [0.0, 0.0, 9.24503231048584, 16.263505935668945, 27.230695724487305, 25.3790340423584, 27.762624740600586, 37.51026916503906], [0.0, 0.0, 15.285470008850098, 19.28706169128418, 29.146743774414062, 27.591875076293945, 32.164485931396484, 31.47846794128418], [0.0, 0.0, 10.243727684020996, 26.21246337890625, 38.04081726074219, 33.397281646728516, 30.978973388671875, 31.134119033813477], [0.0, 0.0, 9.730072021484375, 42.34415054321289, 58.394351959228516, 39.511104583740234, 25.483095169067383, 29.525352478027344], [0.0, 0.0, 17.087560653686523, 29.44577980041504, 38.32526779174805, 35.98405075073242, 30.28647804260254, 31.378875732421875], [0.0, 0.0, 9.708043098449707, 22.79561424255371, 21.76544952392578, 17.1071720123291, 22.494224548339844, 25.560251235961914], [0.0, 0.0, 13.225001335144043, 14.20026683807373, 11.607409477233887, 27.163698196411133, 31.264009475708008, 27.51995086669922], [0.0, 0.0, 12.002548217773438, 17.337932586669922, 24.317731857299805, 30.528871536254883, 34.5142936706543, 33.69917297363281], [0.0, 0.0, 14.133606910705566, 15.898796081542969, 26.596708297729492, 31.8081111907959, 32.954593658447266, 34.77927780151367]]","[[0.0, 0.0, 0.0, 0.0, 0.0, 0.0, 0.0, 0.0], [0.0, 0.0, 0.0, 0.0, 0.0, 0.0, 0.0, 0.0], [0.0, 0.0, 4.725278813566547e-06, 0.24370577931404114, 0.4235040545463562, 0.4119795858860016, 0.44701531529426575, 0.5043984055519104], [0.0, 0.0, 0.15832066535949707, 0.2785116136074066, 0.4663241505622864, 0.43461453914642334, 0.4754333794116974, 0.6423612833023071], [0.0, 0.0, 0.2617628276348114, 0.3302898406982422, 0.499136358499527, 0.47250932455062866, 0.5508150458335876, 0.5390669703483582], [0.0, 0.0, 0.175423264503479, 0.4488869607448578, 0.6514468789100647, 0.5719265937805176, 0.5305131673812866, 0.5331700444221497], [0.0, 0.0, 0.1666269302368164, 0.7251412272453308, 1.0, 0.6766254305839539, 0.4363965690135956, 0.505620002746582], [0.0, 0.0, 0.29262351989746094, 0.504257321357727, 0.6563180685043335, 0.6162248253822327, 0.5186542272567749, 0.5373615026473999], [0.0, 0.0, 0.16624969244003296, 0.3903736174106598, 0.37273210287094116, 0.2929593622684479, 0.38521233201026917, 0.43771785497665405], [0.0, 0.0, 0.22647739946842194, 0.24317876994609833, 0.1987762302160263, 0.4651768207550049, 0.5353944301605225, 0.4712776243686676], [0.0, 0.0, 0.20554296672344208, 0.2969111204147339, 0.41643980145454407, 0.5228052139282227, 0.5910553336143494, 0.5770964622497559], [0.0, 0.0, 0.24203722178936005, 0.2722660005092621, 0.4554671347141266, 0.5447121262550354, 0.5643455386161804, 0.5955931544303894]]"
0.5,0.5,402,0.7161458134651184,80.71117401123047,"[3, 4, 5, 7]","[[7.732335567474365, 7.928903102874756, 10.695564270019531, 14.845757484436035, 16.708803176879883, 18.797597885131836, 5.904022216796875, 0.7161458134651184], [10.65762996673584, 14.070124626159668, 12.893322944641113, 18.1484375, 19.13701629638672, 21.58659553527832, 9.483559608459473, 1.1953125], [10.341961860656738, 15.795247077941895, 15.09189224243164, 17.654115676879883, 23.083282470703125, 25.578134536743164, 13.527408599853516, 3.6427929401397705], [10.656187057495117, 18.00044822692871, 16.699443817138672, 17.92465591430664, 21.588048934936523, 26.271249771118164, 16.326356887817383, 9.11253833770752], [8.898155212402344, 14.772258758544922, 17.525781631469727, 23.96209144592285, 32.74277114868164, 26.92933464050293, 15.251341819763184, 11.188576698303223], [6.378859043121338, 16.041675567626953, 23.622961044311523, 45.72856521606445, 63.39034652709961, 45.572174072265625, 14.354877471923828, 9.227435111999512], [6.327215194702148, 16.94310188293457, 29.7445068359375, 56.89039993286133, 80.71117401123047, 53.52040481567383, 16.724721908569336, 10.2300386428833], [9.094158172607422, 17.85099220275879, 26.329872131347656, 44.491790771484375, 56.89413070678711, 36.90911865234375, 14.949691772460938, 8.355802536010742], [10.074296951293945, 19.42172622680664, 22.619401931762695, 32.24290466308594, 35.4496955871582, 26.796789169311523, 12.599360466003418, 8.18552303314209], [8.469691276550293, 17.38368797302246, 18.393381118774414, 27.95281219482422, 27.680509567260742, 22.893936157226562, 14.418391227722168, 9.28639030456543], [3.2952747344970703, 10.159191131591797, 15.775227546691895, 18.637691497802734, 22.3883056640625, 18.479047775268555, 14.577252388000488, 8.274637222290039], [1.133032202720642, 6.982687473297119, 11.382475852966309, 14.388420104980469, 15.555882453918457, 13.553133964538574, 11.754989624023438, 9.269074440002441]]","[[0.08770782500505447, 0.09016507118940353, 0.12475049495697021, 0.1766311377286911, 0.199920654296875, 0.22603219747543335, 0.06485248357057571, 0.0], [0.12427628040313721, 0.16693511605262756, 0.15222418308258057, 0.21791718900203705, 0.23027518391609192, 0.26089683175086975, 0.10959949344396591, 0.0059899562038481236], [0.12033018469810486, 0.18850049376487732, 0.17970800399780273, 0.21173778176307678, 0.27960658073425293, 0.3107941746711731, 0.16015075147151947, 0.03658536449074745], [0.12425824254751205, 0.21606720983982086, 0.1998036503791809, 0.21511974930763245, 0.26091501116752625, 0.31945866346359253, 0.1951397806406021, 0.10496143996715546], [0.10228148102760315, 0.17571234703063965, 0.21013350784778595, 0.29059237241744995, 0.400357723236084, 0.32768523693084717, 0.18170125782489777, 0.13091352581977844], [0.07078831642866135, 0.19158104062080383, 0.2863529920578003, 0.562690258026123, 0.7834762334823608, 0.5607352256774902, 0.17049475014209747, 0.10639773309230804], [0.0701427236199379, 0.20284955203533173, 0.3628770709037781, 0.7022218704223633, 1.0, 0.6600943207740784, 0.20011962950229645, 0.11893106251955032], [0.10473167151212692, 0.21419888734817505, 0.32019147276878357, 0.5472295880317688, 0.7022684812545776, 0.4524403214454651, 0.17793038487434387, 0.09550164639949799], [0.11698416620492935, 0.23383428156375885, 0.27380770444869995, 0.39410898089408875, 0.4341963827610016, 0.32602831721305847, 0.148549422621727, 0.09337301552295685], [0.09692534059286118, 0.20835722982883453, 0.22097916901111603, 0.3404794931411743, 0.33707550168037415, 0.2772396206855774, 0.17128872871398926, 0.10713472217321396], [0.03224111720919609, 0.11804541200399399, 0.18825022876262665, 0.22403323650360107, 0.2709188461303711, 0.22205007076263428, 0.17327460646629333, 0.0944870188832283], [0.00521140405908227, 0.07833664119243622, 0.13333742320537567, 0.17091405391693115, 0.18550825119018555, 0.1604723334312439, 0.13799412548542023, 0.10691826045513153]]"
0.75,0.5,257,0.15091706812381744,79.22466278076172,"[2, 4, 6, 8]","[[0.15091706812381744, 2.6525938510894775, 7.114264965057373, 8.536222457885742, 10.345253944396973, 11.262406349182129, 10.255204200744629, 9.5807466506958], [1.5656309127807617, 6.675126552581787, 10.668675422668457, 17.984479904174805, 21.71894645690918, 20.85942268371582, 19.723766326904297, 11.531688690185547], [3.655803918838501, 11.789146423339844, 17.546844482421875, 24.86960792541504, 29.467294692993164, 27.48328971862793, 25.175832748413086, 16.627382278442383], [4.4537482261657715, 13.223414421081543, 23.754919052124023, 35.39360427856445, 40.60316467285156, 35.32199478149414, 27.457265853881836, 14.779879570007324], [5.076033592224121, 16.3078556060791, 33.55308532714844, 49.68048095703125, 55.07110595703125, 48.59991455078125, 37.8450927734375, 17.327009201049805], [3.644578218460083, 17.47700309753418, 39.092529296875, 62.940826416015625, 70.9696273803711, 57.4061393737793, 42.653099060058594, 21.440948486328125], [2.172187566757202, 16.58968734741211, 38.91726303100586, 65.47562408447266, 79.22466278076172, 65.0554428100586, 41.48727035522461, 17.415128707885742], [1.6138101816177368, 11.333610534667969, 33.82833480834961, 57.27749252319336, 69.6967544555664, 58.99462890625, 37.981048583984375, 14.33609390258789], [1.358018398284912, 5.526597499847412, 20.31587791442871, 38.975894927978516, 46.37209701538086, 36.66563034057617, 22.396387100219727, 11.690850257873535], [1.2174783945083618, 4.772946834564209, 13.173470497131348, 21.423484802246094, 24.461732864379883, 20.07884407043457, 15.262436866760254, 9.493128776550293], [1.381072998046875, 5.260366916656494, 9.115200996398926, 8.404423713684082, 12.794533729553223, 10.619463920593262, 8.076202392578125, 4.504513740539551], [1.447031021118164, 4.49327278137207, 7.075506687164307, 5.404848098754883, 8.27546215057373, 8.399996757507324, 5.410768032073975, 2.3863790035247803]]","[[0.0, 0.03163726255297661, 0.08806143701076508, 0.10604411363601685, 0.12892189621925354, 0.1405205875635147, 0.12778308987617493, 0.11925361305475235], [0.017891069874167442, 0.0825079083442688, 0.13301201164722443, 0.22553077340126038, 0.272758424282074, 0.2618885040283203, 0.24752652645111084, 0.14392605423927307], [0.044324278831481934, 0.14718197286128998, 0.21999624371528625, 0.3126029968261719, 0.37074729800224304, 0.34565672278404236, 0.31647565960884094, 0.20836834609508514], [0.054415419697761536, 0.16532032191753387, 0.2985061705112457, 0.4456939101219177, 0.511576235294342, 0.4447883069515228, 0.34532761573791504, 0.18500404059886932], [0.062285106629133224, 0.20432747900485992, 0.42241793870925903, 0.6263718008995056, 0.6945438981056213, 0.6127064824104309, 0.4766964614391327, 0.2172161191701889], [0.04418231546878815, 0.21911300718784332, 0.4924720823764801, 0.7940677404403687, 0.895603358745575, 0.7240737080574036, 0.5375005602836609, 0.2692427337169647], [0.02556184120476246, 0.20789162814617157, 0.49025559425354004, 0.826123833656311, 1.0, 0.820810079574585, 0.5227569937705994, 0.218330517411232], [0.01850036531686783, 0.14142106473445892, 0.42589884996414185, 0.7224467992782593, 0.8795060515403748, 0.7441624402999878, 0.4784158170223236, 0.1793917417526245], [0.015265513211488724, 0.06798312813043594, 0.2550146281719208, 0.4909970760345459, 0.5845325589179993, 0.46178048849105835, 0.2813256084918976, 0.14593887329101562], [0.013488185591995716, 0.05845214053988457, 0.16468870639801025, 0.2690218687057495, 0.30744484066963196, 0.25201699137687683, 0.1911066621541977, 0.11814555525779724], [0.01555707212537527, 0.06461626291275024, 0.11336611956357956, 0.10437732934951782, 0.15989652276039124, 0.13238966464996338, 0.1002265065908432, 0.055057425051927567], [0.016391204670071602, 0.05491526424884796, 0.08757128566503525, 0.06644342839717865, 0.10274642705917358, 0.10432134568691254, 0.06651829928159714, 0.028270596638321877]]"
1.0,0.5,422,0.0,86.9484634399414,"[2, 4, 6, 8]","[[0.9402298927307129, 3.275861978530884, 4.115334987640381, 6.437118053436279, 7.074927806854248, 3.4710588455200195, 3.127371072769165, 2.9349594116210938], [3.478160858154297, 3.5908048152923584, 5.731819152832031, 8.17110538482666, 6.733651638031006, 3.891991376876831, 3.203252077102661, 3.777777671813965], [2.6413793563842773, 3.5086252689361572, 9.408279418945312, 14.647358894348145, 13.833268165588379, 7.698679447174072, 4.003572463989258, 4.199556827545166], [5.75402307510376, 7.509130477905273, 20.107454299926758, 30.663053512573242, 28.79169273376465, 16.432363510131836, 7.535315990447998, 8.58487319946289], [6.340229511260986, 12.398514747619629, 36.5070915222168, 51.873043060302734, 54.204410552978516, 35.81327438354492, 16.221574783325195, 8.86411190032959], [8.337931632995605, 15.441142082214355, 46.057220458984375, 67.3215103149414, 76.76224517822266, 58.900726318359375, 27.730789184570312, 11.83984375], [8.06436824798584, 16.371814727783203, 48.4379768371582, 72.23958587646484, 86.9484634399414, 70.54683685302734, 35.07076644897461, 14.204255104064941], [6.25287389755249, 13.526317596435547, 39.84772872924805, 63.88595199584961, 71.22103118896484, 63.61459732055664, 30.99367332458496, 11.79938793182373], [3.965517282485962, 7.367681503295898, 26.596343994140625, 48.012939453125, 55.667606353759766, 42.95131301879883, 21.866601943969727, 12.435962677001953], [6.142528533935547, 4.291954040527344, 13.827397346496582, 24.948110580444336, 31.434432983398438, 22.856401443481445, 13.202598571777344, 8.11536979675293], [0.5126436948776245, 0.4413793087005615, 1.7626065015792847, 9.919961929321289, 14.394511222839355, 11.651673316955566, 9.462693214416504, 7.992609024047852], [0.009195402264595032, 0.0, 0.3961038887500763, 6.6645026206970215, 9.119048118591309, 8.616883277893066, 6.318181991577148, 6.774891376495361]]","[[0.010813646018505096, 0.03767590597271919, 0.04733073711395264, 0.0740337148308754, 0.08136921375989914, 0.039920877665281296, 0.035968098789453506, 0.03375516086816788], [0.04000255838036537, 0.04129808396100998, 0.06592202931642532, 0.09397642314434052, 0.0774441733956337, 0.04476204887032509, 0.036840811371803284, 0.043448470532894135], [0.03037867695093155, 0.04035292938351631, 0.10820524394512177, 0.16846023499965668, 0.1590973287820816, 0.08854302018880844, 0.04604535177350044, 0.04829937964677811], [0.06617739796638489, 0.08636300265789032, 0.23125715553760529, 0.3526577949523926, 0.3311351537704468, 0.18898969888687134, 0.08666416257619858, 0.09873519092798233], [0.07291939854621887, 0.14259614050388336, 0.4198704659938812, 0.596595287322998, 0.6234084963798523, 0.41189083456993103, 0.18656539916992188, 0.10194673389196396], [0.09589510411024094, 0.17758959531784058, 0.529707133769989, 0.7742691040039062, 0.8828476071357727, 0.6774211525917053, 0.3189336359500885, 0.13617081940174103], [0.09274882823228836, 0.18829332292079926, 0.5570883750915527, 0.8308322429656982, 1.0, 0.8113638162612915, 0.40335118770599365, 0.16336406767368317], [0.07191471755504608, 0.15556706488132477, 0.45829135179519653, 0.7347565293312073, 0.8191177845001221, 0.7316356897354126, 0.3564602732658386, 0.13570553064346313], [0.04560767486691475, 0.08473619073629379, 0.30588629841804504, 0.5521999597549438, 0.6402367949485779, 0.4939858913421631, 0.25148922204971313, 0.14302682876586914], [0.07064562290906906, 0.04936204478144646, 0.15902981162071228, 0.2869298756122589, 0.36152946949005127, 0.26287296414375305, 0.15184395015239716, 0.09333540499210358], [0.0058959489688277245, 0.005076332483440638, 0.020271852612495422, 0.11409013718366623, 0.16555221378803253, 0.13400666415691376, 0.10883105546236038, 0.09192351996898651], [0.00010575692431302741, 0.0, 0.004555616993457079, 0.07664888352155685, 0.10487877577543259, 0.09910333901643753, 0.07266582548618317, 0.07791846990585327]]"
1.25,0.5,261,0.0,113.91796112060547,"[2, 4, 6, 9]","[[0.0, 1.7280263900756836, 4.18018102645874, 2.5434534549713135, 5.07864236831665, 4.481287956237793, 1.9228650331497192, 0.0], [0.09561308473348618, 2.877124547958374, 3.9872655868530273, 3.0912208557128906, 5.272233486175537, 8.627631187438965, 2.5320701599121094, 0.0], [0.6828577518463135, 5.661977767944336, 12.787585258483887, 14.509100914001465, 16.987165451049805, 10.683794975280762, 6.17373514175415, 0.0], [3.5144405364990234, 16.302595138549805, 21.92963409423828, 30.666946411132812, 30.932722091674805, 22.03721809387207, 9.421063423156738, 0.0], [7.926965236663818, 24.533294677734375, 41.33853530883789, 50.20769119262695, 60.60737609863281, 50.39787673950195, 24.8244686126709, 3.324824333190918], [11.388226509094238, 35.899444580078125, 66.50386810302734, 90.58960723876953, 97.00591278076172, 83.4786376953125, 50.4962158203125, 14.927117347717285], [13.242912292480469, 47.90937805175781, 84.39946746826172, 105.21822357177734, 113.91796112060547, 101.68404388427734, 60.38427734375, 23.75786018371582], [11.5115385055542, 51.80183029174805, 86.40596771240234, 101.04754638671875, 103.7018051147461, 100.00824737548828, 63.507781982421875, 25.8198299407959], [5.062633037567139, 40.08842468261719, 81.5180892944336, 91.57464599609375, 99.45636749267578, 88.75592041015625, 54.818084716796875, 25.841657638549805], [2.7556419372558594, 19.153627395629883, 49.634307861328125, 70.56954193115234, 73.55858612060547, 60.677154541015625, 42.6859016418457, 23.146501541137695], [2.819089889526367, 12.7894926071167, 33.794857025146484, 51.01424026489258, 58.042728424072266, 51.223270416259766, 31.9583797454834, 8.202552795410156], [1.1886792182922363, 7.044209957122803, 18.022567749023438, 29.455236434936523, 30.86256217956543, 22.772844314575195, 11.692378997802734, 0.05882352963089943]]","[[0.0, 0.01516904216259718, 0.036694660782814026, 0.022327061742544174, 0.0445815771818161, 0.039337851107120514, 0.016879383474588394, 0.0], [0.0008393152966164052, 0.025256110355257988, 0.035001203417778015, 0.02713550068438053, 0.04628096893429756, 0.07573547959327698, 0.02222713641822338, 0.0], [0.005994293838739395, 0.049702238291502, 0.11225258558988571, 0.12736447155475616, 0.14911752939224243, 0.09378498792648315, 0.05419457331299782, 0.0], [0.030850626528263092, 0.14310820400714874, 0.19250375032424927, 0.26920202374458313, 0.27153506875038147, 0.19344814121723175, 0.08270042389631271, 0.0], [0.06958486139774323, 0.21535931527614594, 0.3628798723220825, 0.44073551893234253, 0.5320265293121338, 0.44240501523017883, 0.21791531145572662, 0.029186129570007324], [0.09996866434812546, 0.315134197473526, 0.5837873816490173, 0.7952179312705994, 0.8515418767929077, 0.7327960729598999, 0.4432682693004608, 0.13103392720222473], [0.11624955385923386, 0.420560359954834, 0.7408793568611145, 0.9236315488815308, 1.0, 0.8926076292991638, 0.5300680994987488, 0.20855236053466797], [0.10105112940073013, 0.45472925901412964, 0.7584929466247559, 0.8870203495025635, 0.9103200435638428, 0.8778970837593079, 0.5574870109558105, 0.2266528457403183], [0.044441044330596924, 0.35190609097480774, 0.7155859470367432, 0.8038648366928101, 0.8730525374412537, 0.7791213989257812, 0.4812066853046417, 0.22684445977210999], [0.024189705029129982, 0.16813527047634125, 0.43570220470428467, 0.619476854801178, 0.6457154154777527, 0.5326390266418457, 0.3747074007987976, 0.20318570733070374], [0.024746667593717575, 0.112269327044487, 0.29665958881378174, 0.44781559705734253, 0.5095133781433105, 0.44965052604675293, 0.28053855895996094, 0.072004035115242], [0.010434519499540329, 0.06183581426739693, 0.15820655226707458, 0.25856533646583557, 0.27091920375823975, 0.1999056488275528, 0.10263858735561371, 0.0005163674941286445]]"
1.5,0.5,457,0.0,103.87820434570312,"[2, 3, 7, 8]","[[0.06507936865091324, 1.1666666269302368, 2.3804640769958496, 3.8806469440460205, 6.753358364105225, 7.413003444671631, 5.7155070304870605, 3.527228355407715], [0.8634920716285706, 3.2567765712738037, 6.82484769821167, 11.587790489196777, 17.97600746154785, 17.815690994262695, 13.10897445678711, 5.402258396148682], [1.933333396911621, 8.623809814453125, 16.33937644958496, 24.765932083129883, 35.60946273803711, 37.92667770385742, 32.120635986328125, 17.144750595092773], [3.0047008991241455, 14.417399406433105, 31.064956665039062, 48.2926139831543, 62.30207443237305, 60.39798355102539, 45.724178314208984, 24.621063232421875], [3.6027472019195557, 23.625640869140625, 52.07704544067383, 73.36758422851562, 83.36397552490234, 77.24249267578125, 66.60391235351562, 37.34346389770508], [4.02081823348999, 32.402931213378906, 67.28022003173828, 92.10403442382812, 96.56697845458984, 91.8374252319336, 75.01995849609375, 46.31391906738281], [3.0895602703094482, 36.18186950683594, 77.33809661865234, 95.53448486328125, 103.87820434570312, 93.89395904541016, 79.37881469726562, 45.260498046875], [1.2712453603744507, 29.890295028686523, 69.03833770751953, 90.18058013916016, 94.23883056640625, 90.81233978271484, 74.59346771240234, 39.593406677246094], [0.4545787572860718, 14.7358980178833, 46.375823974609375, 69.0783920288086, 78.38436889648438, 69.4011001586914, 55.43644714355469, 30.623504638671875], [0.01587301678955555, 3.4292430877685547, 21.19316291809082, 42.60995101928711, 47.019168853759766, 45.85976791381836, 34.06159973144531, 7.47960901260376], [0.0, 0.6300366520881653, 8.308669090270996, 15.452563285827637, 22.42185401916504, 17.238216400146484, 10.625641822814941, 5.865018367767334], [0.0, 0.3598901033401489, 2.9355924129486084, 5.982600688934326, 5.852258682250977, 7.664529800415039, 7.043956279754639, 2.2039072513580322]]","[[0.0006264968542382121, 0.011231101118028164, 0.02291591465473175, 0.03735766187310219, 0.06501227617263794, 0.0713624507188797, 0.05502123385667801, 0.033955421298742294], [0.008312542922794819, 0.03135187551379204, 0.0657004788517952, 0.11155170202255249, 0.17304888367652893, 0.17150557041168213, 0.12619562447071075, 0.052005697041749954], [0.018611541017889977, 0.0830184742808342, 0.15729360282421112, 0.23841316998004913, 0.3428001403808594, 0.3651071786880493, 0.30921438336372375, 0.16504666209220886], [0.028925228863954544, 0.13879138231277466, 0.2990517318248749, 0.4648965001106262, 0.5997607707977295, 0.5814307332038879, 0.4401710629463196, 0.23701857030391693], [0.034682415425777435, 0.22743597626686096, 0.5013279318809509, 0.7062847018241882, 0.802516520023346, 0.743587076663971, 0.6411731243133545, 0.35949277877807617], [0.03870704397559166, 0.3119319677352905, 0.6476836800575256, 0.8866540789604187, 0.9296173453330994, 0.8840875029563904, 0.7221915125846863, 0.445848286151886], [0.02974214218556881, 0.3483105003833771, 0.7445074319839478, 0.9196778535842896, 1.0, 0.9038850665092468, 0.7641527652740479, 0.43570736050605774], [0.012237844988703728, 0.2877436578273773, 0.6646084785461426, 0.8681376576423645, 0.9072050452232361, 0.8742193579673767, 0.7180858254432678, 0.3811522126197815], [0.0043760742992162704, 0.14185746014118195, 0.44644421339035034, 0.6649940609931946, 0.7545795440673828, 0.6681007146835327, 0.5336677432060242, 0.2948020100593567], [0.0001528041175333783, 0.03301215171813965, 0.20401933789253235, 0.41019144654273987, 0.4526374936103821, 0.44147631525993347, 0.32789939641952515, 0.07200364023447037], [0.0, 0.006065147928893566, 0.07998471707105637, 0.14875654876232147, 0.21584753692150116, 0.16594642400741577, 0.10228942334651947, 0.05646052956581116], [0.0, 0.0034645390696823597, 0.028259946033358574, 0.05759245529770851, 0.05633769556879997, 0.07378380745649338, 0.06780976057052612, 0.021216262131929398]]"
1.75,0.5,191,0.0,118.487548828125,"[2, 4, 6, 8]","[[0.0, 0.0, 0.08213355392217636, 0.23474566638469696, 0.09941039234399796, 0.31153160333633423, 0.0023310023825615644, 0.016317015513777733], [0.0, 0.00699300691485405, 0.9152612090110779, 1.694638729095459, 0.8065268397331238, 0.5469627976417542, 0.19511862099170685, 0.1764705926179886], [0.0, 0.1934732049703598, 3.7523651123046875, 5.847387790679932, 5.547374248504639, 3.0445632934570312, 0.47497597336769104, 0.019607843831181526], [0.0, 3.687645673751831, 14.476679801940918, 23.064117431640625, 22.3713321685791, 17.042816162109375, 5.267516613006592, 0.1118881106376648], [0.0, 11.593631744384766, 32.6601676940918, 61.1212272644043, 71.94921112060547, 53.567195892333984, 29.1889591217041, 4.614128589630127], [0.0, 14.74554443359375, 58.60598373413086, 97.3995590209961, 106.53174591064453, 95.34942626953125, 60.743438720703125, 18.012929916381836], [0.0, 14.503257751464844, 65.27438354492188, 105.71703338623047, 118.487548828125, 103.98880767822266, 74.95833587646484, 27.724998474121094], [0.0, 6.591964244842529, 50.4328727722168, 98.44470977783203, 111.67666625976562, 103.16150665283203, 74.28192138671875, 21.950714111328125], [0.0, 0.9347319602966309, 20.897741317749023, 68.69617462158203, 88.96233367919922, 79.19519805908203, 47.70350646972656, 14.486804008483887], [0.0, 0.03496503457427025, 2.217482089996338, 17.67082405090332, 30.397079467773438, 33.781150817871094, 16.22528839111328, 2.386672019958496], [0.0, 0.0, 0.16083915531635284, 0.9630445837974548, 2.5895049571990967, 1.821653962135315, 0.7727294564247131, 0.0419580452144146], [0.0, 0.0, 0.0, 0.23655913770198822, 0.337995320558548, 0.7170464396476746, 0.5177833437919617, 0.0]]","[[0.0, 0.0, 0.0006931829848326743, 0.0019811843521893024, 0.0008389943977817893, 0.0026292349211871624, 1.967297248484101e-05, 0.00013771079829894006], [0.0, 5.901891927351244e-05, 0.007724534720182419, 0.014302251860499382, 0.0068068490363657475, 0.004616204649209976, 0.0016467436216771603, 0.001489359769038856], [0.0, 0.0016328567871823907, 0.031668856739997864, 0.049350231885910034, 0.04681820422410965, 0.02569521777331829, 0.004008657298982143, 0.00016548442363273352], [0.0, 0.031122643500566483, 0.12217891216278076, 0.19465436041355133, 0.18880745768547058, 0.1438363492488861, 0.04445628821849823, 0.000944302708376199], [0.0, 0.09784683585166931, 0.27564218640327454, 0.5158451199531555, 0.6072301268577576, 0.4520913362503052, 0.24634622037410736, 0.0389418862760067], [0.0, 0.12444805353879929, 0.494617223739624, 0.8220235705375671, 0.8990965485572815, 0.8047210574150085, 0.5126567482948303, 0.1520238220691681], [0.0, 0.12240321934223175, 0.5508965849876404, 0.8922206163406372, 1.0, 0.8776348829269409, 0.6326262950897217, 0.23399081826210022], [0.0, 0.055634234100580215, 0.4256385862827301, 0.8308443427085876, 0.9425181746482849, 0.8706527352333069, 0.6269175410270691, 0.18525755405426025], [0.0, 0.007888861931860447, 0.1763707846403122, 0.5797754526138306, 0.7508158683776855, 0.6683841347694397, 0.40260353684425354, 0.12226435542106628], [0.0, 0.0002950945927295834, 0.018714895471930504, 0.14913654327392578, 0.2565423846244812, 0.2851029634475708, 0.13693664968013763, 0.0201428085565567], [0.0, 0.0, 0.0013574351323768497, 0.008127812296152115, 0.021854659542441368, 0.01537422277033329, 0.006521609146147966, 0.0003541135520208627], [0.0, 0.0, 0.0, 0.0019964894745498896, 0.002852580975741148, 0.006051660515367985, 0.004369938746094704, 0.0]]"
0.25,1.0,283,0.0,71.18152618408203,"[2, 4, 5, 8]","[[0.0, 28.61702537536621, 38.46242904663086, 40.44587707519531, 35.703861236572266, 32.469730377197266, 22.69182777404785, 16.708093643188477], [0.0, 24.44902992248535, 42.28352355957031, 41.21543502807617, 38.900516510009766, 36.04179000854492, 26.884994506835938, 19.657197952270508], [0.0, 38.79902267456055, 42.234439849853516, 36.83885192871094, 41.27850341796875, 35.89866256713867, 32.64107131958008, 23.73028564453125], [0.0, 35.83536911010742, 47.991607666015625, 34.26459884643555, 36.43785095214844, 36.838443756103516, 27.197431564331055, 23.371305465698242], [0.0, 31.511741638183594, 43.569278717041016, 34.90047836303711, 38.89295959472656, 34.382694244384766, 26.80853271484375, 17.941858291625977], [0.0, 34.96738052368164, 38.91268539428711, 48.64494323730469, 57.70673751831055, 43.68728256225586, 28.979360580444336, 22.939353942871094], [0.0, 36.03085708618164, 32.9432487487793, 54.426822662353516, 71.18152618408203, 52.121307373046875, 33.08681869506836, 29.88111686706543], [0.0, 39.61149597167969, 40.680702209472656, 51.26999282836914, 61.22019958496094, 48.42618942260742, 36.42646408081055, 25.20673179626465], [0.0, 14.098030090332031, 36.59737014770508, 42.213932037353516, 43.77811050415039, 29.04180145263672, 28.817718505859375, 13.066413879394531], [0.0, 0.3949446976184845, 2.4990713596343994, 5.531120300292969, 8.149144172668457, 4.5221381187438965, 3.2421910762786865, 2.544796943664551], [0.0, 0.0, 0.0, 0.0, 0.0, 0.0, 0.0, 0.0], [0.0, 0.0, 0.0, 0.0, 0.0, 0.0, 0.0, 0.0]]","[[0.0, 0.4020288288593292, 0.5403428673744202, 0.5682075023651123, 0.5015888810157776, 0.45615389943122864, 0.31878817081451416, 0.23472513258457184], [0.0, 0.3434743583202362, 0.5940238237380981, 0.5790187120437622, 0.5464973449707031, 0.5063362717628479, 0.3776962459087372, 0.27615588903427124], [0.0, 0.545071542263031, 0.5933342576026917, 0.5175338983535767, 0.5799047350883484, 0.5043255686759949, 0.4585610032081604, 0.33337703347206116], [0.0, 0.5034363865852356, 0.6742143630981445, 0.4813692569732666, 0.5119003653526306, 0.5175281763076782, 0.38208553194999695, 0.32833385467529297], [0.0, 0.4426954984664917, 0.6120868921279907, 0.4903024733066559, 0.5463911890983582, 0.4830283522605896, 0.3766220510005951, 0.2520577907562256], [0.0, 0.49124234914779663, 0.546668291091919, 0.6833928227424622, 0.8106982111930847, 0.6137446761131287, 0.40711912512779236, 0.3222655653953552], [0.0, 0.5061826705932617, 0.46280616521835327, 0.7646200656890869, 1.0, 0.7322308421134949, 0.4648231267929077, 0.41978752613067627], [0.0, 0.556485652923584, 0.5715064406394958, 0.7202710509300232, 0.8600574135780334, 0.680319607257843, 0.5117404460906982, 0.3541190028190613], [0.0, 0.19805742800235748, 0.5141413807868958, 0.5930461883544922, 0.6150206923484802, 0.4079963266849518, 0.40484827756881714, 0.1835646778345108], [0.0, 0.005548415705561638, 0.035108424723148346, 0.07770443707704544, 0.11448397487401962, 0.06352966278791428, 0.0455482080578804, 0.03575080633163452], [0.0, 0.0, 0.0, 0.0, 0.0, 0.0, 0.0, 0.0], [0.0, 0.0, 0.0, 0.0, 0.0, 0.0, 0.0, 0.0]]"
0.5,1.0,518,0.0,73.35595703125,"[3, 4, 5, 7]","[[15.245685577392578, 17.612424850463867, 19.19347381591797, 22.33070182800293, 21.295692443847656, 23.919601440429688, 7.454862594604492, 1.0224617719650269], [16.486520767211914, 18.43858528137207, 18.470489501953125, 21.12458038330078, 25.99395751953125, 29.704992294311523, 9.560970306396484, 1.1051212549209595], [12.787028312683105, 17.600568771362305, 16.791845321655273, 15.304702758789062, 21.588411331176758, 28.253305435180664, 8.794269561767578, 1.0224617719650269], [10.687098503112793, 13.788460731506348, 13.670051574707031, 15.4614896774292, 18.313575744628906, 16.392213821411133, 5.063610076904297, 0.6684636473655701], [9.769747734069824, 12.584757804870605, 12.66797924041748, 17.10344123840332, 25.811796188354492, 22.13518714904785, 5.9485344886779785, 0.3962264060974121], [5.591127872467041, 10.877819061279297, 19.758508682250977, 40.11428451538086, 58.31937789916992, 44.22447204589844, 7.21010160446167, 0.46001794934272766], [8.166659355163574, 14.801373481750488, 23.06687355041504, 53.2059326171875, 73.35595703125, 50.59869384765625, 5.360973834991455, 0.22371967136859894], [11.244086265563965, 14.199687004089355, 19.117101669311523, 37.5647087097168, 52.380401611328125, 35.34294128417969, 3.603571653366089, 0.13387241959571838], [12.84968090057373, 17.197866439819336, 14.194809913635254, 20.717256546020508, 21.220684051513672, 10.782852172851562, 1.5606368780136108, 0.09074573963880539], [3.8112499713897705, 4.485437393188477, 2.9852712154388428, 5.121142387390137, 4.71117639541626, 2.060197591781616, 0.0, 0.0], [1.3432165384292603, 0.48337826132774353, 0.41419586539268494, 0.6648697257041931, 0.42048516869544983, 0.04312668368220329, 0.0, 0.0], [0.0, 0.0, 0.0, 0.0, 0.0, 0.0, 0.0, 0.0]]","[[0.20783159136772156, 0.2400953620672226, 0.2616484761238098, 0.30441564321517944, 0.2903062403202057, 0.32607579231262207, 0.10162586718797684, 0.01393836084753275], [0.22474685311317444, 0.25135770440101624, 0.25179263949394226, 0.2879736125469208, 0.35435372591018677, 0.4049431383609772, 0.13033665716648102, 0.015065187588334084], [0.17431479692459106, 0.23993372917175293, 0.22890909016132355, 0.2086361199617386, 0.29429662227630615, 0.38515353202819824, 0.11988487094640732, 0.01393836084753275], [0.1456882208585739, 0.1879664808511734, 0.18635229766368866, 0.21077346801757812, 0.24965356290340424, 0.22346125543117523, 0.06902793049812317, 0.009112602099776268], [0.13318274915218353, 0.17155741155147552, 0.17269189655780792, 0.23315681517124176, 0.35187047719955444, 0.3017503619194031, 0.08109135925769806, 0.005401420872658491], [0.07621914148330688, 0.14828814566135406, 0.26935112476348877, 0.5468442440032959, 0.7950189709663391, 0.6028749942779541, 0.09828924387693405, 0.006271037273108959], [0.11132919043302536, 0.20177465677261353, 0.31445127725601196, 0.7253116965293884, 1.0, 0.6897693872451782, 0.07308164238929749, 0.0030497820116579533], [0.15328116714954376, 0.19357237219810486, 0.26060736179351807, 0.5120880603790283, 0.7140579223632812, 0.48180055618286133, 0.04912445694208145, 0.0018249700078740716], [0.17516888678073883, 0.2344440370798111, 0.1935058981180191, 0.28242090344429016, 0.28928372263908386, 0.14699354767799377, 0.02127484790980816, 0.0012370602926239371], [0.051955562084913254, 0.061146192252635956, 0.040695689618587494, 0.06981222331523895, 0.06422349810600281, 0.02808493934571743, 0.0, 0.0], [0.018310939893126488, 0.006589489057660103, 0.005646383389830589, 0.009063608944416046, 0.005732120480388403, 0.0005879097734577954, 0.0, 0.0], [0.0, 0.0, 0.0, 0.0, 0.0, 0.0, 0.0, 0.0]]"
0.75,1.0,360,0.22311954200267792,96.65117645263672,"[2, 4, 6, 9]","[[3.4778566360473633, 4.093983173370361, 6.333740711212158, 9.865646362304688, 9.530924797058105, 10.341107368469238, 1.7257471084594727, 0.5968992114067078], [8.30868911743164, 6.513452053070068, 10.223821640014648, 17.153432846069336, 18.82184600830078, 23.062902450561523, 6.2100958824157715, 0.25193798542022705], [9.582086563110352, 13.247416496276855, 20.987323760986328, 29.2988338470459, 28.14070701599121, 29.427658081054688, 10.31687068939209, 0.7235069274902344], [12.971955299377441, 24.56553077697754, 36.050010681152344, 46.128047943115234, 51.427860260009766, 44.59744644165039, 14.588923454284668, 0.8824025988578796], [17.049652099609375, 37.531646728515625, 54.6801643371582, 67.93351745605469, 71.1847915649414, 66.28217315673828, 27.06247901916504, 0.6136234402656555], [20.870040893554688, 45.11640548706055, 68.22040557861328, 84.22002410888672, 87.54792022705078, 77.66543579101562, 38.20493698120117, 1.1981662511825562], [20.694992065429688, 46.29903030395508, 69.22920227050781, 87.75607299804688, 96.65117645263672, 83.25347137451172, 41.12298583984375, 1.4337791204452515], [15.814793586730957, 40.01154708862305, 66.40438842773438, 82.08258819580078, 88.91956329345703, 76.7468032836914, 34.49038314819336, 1.1224640607833862], [10.822224617004395, 29.808273315429688, 53.29267501831055, 70.24073028564453, 74.70809173583984, 56.8748779296875, 18.91375160217285, 0.8049449324607849], [9.40018367767334, 16.430627822875977, 28.28717613220215, 40.068817138671875, 43.55769348144531, 30.037912368774414, 4.4919610023498535, 0.354496031999588], [9.38586711883545, 13.340304374694824, 13.923539161682129, 20.275598526000977, 22.05876350402832, 12.91562271118164, 3.430833101272583, 0.22311954200267792], [5.214422225952148, 6.746623992919922, 5.521083831787109, 6.870410919189453, 6.505770206451416, 4.467848300933838, 1.5053167343139648, 0.4573189914226532]]","[[0.033753011375665665, 0.04014250636100769, 0.0633697435259819, 0.09999711066484451, 0.0965259000658989, 0.10492783784866333, 0.015582888387143612, 0.0038762541953474283], [0.08385080099105835, 0.06523342430591583, 0.10371153801679611, 0.17557455599308014, 0.19287671148777008, 0.2368582785129547, 0.062087491154670715, 0.00029885952244512737], [0.09705647081136703, 0.13506750762462616, 0.21533364057540894, 0.3015275299549103, 0.28951728343963623, 0.3028635084629059, 0.1046764999628067, 0.00518923019990325], [0.1322108507156372, 0.2524411678314209, 0.3715401291847229, 0.4760536849498749, 0.5310149788856506, 0.46018069982528687, 0.14897949993610382, 0.006837045773863792], [0.1744983047246933, 0.38690534234046936, 0.5647427439689636, 0.7021856307983398, 0.735902726650238, 0.6850605010986328, 0.2783356010913849, 0.004049691371619701], [0.2141173630952835, 0.46556252241134644, 0.7051607966423035, 0.871083676815033, 0.9055953621864319, 0.8031097650527954, 0.39388763904571533, 0.01011164952069521], [0.21230202913284302, 0.4778268337249756, 0.7156224250793457, 0.9077540040016174, 1.0, 0.8610600829124451, 0.4241490662097931, 0.012555056251585484], [0.1616922914981842, 0.41262295842170715, 0.6863279342651367, 0.848917543888092, 0.9198198914527893, 0.7935831546783447, 0.35536614060401917, 0.009326585568487644], [0.10991723090410233, 0.3068106472492218, 0.5503538846969604, 0.726112425327301, 0.7724408507347107, 0.5875028967857361, 0.19382981956005096, 0.006033776793628931], [0.09517005831003189, 0.16807876527309418, 0.2910362184047699, 0.41321685910224915, 0.449398010969162, 0.30919209122657776, 0.04426970332860947, 0.001362430164590478], [0.09502159059047699, 0.13603079319000244, 0.1420791894197464, 0.20795275270938873, 0.22644492983818054, 0.1316266655921936, 0.033265355974435806, 0.0], [0.0517619326710701, 0.06765151768922806, 0.05494214594364166, 0.06893523782491684, 0.06515376269817352, 0.04401964321732521, 0.01329693105071783, 0.00242874794639647]]"
1.0,1.0,197,0.0,67.31704711914062,"[2, 4, 5, 7]","[[0.0, 0.0, 0.0, 0.0, 0.0, 0.0, 0.0, 0.0], [0.0, 0.0, 0.0, 0.0, 0.0, 0.0, 0.0, 0.0], [5.666082382202148, 10.524580955505371, 13.733839988708496, 15.205169677734375, 10.391841888427734, 1.690712571144104, 0.5919002890586853, 0.6822430491447449], [9.838200569152832, 20.51289939880371, 26.88157081604004, 24.842193603515625, 23.885854721069336, 8.033148765563965, 1.3177570104599, 1.0716511011123657], [12.999659538269043, 20.496349334716797, 28.9831600189209, 25.007301330566406, 32.92922592163086, 16.07345199584961, 6.707165241241455, 3.9688472747802734], [15.811009407043457, 30.48223876953125, 46.40811538696289, 54.339847564697266, 56.37221145629883, 37.62672805786133, 15.965132713317871, 9.824466705322266], [19.320629119873047, 29.7026309967041, 43.46160888671875, 59.10763168334961, 67.31704711914062, 35.947509765625, 25.57610321044922, 13.056437492370605], [7.67664909362793, 17.530786514282227, 36.17341232299805, 46.95960998535156, 49.24186706542969, 27.224281311035156, 22.764467239379883, 13.97726821899414], [4.7644267082214355, 9.483588218688965, 16.902610778808594, 27.128074645996094, 30.59336280822754, 21.82904624938965, 15.609719276428223, 11.253471374511719], [5.149289608001709, 6.068838596343994, 9.060297966003418, 14.413052558898926, 19.096172332763672, 14.629971504211426, 12.82080078125, 8.877632141113281], [4.2475175857543945, 4.176873683929443, 6.280580043792725, 9.46300220489502, 12.068461418151855, 10.783780097961426, 9.331692695617676, 6.493410110473633], [3.6815614700317383, 4.352006435394287, 6.778310775756836, 7.2630486488342285, 9.634215354919434, 7.526360034942627, 7.261812686920166, 4.269111156463623]]","[[0.0, 0.0, 0.0, 0.0, 0.0, 0.0, 0.0, 0.0], [0.0, 0.0, 0.0, 0.0, 0.0, 0.0, 0.0, 0.0], [0.08417009562253952, 0.156343474984169, 0.2040172666311264, 0.22587399184703827, 0.15437161922454834, 0.025115666911005974, 0.008792725391685963, 0.010134774260222912], [0.1461472362279892, 0.3047207295894623, 0.3993278443813324, 0.36903274059295654, 0.3548262417316437, 0.11933305114507675, 0.01957538351416588, 0.015919461846351624], [0.19311095774173737, 0.3044748604297638, 0.4305471181869507, 0.3714854121208191, 0.4891662299633026, 0.23877239227294922, 0.09963546693325043, 0.0589575357735157], [0.23487378656864166, 0.45281603932380676, 0.6893962025642395, 0.8072226643562317, 0.8374136090278625, 0.5589479804039001, 0.23716329038143158, 0.14594322443008423], [0.28700944781303406, 0.44123491644859314, 0.6456255912780762, 0.8780484795570374, 1.0, 0.5340030789375305, 0.37993502616882324, 0.19395439326763153], [0.11403722316026688, 0.2604212164878845, 0.5373588800430298, 0.6975886821746826, 0.7314918041229248, 0.40441882610321045, 0.3381679356098175, 0.20763340592384338], [0.07077593356370926, 0.14087943732738495, 0.25108960270881653, 0.4029896557331085, 0.4544667899608612, 0.32427218556404114, 0.23188360035419464, 0.1671711951494217], [0.07649309933185577, 0.09015306830406189, 0.13459143042564392, 0.21410702168941498, 0.2836751341819763, 0.21732936799526215, 0.19045399129390717, 0.13187791407108307], [0.06309720873832703, 0.06204778701066971, 0.09329850971698761, 0.1405736356973648, 0.1792779415845871, 0.16019389033317566, 0.13862302899360657, 0.09646011143922806], [0.054689884185791016, 0.06464939564466476, 0.10069233924150467, 0.10789315402507782, 0.1431170254945755, 0.11180466413497925, 0.107874795794487, 0.06341797858476639]]"
1.25,1.0,398,0.0,108.57806396484375,"[2, 4, 6, 8]","[[0.0, 0.0, 0.0, 0.0, 0.0, 0.0, 0.0, 0.0], [0.0, 0.0, 0.0, 0.02693602629005909, 0.48176491260528564, 1.2983007431030273, 2.8222618103027344, 1.8231734037399292], [0.0, 0.01550387591123581, 1.045092225074768, 7.750370502471924, 16.565523147583008, 16.746904373168945, 19.555490493774414, 13.021586418151855], [0.0, 3.3850128650665283, 10.01594066619873, 26.301834106445312, 39.512210845947266, 37.386287689208984, 25.862075805664062, 20.580923080444336], [0.0, 7.408778667449951, 21.153512954711914, 55.0058479309082, 69.88558959960938, 62.51914596557617, 37.74238204956055, 18.874380111694336], [0.0, 12.570549964904785, 32.62519836425781, 79.7386703491211, 97.6846923828125, 89.15381622314453, 61.84540939331055, 20.68663215637207], [0.0, 14.093277931213379, 39.94636154174805, 90.974365234375, 108.57806396484375, 99.6158218383789, 67.89051055908203, 21.39288902282715], [0.0, 12.456417083740234, 37.4780387878418, 83.50308227539062, 97.1399917602539, 91.16080474853516, 58.25633239746094, 14.065396308898926], [0.0, 1.6760563850402832, 24.93456268310547, 57.83909225463867, 74.94731903076172, 65.9065933227539, 35.67460250854492, 6.3632893562316895], [0.0, 0.009862794540822506, 5.556938648223877, 27.16387367248535, 39.018070220947266, 29.225595474243164, 15.97612476348877, 3.1793909072875977], [0.0, 0.0, 0.9014084339141846, 7.297862529754639, 13.48554515838623, 14.401259422302246, 6.7794318199157715, 1.3839035034179688], [0.0, 0.0, 2.998617172241211, 5.114932537078857, 7.5688157081604, 8.127418518066406, 3.3521697521209717, 3.5204694271087646]]","[[0.0, 0.0, 0.0, 0.0, 0.0, 0.0, 0.0, 0.0], [0.0, 0.0, 0.0, 0.0002480798284523189, 0.004437037277966738, 0.011957302689552307, 0.025992928072810173, 0.016791360452771187], [0.0, 0.00014279012975748628, 0.009625261649489403, 0.0713806301355362, 0.15256786346435547, 0.15423837304115295, 0.18010535836219788, 0.11992833763360977], [0.0, 0.031175844371318817, 0.09224645048379898, 0.24223892390727997, 0.36390602588653564, 0.34432634711265564, 0.23818877339363098, 0.1895495504140854], [0.0, 0.06823457777500153, 0.19482308626174927, 0.506601870059967, 0.6436437368392944, 0.5757990479469299, 0.34760597348213196, 0.17383235692977905], [0.0, 0.11577430367469788, 0.30047687888145447, 0.7343902587890625, 0.8996724486351013, 0.8211033940315247, 0.5695939660072327, 0.19052313268184662], [0.0, 0.12979857623577118, 0.36790454387664795, 0.8378705978393555, 1.0, 0.9174580574035645, 0.6252691149711609, 0.19702772796154022], [0.0, 0.11472314596176147, 0.34517136216163635, 0.7690603137016296, 0.8946557641029358, 0.8395876884460449, 0.5365387201309204, 0.1295417845249176], [0.0, 0.015436418354511261, 0.22964641451835632, 0.5326959490776062, 0.6902620792388916, 0.6069973111152649, 0.32856178283691406, 0.05860566347837448], [0.0, 9.083597979042679e-05, 0.051179200410842896, 0.2501782774925232, 0.35935500264167786, 0.2691666781902313, 0.1471395194530487, 0.02928207442164421], [0.0, 0.0, 0.008301938883960247, 0.0672130435705185, 0.12420137971639633, 0.13263507187366486, 0.062438320368528366, 0.012745700776576996], [0.0, 0.0, 0.027617154642939568, 0.04710834100842476, 0.06970851868391037, 0.07485322654247284, 0.030873360112309456, 0.03242339566349983]]"
1.5,1.0,441,0.0,118.22466278076172,"[1, 3, 6, 8]","[[4.124649524688721, 7.554446697235107, 8.989252090454102, 13.231148719787598, 11.562633514404297, 6.00501823425293, 0.594230592250824, 0.0], [7.2444682121276855, 9.843842506408691, 17.24403190612793, 30.546592712402344, 42.2001953125, 35.814453125, 9.951313018798828, 0.5380519032478333], [10.34868049621582, 25.972043991088867, 41.4395637512207, 60.21254348754883, 62.7966194152832, 64.99825286865234, 33.04673767089844, 5.513033390045166], [20.75186538696289, 43.102054595947266, 66.84485626220703, 83.47480010986328, 89.1125717163086, 70.58273315429688, 45.92905807495117, 9.405001640319824], [27.4793701171875, 59.97737121582031, 82.97095489501953, 95.71285247802734, 99.68672943115234, 83.35540008544922, 52.6694221496582, 10.917499542236328], [28.9891357421875, 68.18630981445312, 93.74114227294922, 106.0534439086914, 110.4115219116211, 90.7637710571289, 56.36293411254883, 11.88687801361084], [26.208974838256836, 63.67196273803711, 91.93802642822266, 108.28527069091797, 118.22466278076172, 93.27335357666016, 50.83001708984375, 10.476791381835938], [18.681655883789062, 47.200199127197266, 76.48540496826172, 95.16778564453125, 106.27239227294922, 91.05191802978516, 47.5999755859375, 4.970326900482178], [12.391453742980957, 28.8680477142334, 51.660736083984375, 74.32669830322266, 82.03775787353516, 62.950439453125, 27.098602294921875, 2.1516475677490234], [9.779865264892578, 19.813539505004883, 29.218305587768555, 36.12283706665039, 39.485923767089844, 26.016708374023438, 9.918280601501465, 0.38165268301963806], [6.357804775238037, 15.396824836730957, 23.91364097595215, 29.42211151123047, 26.557373046875, 13.575552940368652, 6.158147811889648, 0.0], [2.812283515930176, 7.175777435302734, 12.327323913574219, 12.846446990966797, 13.333491325378418, 5.386232852935791, 2.4101669788360596, 0.0]]","[[0.03488823398947716, 0.06389907747507095, 0.07603533565998077, 0.11191529780626297, 0.09780221432447433, 0.050793278962373734, 0.0050262827426195145, 0.0], [0.061277132481336594, 0.08326386660337448, 0.14585815370082855, 0.2583774924278259, 0.35694918036460876, 0.30293554067611694, 0.08417290449142456, 0.004551096819341183], [0.08753402531147003, 0.21968381106853485, 0.3505153954029083, 0.5093061327934265, 0.5311634540557861, 0.5497859120368958, 0.27952489256858826, 0.046631839126348495], [0.17552907764911652, 0.3645775318145752, 0.5654053688049316, 0.7060692310333252, 0.7537561655044556, 0.5970220565795898, 0.38848966360092163, 0.07955194264650345], [0.23243348300457, 0.5073168873786926, 0.7018074989318848, 0.8095844984054565, 0.8431974053382874, 0.705059289932251, 0.4455028474330902, 0.09234536439180374], [0.24520379304885864, 0.5767520070075989, 0.7929068207740784, 0.8970500826835632, 0.9339127540588379, 0.7677228450775146, 0.47674429416656494, 0.10054482519626617], [0.22168788313865662, 0.5385675430297852, 0.7776552438735962, 0.9159279465675354, 1.0, 0.7889500260353088, 0.4299442768096924, 0.08861764520406723], [0.15801826119422913, 0.39924156665802, 0.6469496488571167, 0.8049740791320801, 0.8989020586013794, 0.7701600790023804, 0.4026230573654175, 0.04204137250781059], [0.10481276363134384, 0.24417957663536072, 0.43697088956832886, 0.6286903023719788, 0.6939140558242798, 0.5324645042419434, 0.22921277582645416, 0.018199650570750237], [0.08272271603345871, 0.16759227216243744, 0.2471422255039215, 0.30554401874542236, 0.33399057388305664, 0.22006160020828247, 0.08389350026845932, 0.003228198504075408], [0.053777314722537994, 0.13023361563682556, 0.20227286219596863, 0.24886611104011536, 0.2246347963809967, 0.1148284375667572, 0.05208852142095566, 0.0], [0.023787621408700943, 0.06069611385464668, 0.1042703241109848, 0.10866130888462067, 0.11278096586465836, 0.04555929824709892, 0.020386330783367157, 0.0]]"
1.75,1.0,195,0.0,138.77511596679688,"[2, 4, 6, 8]","[[0.03492063656449318, 0.7098064422607422, 5.641618251800537, 6.177345275878906, 13.75732707977295, 14.671516418457031, 10.174603462219238, 4.703761577606201], [0.0, 2.2437102794647217, 12.773902893066406, 21.192825317382812, 25.114412307739258, 25.114356994628906, 13.41405200958252, 2.5397260189056396], [0.01826483942568302, 5.208188533782959, 19.59278106689453, 27.42026710510254, 30.150665283203125, 25.519874572753906, 21.704370498657227, 3.2650575637817383], [0.01826483942568302, 6.806755542755127, 26.561426162719727, 47.863128662109375, 57.22911071777344, 55.19069290161133, 31.9918270111084, 9.54137897491455], [0.2848394215106964, 16.2152042388916, 62.39723587036133, 91.1535873413086, 105.3961410522461, 95.73241424560547, 63.1920051574707, 22.50128173828125], [2.3477072715759277, 38.92542266845703, 91.9119644165039, 124.56391143798828, 130.56646728515625, 125.73886108398438, 89.60774993896484, 33.24378967285156], [3.6133480072021484, 44.055057525634766, 102.7627944946289, 130.26927185058594, 138.77511596679688, 128.05592346191406, 95.03899383544922, 30.55799102783203], [1.3572412729263306, 27.909257888793945, 86.1229019165039, 120.6117172241211, 126.8661117553711, 116.98028564453125, 75.83313751220703, 12.762687683105469], [0.30136987566947937, 10.99459171295166, 43.9005126953125, 74.6617202758789, 91.83648681640625, 70.38387298583984, 22.979406356811523, 1.3397694826126099], [0.0, 2.41418194770813, 7.479084014892578, 17.504457473754883, 17.728574752807617, 11.992215156555176, 2.366079568862915, 0.016873233020305634], [0.0, 0.1826484054327011, 0.931506872177124, 2.1552512645721436, 1.0899325609207153, 1.3378995656967163, 0.013698630034923553, 0.0], [0.0, 0.013698630034923553, 0.10502282530069351, 0.1780821830034256, 0.12328767031431198, 0.19634704291820526, 0.0, 0.0]]","[[0.00025163471582345665, 0.005114796105772257, 0.04065295308828354, 0.04451334848999977, 0.09913396090269089, 0.10572151839733124, 0.07331720739603043, 0.033894848078489304], [0.0, 0.016167957335710526, 0.09204750508069992, 0.15271343290805817, 0.18097200989723206, 0.18097162246704102, 0.09666035324335098, 0.018301019445061684], [0.0001316146517638117, 0.03752969950437546, 0.14118367433547974, 0.1975877732038498, 0.21726275980472565, 0.18389374017715454, 0.15639957785606384, 0.023527687415480614], [0.0001316146517638117, 0.04904881864786148, 0.19139905273914337, 0.34489706158638, 0.4123874008655548, 0.3976987600326538, 0.2305299937725067, 0.06875424832105637], [0.0020525252912193537, 0.11684518307447433, 0.44962841272354126, 0.656843900680542, 0.7594743371009827, 0.6898384690284729, 0.4553554356098175, 0.1621420532464981], [0.01691734977066517, 0.2804928123950958, 0.6623086929321289, 0.8975954651832581, 0.9408493041992188, 0.9060620069503784, 0.6457047462463379, 0.23955151438713074], [0.026037434116005898, 0.31745645403862, 0.7404987215995789, 0.938707709312439, 1.0, 0.9227585196495056, 0.6848417520523071, 0.2201979160308838], [0.009780148975551128, 0.20111140608787537, 0.620593249797821, 0.8691163063049316, 0.9141848683357239, 0.8429485559463501, 0.5464462041854858, 0.09196668863296509], [0.0021716421470046043, 0.07922595739364624, 0.316342830657959, 0.5380051136016846, 0.6617648005485535, 0.507179319858551, 0.16558736562728882, 0.00965424906462431], [0.0, 0.017396360635757446, 0.0538935512304306, 0.1261354237794876, 0.12775038182735443, 0.08641473948955536, 0.017049739137291908, 0.00012158687604824081], [0.0, 0.0013161466922610998, 0.006712348200380802, 0.015530531294643879, 0.007853948511183262, 0.009640774689614773, 9.87109960988164e-05, 0.0], [0.0, 9.87109960988164e-05, 0.0007567842840217054, 0.0012832429492846131, 0.0008883989648893476, 0.0014148576883599162, 0.0, 0.0]]"
0.25,1.5,498,-9.677419438958168e-05,63.766326904296875,"[2, 4, 5, 8]","[[0.0, 0.0, 0.06269175559282303, 0.04470967873930931, 0.13613261282444, 0.1709533929824829, 0.0787096694111824, 0.03594803437590599], [-3.0465947929769754e-05, 0.0016290323110297322, 0.08243010938167572, 0.15797848999500275, 0.3592042624950409, 0.33957886695861816, 0.1765878051519394, 0.11600896716117859], [0.0035304659977555275, 0.03224552050232887, 0.12964516878128052, 0.3326720595359802, 0.5771989226341248, 0.7365877628326416, 0.35203588008880615, 0.3443046808242798], [0.03243010863661766, 0.061026886105537415, 0.12565772235393524, 0.4205054044723511, 0.6862581372261047, 0.6070985198020935, 0.5008153319358826, 0.42950716614723206], [0.025103941559791565, 0.06116487458348274, 0.21351014077663422, 17.391624450683594, 25.825613021850586, 23.34468650817871, 22.909826278686523, 15.946431159973145], [0.03056093119084835, 0.061014335602521896, 18.7346248626709, 37.719173431396484, 52.05122756958008, 44.723567962646484, 36.66509246826172, 37.851898193359375], [0.057510752230882645, 0.05397669970989227, 36.38225173950195, 48.53020095825195, 63.766326904296875, 48.35451126098633, 42.80825424194336, 36.07735061645508], [0.01065412163734436, 0.07172222435474396, 35.34415054321289, 47.581363677978516, 51.55598449707031, 46.850704193115234, 44.459415435791016, 30.010986328125], [0.003487455425783992, 0.01271146908402443, 27.579736709594727, 41.73627853393555, 42.15407943725586, 38.61384201049805, 32.16584396362305, 29.101882934570312], [0.00013799282896798104, -8.960571904026438e-06, 29.8596248626709, 34.64443588256836, 35.539913177490234, 37.909400939941406, 30.944974899291992, 22.664785385131836], [-8.42293884488754e-05, 0.00010394264973001555, 21.396812438964844, 30.519643783569336, 26.875463485717773, 26.072683334350586, 27.05763816833496, 19.514589309692383], [-9.677419438958168e-05, 6.630824645981193e-05, 15.45824146270752, 17.362564086914062, 18.81646156311035, 26.715768814086914, 24.503286361694336, 16.971826553344727]]","[[1.5176356100710109e-06, 1.5176356100710109e-06, 0.0009846644243225455, 0.0007026653038337827, 0.002136381110176444, 0.0026824488304555416, 0.0012358612148091197, 0.0005652631516568363], [1.0398614449513843e-06, 2.706450322875753e-05, 0.0012942060129716992, 0.002478973241522908, 0.005634643137454987, 0.005326873157173395, 0.0027708089910447598, 0.0018207974499091506], [5.6883232900872827e-05, 0.0005071994964964688, 0.002034643432125449, 0.005218558944761753, 0.009053287096321583, 0.011552860029041767, 0.005522226914763451, 0.005400984548032284], [0.0005100942216813564, 0.0009585556108504534, 0.0019721114076673985, 0.006595981772989035, 0.010763579048216343, 0.009522179141640663, 0.007855421863496304, 0.0067371497862041], [0.00039520353311672807, 0.0009607195970602334, 0.003349833656102419, 0.27274104952812195, 0.4050048589706421, 0.3660983741283417, 0.3592787981033325, 0.25007718801498413], [0.000480781338410452, 0.0009583588107489049, 0.29380232095718384, 0.5915224552154541, 0.8162810802459717, 0.7013669610023499, 0.5749920606613159, 0.5936038494110107], [0.0009034147951751947, 0.0008479929529130459, 0.5705565214157104, 0.7610635161399841, 1.0, 0.7583082914352417, 0.6713305711746216, 0.5657749772071838], [0.00016859806783031672, 0.0011262823827564716, 0.5542767643928528, 0.7461836338043213, 0.8085145354270935, 0.7347252368927002, 0.697224497795105, 0.4706408679485321], [5.620872980216518e-05, 0.00020086187578272074, 0.43251341581344604, 0.6545196175575256, 0.6610716581344604, 0.6055528521537781, 0.504433810710907, 0.4563840925693512], [3.6816716146859108e-06, 1.3771137901130714e-06, 0.46826717257499695, 0.5433036684989929, 0.557346761226654, 0.5945056080818176, 0.4852878749370575, 0.3554359972476959], [1.9673059625802125e-07, 3.1476886306336382e-06, 0.33555135130882263, 0.47861772775650024, 0.4214688539505005, 0.40887945890426636, 0.42432576417922974, 0.3060339093208313], [0.0, 2.5574970550223952e-06, 0.24242128431797028, 0.2722853422164917, 0.29508569836616516, 0.4189644753932953, 0.38426780700683594, 0.26615768671035767]]"
0.5,1.5,558,0.0,71.68266296386719,"[3, 5, 6, 7]","[[0.0, 4.440110206604004, 6.976126194000244, 3.6374807357788086, 6.544931888580322, 6.3307647705078125, 7.92664098739624, 8.445481300354004], [0.2473604828119278, 4.830931186676025, 9.301974296569824, 9.441332817077637, 7.953332901000977, 9.971570014953613, 7.632256984710693, 9.407333374023438], [1.0588234663009644, 8.661934852600098, 14.779312133789062, 18.291915893554688, 14.732439994812012, 16.237215042114258, 17.769521713256836, 19.885074615478516], [0.9034690856933594, 11.928074836730957, 21.172317504882812, 23.9350643157959, 21.035676956176758, 19.38791275024414, 22.00316619873047, 24.24452781677246], [1.2760180234909058, 9.820319175720215, 25.828527450561523, 33.67692184448242, 30.425317764282227, 28.963048934936523, 24.19872283935547, 26.030120849609375], [1.3996983766555786, 10.594964981079102, 25.354482650756836, 43.99979782104492, 54.30982971191406, 45.316375732421875, 34.2867431640625, 28.65424156188965], [1.0256410837173462, 9.553417205810547, 24.509490966796875, 54.18226623535156, 71.68266296386719, 60.52467727661133, 40.6663932800293, 32.54924392700195], [0.8355957865715027, 5.959568023681641, 17.343978881835938, 36.092308044433594, 51.03860092163086, 46.587615966796875, 32.54405975341797, 26.399169921875], [0.5716440081596375, 4.123551845550537, 11.949150085449219, 17.34337615966797, 26.368383407592773, 28.203048706054688, 29.5053768157959, 27.528121948242188], [0.4087481200695038, 3.447207450866699, 9.534629821777344, 17.04759979248047, 18.167322158813477, 22.78987693786621, 27.821531295776367, 27.793060302734375], [0.3212669789791107, 1.8019429445266724, 6.077983856201172, 12.271519660949707, 14.374972343444824, 16.423973083496094, 20.746374130249023, 20.249738693237305], [0.3257918655872345, 1.4989789724349976, 6.345449447631836, 13.39431381225586, 18.221708297729492, 16.273365020751953, 20.08833122253418, 19.877817153930664]]","[[0.0, 0.061941199004650116, 0.0973195731639862, 0.05074422061443329, 0.091304250061512, 0.08831653743982315, 0.11057960987091064, 0.11781762540340424], [0.003450771328061819, 0.06739330291748047, 0.12976603209972382, 0.13171012699604034, 0.1109519749879837, 0.1391071379184723, 0.10647284239530563, 0.13123582303524017], [0.014770983718335629, 0.12083723396062851, 0.20617693662643433, 0.2551790773868561, 0.2055230587720871, 0.22651523351669312, 0.24789148569107056, 0.277404248714447], [0.012603731825947762, 0.16640111804008484, 0.2953617572784424, 0.33390310406684875, 0.293455570936203, 0.27046865224838257, 0.30695241689682007, 0.3382202386856079], [0.01780092902481556, 0.13699713349342346, 0.3603176474571228, 0.46980568766593933, 0.4244445860385895, 0.40404537320137024, 0.33758124709129333, 0.36312994360923767], [0.019526315852999687, 0.14780372381210327, 0.3537045419216156, 0.6138136386871338, 0.7576424479484558, 0.632180392742157, 0.4783129096031189, 0.3997374176979065], [0.014308077283203602, 0.13327375054359436, 0.34191659092903137, 0.7558628916740417, 1.0, 0.8443419337272644, 0.5673114061355591, 0.4540741443634033], [0.011656873859465122, 0.08313820511102676, 0.2419549971818924, 0.5035012364387512, 0.7120075821876526, 0.6499146819114685, 0.4540018141269684, 0.36827829480171204], [0.007974647916853428, 0.05752509459853172, 0.16669511795043945, 0.24194659292697906, 0.36784881353378296, 0.39344310760498047, 0.41161105036735535, 0.3840276002883911], [0.005702189169824123, 0.04808983579277992, 0.13301165401935577, 0.23782040178775787, 0.2534409463405609, 0.3179273307323456, 0.38812077045440674, 0.3877235949039459], [0.004481794778257608, 0.025137778371572495, 0.08479014784097672, 0.17119230329990387, 0.20053625106811523, 0.22912058234214783, 0.28941968083381653, 0.28249144554138184], [0.004544918425381184, 0.020911317318677902, 0.08852139860391617, 0.18685568869113922, 0.25419965386390686, 0.2270195335149765, 0.2802397310733795, 0.277303010225296]]"
0.75,1.5,143,0.035087719559669495,83.61438751220703,"[2, 4, 5, 8]","[[0.46268951892852783, 0.8361911773681641, 1.3293178081512451, 2.366443157196045, 2.9933249950408936, 3.250833511352539, 1.4548107385635376, 0.7941176295280457], [2.0487418174743652, 2.987748384475708, 4.756879806518555, 7.718312740325928, 9.127318382263184, 8.447877883911133, 3.1874587535858154, 0.3235293924808502], [2.6874520778656006, 7.98202657699585, 10.169379234313965, 15.43307876586914, 15.790009498596191, 12.310264587402344, 9.850619316101074, 0.6037151217460632], [3.2295055389404297, 10.013653755187988, 18.569122314453125, 23.607385635375977, 29.498533248901367, 19.858797073364258, 7.26840353012085, 0.48473843932151794], [4.182815074920654, 16.089691162109375, 28.27232551574707, 42.00234603881836, 45.07686996459961, 36.50668716430664, 14.426899909973145, 1.697977066040039], [4.847589492797852, 20.104310989379883, 42.58564758300781, 65.71883392333984, 69.00196075439453, 51.34414291381836, 25.457239151000977, 3.605534553527832], [3.4781494140625, 24.620901107788086, 50.6450309753418, 73.86538696289062, 83.61438751220703, 63.04008865356445, 29.021738052368164, 4.733362674713135], [2.0844645500183105, 19.806488037109375, 43.39213943481445, 63.04164505004883, 72.27685546875, 56.00371170043945, 26.581758499145508, 4.012853622436523], [1.4319812059402466, 12.445053100585938, 27.306211471557617, 38.969722747802734, 44.6672248840332, 33.765174865722656, 18.999338150024414, 3.6835029125213623], [0.450318843126297, 6.8842315673828125, 18.29421043395996, 22.580970764160156, 25.882604598999023, 22.594717025756836, 11.82413101196289, 2.0642545223236084], [0.807692289352417, 4.794336318969727, 9.44860553741455, 14.504755973815918, 17.86052131652832, 15.343335151672363, 8.07190227508545, 0.46783626079559326], [0.19230769574642181, 1.7493252754211426, 4.282725811004639, 4.887426853179932, 8.600540161132812, 6.889338970184326, 3.027777910232544, 0.035087719559669495]]","[[0.005116120912134647, 0.009584950283169746, 0.01548505574464798, 0.027893932536244392, 0.035394374281167984, 0.03847538307309151, 0.016986539587378502, 0.009081553667783737], [0.02409273572266102, 0.03532765433192253, 0.056494757533073425, 0.09192737191915512, 0.10878568142652512, 0.10065638273954391, 0.037717126309871674, 0.0034511135891079903], [0.03173470124602318, 0.09508262574672699, 0.1212536096572876, 0.18423211574554443, 0.18850268423557281, 0.14686863124370575, 0.11743974685668945, 0.006803447846323252], [0.038220200687646866, 0.11939039826393127, 0.22175389528274536, 0.28203511238098145, 0.3525208532810211, 0.23718443512916565, 0.08654434978961945, 0.005379929207265377], [0.04962625354528427, 0.1920882761478424, 0.3378496468067169, 0.5021250247955322, 0.5389107465744019, 0.43637120723724365, 0.1721934974193573, 0.019895946606993675], [0.057580068707466125, 0.24012193083763123, 0.5091040730476379, 0.7858853340148926, 0.8251669406890869, 0.6138966679573059, 0.30416804552078247, 0.042719271034002304], [0.04119514673948288, 0.29416152834892273, 0.6055320501327515, 0.8833562731742859, 1.0, 0.7538350224494934, 0.34681615233421326, 0.0562133826315403], [0.0245201475918293, 0.23655858635902405, 0.5187534689903259, 0.7538536190986633, 0.8643500208854675, 0.6696469783782959, 0.3176225423812866, 0.04759271442890167], [0.01671339012682438, 0.1484813243150711, 0.32629039883613586, 0.4658406376838684, 0.5340094566345215, 0.40356987714767456, 0.22690127789974213, 0.043652135878801346], [0.004968109540641308, 0.08194784820079803, 0.218464657664299, 0.2697543799877167, 0.3092573881149292, 0.26991885900497437, 0.14105218648910522, 0.024278340861201286], [0.009243970736861229, 0.05694291368126869, 0.11262977868318558, 0.1731250286102295, 0.2132757008075714, 0.18315836787223816, 0.09615795314311981, 0.005177699960768223], [0.0018810875480994582, 0.020510312169790268, 0.05082165449857712, 0.05805671215057373, 0.10248294472694397, 0.082008957862854, 0.03580659255385399, 0.0]]"
1.0,1.5,349,0.6320754885673523,107.53787994384766,"[2, 3, 6, 8]","[[0.6320754885673523, 3.896226644515991, 12.835936546325684, 15.59292984008789, 15.696052551269531, 13.851117134094238, 16.48872184753418, 9.823140144348145], [0.7421383857727051, 5.704402446746826, 23.784971237182617, 27.758819580078125, 22.89973258972168, 18.36895179748535, 16.106393814086914, 17.1921329498291], [1.0566377639770508, 8.620312690734863, 36.13777160644531, 47.00969314575195, 45.85637283325195, 33.031246185302734, 22.776586532592773, 16.207378387451172], [2.3355600833892822, 11.563963890075684, 47.6214485168457, 64.42571258544922, 60.7416877746582, 50.53013229370117, 33.23158645629883, 20.565895080566406], [5.359442234039307, 19.03171730041504, 59.19742965698242, 83.11029815673828, 88.0414047241211, 74.87816619873047, 55.12251663208008, 32.63690185546875], [8.189308166503906, 23.453222274780273, 62.30864334106445, 91.4345703125, 100.50147247314453, 89.64682006835938, 67.13816833496094, 38.35354232788086], [7.9468464851379395, 22.56675148010254, 65.55950164794922, 94.4497299194336, 107.53787994384766, 95.5623550415039, 71.66919708251953, 39.179141998291016], [6.6898016929626465, 18.12430763244629, 54.55850601196289, 90.3454818725586, 98.94829559326172, 86.31976318359375, 60.14179611206055, 33.47776412963867], [3.9391298294067383, 9.417235374450684, 29.758737564086914, 57.9875602722168, 66.92123413085938, 53.6452522277832, 40.01899337768555, 23.982315063476562], [2.0918920040130615, 4.491891860961914, 6.749517917633057, 16.795825958251953, 23.242523193359375, 17.84168815612793, 15.583309173583984, 10.143580436706543], [1.5963964462280273, 2.194594621658325, 3.0324325561523438, 6.7413482666015625, 10.8700532913208, 10.956414222717285, 8.408791542053223, 5.1379313468933105], [1.423423409461975, 1.603603720664978, 3.2684686183929443, 5.405964374542236, 6.930319309234619, 8.656010627746582, 7.408139705657959, 5.6396708488464355]]","[[0.0, 0.030532963573932648, 0.11415527015924454, 0.13994427025318146, 0.140908882021904, 0.12365129590034485, 0.14832352101802826, 0.08597348630428314], [0.0010295314714312553, 0.04744669422507286, 0.2165728509426117, 0.25374433398246765, 0.20829230546951294, 0.1659112423658371, 0.14474722743034363, 0.15490324795246124], [0.003971367608755827, 0.07472220063209534, 0.3321212828159332, 0.4338175654411316, 0.423029363155365, 0.30306276679039, 0.20714038610458374, 0.14569182693958282], [0.015934443101286888, 0.10225719958543777, 0.43953993916511536, 0.5967274904251099, 0.5622670650482178, 0.46674785017967224, 0.3049367666244507, 0.18646150827407837], [0.04421992599964142, 0.17211076617240906, 0.5478219985961914, 0.7715036869049072, 0.8176293969154358, 0.6945000886917114, 0.509705126285553, 0.2993740737438202], [0.0706905722618103, 0.21346965432167053, 0.5769243836402893, 0.8493691682815552, 0.9341812133789062, 0.8326464891433716, 0.6220999360084534, 0.3528476655483246], [0.0684225782752037, 0.20517759025096893, 0.6073330640792847, 0.8775730729103088, 1.0, 0.887980580329895, 0.6644833087921143, 0.36057037115097046], [0.05666414648294449, 0.16362284123897552, 0.5044293999671936, 0.8391818404197693, 0.9196527600288391, 0.8015251159667969, 0.5566556453704834, 0.30723950266838074], [0.030934281647205353, 0.08217664062976837, 0.27245163917541504, 0.536504864692688, 0.62007075548172, 0.49588677287101746, 0.3684263527393341, 0.21841880679130554], [0.013655165210366249, 0.03610483184456825, 0.05722273513674736, 0.1511961817741394, 0.21149876713752747, 0.16097921133041382, 0.13985426723957062, 0.08897089213132858], [0.009020285680890083, 0.014615848660469055, 0.022453008219599724, 0.05714631453156471, 0.0957663431763649, 0.09657416492700577, 0.07274362444877625, 0.042147908359766006], [0.007402291055768728, 0.009087703190743923, 0.024660896509885788, 0.04465509578585625, 0.058913957327604294, 0.07505612075328827, 0.06338350474834442, 0.04684119299054146]]"
1.25,1.5,234,0.0,102.08087158203125,"[2, 4, 6, 8]","[[0.0, 0.0, 0.03333333507180214, 1.5083333253860474, 4.861111164093018, 5.702777862548828, 5.0527777671813965, 6.744444370269775], [0.0, 0.0, 0.0, 3.868333101272583, 6.498189926147461, 4.619282245635986, 4.446753978729248, 5.904837131500244], [0.0, 0.07999999821186066, 0.20333333313465118, 9.7308988571167, 14.782551765441895, 12.399069786071777, 7.283121109008789, 5.742852687835693], [0.013333332724869251, 0.6533333659172058, 4.314388275146484, 26.119293212890625, 38.464263916015625, 35.67601013183594, 19.81269073486328, 11.76456356048584], [0.026666665449738503, 1.493333339691162, 15.560580253601074, 55.06044006347656, 69.26176452636719, 61.11534118652344, 33.661590576171875, 14.159825325012207], [0.026666665449738503, 2.4133331775665283, 29.228775024414062, 77.9687728881836, 92.8200454711914, 80.30712890625, 50.00748825073242, 22.61896324157715], [0.03999999910593033, 2.3999998569488525, 33.701168060302734, 86.08636474609375, 102.08087158203125, 88.0738296508789, 54.10078811645508, 26.315893173217773], [0.0, 1.5866667032241821, 27.18511199951172, 76.99144744873047, 92.02637481689453, 77.17674255371094, 44.786800384521484, 17.225168228149414], [0.0, 0.30666667222976685, 13.095230102539062, 49.52504348754883, 63.59917068481445, 48.8373908996582, 25.401342391967773, 14.068364143371582], [0.0, 0.36000001430511475, 6.545168399810791, 25.642623901367188, 34.11198425292969, 22.045629501342773, 12.762123107910156, 7.356111526489258], [0.0, 0.5733333230018616, 4.7601494789123535, 17.731630325317383, 21.24041175842285, 15.37064266204834, 12.437210083007812, 8.616554260253906], [0.0, 0.8800000548362732, 3.843595504760742, 14.693114280700684, 17.219999313354492, 16.633668899536133, 10.180474281311035, 8.391759872436523]]","[[0.0, 0.0, 0.00032653851667419076, 0.014775866642594337, 0.047620195895433426, 0.055865295231342316, 0.04949779063463211, 0.06606961786746979], [0.0, 0.0, 0.0, 0.03789478912949562, 0.06365727633237839, 0.04525120183825493, 0.04356108978390694, 0.057844698429107666], [0.0, 0.0007836923468858004, 0.001991884782910347, 0.09532538801431656, 0.14481216669082642, 0.12146320194005966, 0.07134658098220825, 0.05625787377357483], [0.00013061538629699498, 0.006400154437869787, 0.042264413088560104, 0.2558686435222626, 0.37680187821388245, 0.3494877219200134, 0.1940881758928299, 0.11524748057126999], [0.00026123077259398997, 0.014628924429416656, 0.1524338573217392, 0.5393806099891663, 0.6784989237785339, 0.5986953377723694, 0.32975414395332336, 0.1387118399143219], [0.00026123077259398997, 0.02364138513803482, 0.28632959723472595, 0.7637941241264343, 0.9092795252799988, 0.7867010235786438, 0.48988109827041626, 0.22157886624336243], [0.0003918461734429002, 0.02351076900959015, 0.3301418423652649, 0.8433153629302979, 1.0, 0.8627848625183105, 0.5299797058105469, 0.2577945590019226], [0.0, 0.015543232671916485, 0.26630955934524536, 0.7542201280593872, 0.9015045762062073, 0.756035327911377, 0.4387384355068207, 0.1687404066324234], [0.0, 0.0030041541904211044, 0.12828290462493896, 0.48515498638153076, 0.6230273246765137, 0.47841861844062805, 0.2488354742527008, 0.13781586289405823], [0.0, 0.003526615910232067, 0.06411748379468918, 0.2511990964412689, 0.3341662585735321, 0.21596239507198334, 0.12501972913742065, 0.07206160575151443], [0.0, 0.005616461858153343, 0.046631161123514175, 0.17370179295539856, 0.20807436108589172, 0.15057319402694702, 0.1218368336558342, 0.08440909534692764], [0.0, 0.008620616979897022, 0.037652455270290375, 0.14393602311611176, 0.1686897724866867, 0.16294598579406738, 0.0997295007109642, 0.08220697939395905]]"
1.5,1.5,400,0.03153153136372566,117.2099380493164,"[2, 3, 7, 9]","[[0.03153153136372566, 0.07615095376968384, 1.1024330854415894, 0.8676490783691406, 1.4316520690917969, 1.0341739654541016, 0.6490565538406372, 0.9786479473114014], [0.7304024696350098, 1.3460692167282104, 6.042906284332275, 15.771286964416504, 17.62122917175293, 15.903483390808105, 6.2952423095703125, 2.1271908283233643], [2.586670160293579, 15.193766593933105, 27.371231079101562, 42.38861083984375, 48.53553771972656, 43.65132522583008, 35.680294036865234, 13.320823669433594], [4.864589214324951, 23.71925926208496, 49.27408218383789, 70.8683853149414, 76.83550262451172, 63.93434524536133, 52.00730895996094, 26.398752212524414], [9.80884075164795, 38.34983444213867, 70.6943588256836, 91.9892349243164, 96.9407958984375, 89.35045623779297, 72.63912963867188, 37.7458610534668], [8.58768367767334, 38.816280364990234, 81.2227554321289, 105.0740966796875, 109.5603256225586, 102.9353256225586, 87.79879760742188, 44.560455322265625], [6.334945201873779, 36.12733459472656, 79.2323989868164, 106.00653839111328, 117.2099380493164, 108.59224700927734, 89.8000259399414, 45.32408142089844], [3.810880661010742, 25.416006088256836, 66.36235809326172, 95.95328521728516, 108.6939468383789, 105.97967529296875, 85.87680053710938, 39.533634185791016], [2.937075614929199, 12.468609809875488, 45.82095718383789, 79.2893295288086, 92.3238296508789, 86.86353302001953, 68.3648910522461, 28.914514541625977], [3.69446063041687, 10.576348304748535, 25.86461639404297, 46.194122314453125, 61.68085861206055, 59.54313659667969, 33.045528411865234, 11.746414184570312], [3.5826663970947266, 11.464408874511719, 18.10515785217285, 22.784103393554688, 25.746429443359375, 16.915983200073242, 13.634114265441895, 5.8640522956848145], [3.1118857860565186, 11.582364082336426, 20.70522117614746, 17.96699333190918, 17.182771682739258, 15.182117462158203, 10.684374809265137, 3.729785919189453]]","[[0.0, 0.00038078194484114647, 0.00913906842470169, 0.007135423831641674, 0.011948621831834316, 0.008556545712053776, 0.0052699558436870575, 0.008082687854766846], [0.005964161828160286, 0.011218258179724216, 0.05130104720592499, 0.13432300090789795, 0.1501103937625885, 0.13545116782188416, 0.053454481065273285, 0.017884347587823868], [0.021805541589856148, 0.12939444184303284, 0.23331686854362488, 0.3614751100540161, 0.4139329791069031, 0.37225112318992615, 0.3042263686656952, 0.11341076344251633], [0.041245292872190475, 0.20215095579624176, 0.42023569345474243, 0.6045213937759399, 0.6554447412490845, 0.5453463196754456, 0.44356104731559753, 0.2250177413225174], [0.08343951404094696, 0.3270082175731659, 0.6030362248420715, 0.7847666144371033, 0.8270232081413269, 0.7622473239898682, 0.6196328997612, 0.321853905916214], [0.0730181634426117, 0.33098888397216797, 0.6928855180740356, 0.8964327573776245, 0.9347182512283325, 0.8781805038452148, 0.7490054368972778, 0.38000962138175964], [0.05379330739378929, 0.30804142355918884, 0.675899863243103, 0.9043902158737183, 1.0, 0.9264566898345947, 0.7660839557647705, 0.3865264058113098], [0.032252948731184006, 0.2166309952735901, 0.5660669803619385, 0.818595826625824, 0.9273245930671692, 0.9041609764099121, 0.732603132724762, 0.3371107578277588], [0.0247958991676569, 0.10613797605037689, 0.3907667398452759, 0.6763857007026672, 0.7876220345497131, 0.7410238981246948, 0.5831565856933594, 0.24648724496364594], [0.03125942125916481, 0.08998942375183105, 0.22045943140983582, 0.39395132660865784, 0.5261150598526001, 0.5078717470169067, 0.28174129128456116, 0.09997475892305374], [0.030305368825793266, 0.09756812453269958, 0.15424023568630219, 0.19417034089565277, 0.21945081651210785, 0.14409182965755463, 0.11608438193798065, 0.04977471008896828], [0.026287728920578957, 0.09857475757598877, 0.1764291673898697, 0.1530611515045166, 0.146368607878685, 0.12929503619670868, 0.09091132134199142, 0.03156088665127754]]"
1.75,1.5,315,0.0,124.69771575927734,"[2, 3, 6, 9]","[[0.0, 0.5245689749717712, 7.9871039390563965, 8.80279541015625, 19.397235870361328, 19.55645179748535, 10.160212516784668, 6.253785610198975], [0.0, 0.43665221333503723, 10.728169441223145, 16.359786987304688, 14.11070728302002, 17.849315643310547, 12.768546104431152, 4.65263032913208], [0.0, 2.869993209838867, 16.233766555786133, 26.669076919555664, 28.77098846435547, 22.716829299926758, 21.8670711517334, 5.574871063232422], [0.0, 8.299885749816895, 32.5125732421875, 62.70587158203125, 72.163818359375, 61.067386627197266, 35.33247375488281, 18.098730087280273], [0.002506265649572015, 18.336105346679688, 63.076725006103516, 92.0229263305664, 107.46483612060547, 97.49646759033203, 70.9312973022461, 32.38018798828125], [0.04511278495192528, 24.071693420410156, 75.42094421386719, 112.8399887084961, 117.915771484375, 112.16229248046875, 91.1927261352539, 49.137847900390625], [0.017543859779834747, 24.89989471435547, 77.35521697998047, 115.8500747680664, 124.69771575927734, 111.995849609375, 92.23047637939453, 52.30173873901367], [0.0, 19.30138397216797, 72.135009765625, 105.37032318115234, 119.02449798583984, 109.04141998291016, 83.64683532714844, 30.846311569213867], [0.0, 4.716420650482178, 54.51727294921875, 82.10983276367188, 98.53101348876953, 87.0032730102539, 57.04923629760742, 13.029641151428223], [0.0, 0.3921568691730499, 15.81808090209961, 41.88473892211914, 51.88996505737305, 51.93974304199219, 17.55677604675293, 0.5128150582313538], [0.0, 0.0, 1.1176470518112183, 3.223767042160034, 3.53774094581604, 2.628401756286621, 0.49827685952186584, 0.0], [0.0, 0.0, 0.23529411852359772, 0.7058823704719543, 0.7843137383460999, 0.23529411852359772, 0.0, 0.0]]","[[0.0, 0.004206724930554628, 0.06405172497034073, 0.07059307396411896, 0.15555405616760254, 0.15683087706565857, 0.08147873729467392, 0.05015156418085098], [0.0, 0.0035016858018934727, 0.0860334113240242, 0.1311955600976944, 0.11315930634737015, 0.14314067363739014, 0.10239598900079727, 0.03731127083301544], [0.0, 0.02301560342311859, 0.13018494844436646, 0.21386981010437012, 0.23072586953639984, 0.1821751892566681, 0.17536063492298126, 0.04470708221197128], [0.0, 0.0665600448846817, 0.2607311010360718, 0.5028630495071411, 0.5787100195884705, 0.4897233843803406, 0.28334498405456543, 0.14514082670211792], [2.0098728782613762e-05, 0.14704443514347076, 0.5058370232582092, 0.7379680275917053, 0.8618027567863464, 0.7818624973297119, 0.5688259601593018, 0.2596694529056549], [0.00036177714355289936, 0.1930403709411621, 0.6048302054405212, 0.9049082398414612, 0.945612907409668, 0.8994734883308411, 0.7313103079795837, 0.39405572414398193], [0.00014069110329728574, 0.19968204200267792, 0.6203418970108032, 0.9290472865104675, 1.0, 0.8981387615203857, 0.7396324276924133, 0.4194281995296478], [0.0, 0.1547853797674179, 0.578478991985321, 0.8450060486793518, 0.9545042514801025, 0.8744460344314575, 0.6707968711853027, 0.2473686933517456], [0.0, 0.03782283142209053, 0.43719545006752014, 0.6584710478782654, 0.7901589274406433, 0.6977134346961975, 0.45750024914741516, 0.10448981076478958], [0.0, 0.0031448600348085165, 0.1268514096736908, 0.33589017391204834, 0.416126012802124, 0.4165252149105072, 0.14079469442367554, 0.0041124653071165085], [0.0, 0.0, 0.008962851017713547, 0.025852655991911888, 0.028370535001158714, 0.021078186109662056, 0.003995878156274557, 0.0], [0.0, 0.0, 0.0018869159976020455, 0.0056607481092214584, 0.006289720069617033, 0.0018869159976020455, 0.0, 0.0]]"
0.25,2.0,360,-0.00024359744566027075,39.53689956665039,"[2, 4, 6, 7]","[[0.0, 9.080612182617188, 10.79909896850586, 23.44525909423828, 14.498791694641113, 17.155752182006836, 17.90406036376953, 22.66715431213379], [0.0, 16.63425636291504, 2.9026715755462646, 10.25681209564209, 25.890172958374023, 24.994308471679688, 22.300323486328125, 22.23356056213379], [0.0, 8.991493225097656, 12.79437255859375, 5.997831344604492, 16.262609481811523, 22.135391235351562, 17.82712745666504, 15.714317321777344], [0.0, 13.920825958251953, 7.320512771606445, 9.004199028015137, 19.8159236907959, 20.133577346801758, 18.82465362548828, 9.44108772277832], [-5.412164318840951e-05, 10.787590980529785, 11.91894245147705, 17.623476028442383, 25.167787551879883, 24.2554874420166, 23.75067710876465, 20.685096740722656], [0.0462166853249073, 15.627270698547363, 12.925169944763184, 22.913904190063477, 30.445642471313477, 24.79144859313965, 24.554244995117188, 25.046377182006836], [0.0444202683866024, 21.22176170349121, 25.12831687927246, 31.42781639099121, 39.53689956665039, 31.027158737182617, 21.66849708557129, 12.226737976074219], [0.014748399145901203, 2.075093984603882, 6.180217266082764, 11.757773399353027, 17.668302536010742, 14.924860954284668, 8.2212495803833, 5.954329013824463], [6.102442512201378e-06, -0.00010384153574705124, 0.0013010205002501607, 0.024263903498649597, 0.014813226647675037, 0.0017496999353170395, -4.5118049456505105e-05, 0.0], [-1.8407372408546507e-05, -0.00011104440636700019, 0.0002434973866911605, 0.015211685560643673, 0.04451150819659233, 0.008250400424003601, -0.00018927569908555597, 0.0], [6.792718340875581e-05, -0.0001996798673644662, 0.0018284315010532737, 0.0016408561496064067, 0.01811864785850048, 0.00027901161229237914, -7.503000233555213e-05, 0.0], [-9.16366625460796e-05, -3.6114452086621895e-05, 0.00010544218093855307, -0.00024359744566027075, 2.9911965611972846e-05, 0.0003316326765343547, 9.263705578632653e-05, 0.0]]","[[6.161230430734577e-06, 0.22967909276485443, 0.2731442153453827, 0.5929993987083435, 0.3667193353176117, 0.4339209794998169, 0.4528476893901825, 0.5733190774917603], [6.161230430734577e-06, 0.42073094844818115, 0.07342248409986496, 0.25942832231521606, 0.6548378467559814, 0.6321790218353271, 0.5640409588813782, 0.5623522996902466], [6.161230430734577e-06, 0.22742503881454468, 0.32361000776290894, 0.15170733630657196, 0.41133102774620056, 0.5598693490028381, 0.4509018659591675, 0.39746323227882385], [6.161230430734577e-06, 0.35210102796554565, 0.18516148626804352, 0.2277463972568512, 0.5012038350105286, 0.5092381238937378, 0.47613197565078735, 0.23879648745059967], [4.7923495003487915e-06, 0.27285313606262207, 0.30146804451942444, 0.44575098156929016, 0.6365667581558228, 0.6134922504425049, 0.6007242798805237, 0.523187518119812], [0.0011751046404242516, 0.39526158571243286, 0.32691824436187744, 0.5795600414276123, 0.7700577974319458, 0.627048134803772, 0.621048629283905, 0.6334959864616394], [0.0011296684388071299, 0.5367612242698669, 0.6355684399604797, 0.7948996424674988, 1.0, 0.784765899181366, 0.5480603575706482, 0.3092530071735382], [0.00037918766611255705, 0.05249083414673805, 0.15632036328315735, 0.2973916530609131, 0.44688475131988525, 0.37749576568603516, 0.20794351398944855, 0.15060704946517944], [6.315577593341004e-06, 3.5348002711543813e-06, 3.9067515899660066e-05, 0.0006198601331561804, 0.0003808273177128285, 5.0415816076565534e-05, 5.020074240746908e-06, 6.161230430734577e-06], [5.695658728654962e-06, 3.3526207516842987e-06, 1.231992973771412e-05, 0.00039090539212338626, 0.0011319761397317052, 0.0002148359053535387, 1.3739421547143138e-06, 6.161230430734577e-06], [7.879290023993235e-06, 1.110792936742655e-06, 5.240715108811855e-05, 4.766286656376906e-05, 0.0004644302243832499, 1.3218179446994327e-05, 4.263520622771466e-06, 6.161230430734577e-06], [3.843494596367236e-06, 5.247799435892375e-06, 8.82814492797479e-06, 0.0, 6.917784048710018e-06, 1.4549106708727777e-05, 8.504269317199942e-06, 6.161230430734577e-06]]"
0.5,2.0,624,0.0,81.80352020263672,"[2, 4, 5, 8]","[[0.0, 0.0, 0.00493827136233449, 0.0724732056260109, 0.15322208404541016, 0.08815629035234451, 0.06967847049236298, 0.007407407741993666], [0.3355048894882202, 0.35504886507987976, 0.5407165884971619, 0.7150279879570007, 0.753640353679657, 0.3907819092273712, 0.018396420404314995, 0.002469135681167245], [1.2410423755645752, 1.1530944108963013, 2.157437562942505, 3.5115318298339844, 3.86230731010437, 4.143716335296631, 1.7899545431137085, 1.5830618143081665], [2.211726427078247, 4.391965389251709, 5.659959316253662, 10.113917350769043, 10.388381004333496, 9.032527923583984, 6.9433274269104, 2.801302909851074], [1.9763097763061523, 7.644674777984619, 22.33498191833496, 34.858543395996094, 39.691619873046875, 34.767330169677734, 20.943613052368164, 4.244389057159424], [3.231098175048828, 16.3616886138916, 41.46565246582031, 60.4995002746582, 66.23743438720703, 55.39882278442383, 31.521331787109375, 8.933646202087402], [3.6106350421905518, 17.989946365356445, 46.304840087890625, 68.88656616210938, 81.80352020263672, 61.96894454956055, 33.56319808959961, 7.827352046966553], [4.433804988861084, 17.23250961303711, 40.620662689208984, 58.52177810668945, 65.36394500732422, 51.103458404541016, 25.7799015045166, 5.91119909286499], [3.378431558609009, 9.289929389953613, 22.7983341217041, 36.03049850463867, 38.69090270996094, 29.89763832092285, 15.736882209777832, 5.065719127655029], [3.889695882797241, 8.352508544921875, 12.851611137390137, 17.40593910217285, 19.311948776245117, 16.06151008605957, 10.167614936828613, 4.815960884094238], [4.195679664611816, 9.020401000976562, 13.510268211364746, 13.163352966308594, 14.090758323669434, 11.943191528320312, 9.12502670288086, 4.799632549285889], [6.010013580322266, 9.921835899353027, 13.45440673828125, 16.321693420410156, 16.93973731994629, 15.861930847167969, 10.87465763092041, 5.109559535980225]]","[[0.0, 0.0, 6.036746708559804e-05, 0.0008859423687681556, 0.001873050001449883, 0.0010776588460430503, 0.0008517783717252314, 9.055121336132288e-05], [0.00410135043784976, 0.004340264014899731, 0.006609942764043808, 0.008740797638893127, 0.009212810546159744, 0.004777079448103905, 0.0002248854434583336, 3.018373354279902e-05], [0.015171014703810215, 0.014095902442932129, 0.026373406872153282, 0.04292641580104828, 0.047214437276124954, 0.05065450072288513, 0.021881142631173134, 0.019352000206708908], [0.027037056162953377, 0.053689196705818176, 0.06918968260288239, 0.12363670021295547, 0.1269918531179428, 0.11041735112667084, 0.0848781019449234, 0.03424428403377533], [0.024159226566553116, 0.09345166385173798, 0.2730320394039154, 0.4261252284049988, 0.4852067530155182, 0.42501020431518555, 0.2560233771800995, 0.05188516527414322], [0.03949827700853348, 0.20001204311847687, 0.5068932771682739, 0.7395708560943604, 0.8097137212753296, 0.6772180795669556, 0.3853297829627991, 0.10920857638120651], [0.04413789510726929, 0.21991653740406036, 0.5660494565963745, 0.842097818851471, 1.0, 0.7575339674949646, 0.410290390253067, 0.09568478167057037], [0.0542006641626358, 0.21065731346607208, 0.49656376242637634, 0.7153943777084351, 0.7990358471870422, 0.6247097849845886, 0.3151441514492035, 0.07226093858480453], [0.04129934310913086, 0.11356393247842789, 0.2786962389945984, 0.4404516816139221, 0.4729735553264618, 0.36548107862472534, 0.19237414002418518, 0.06192544102668762], [0.04754924774169922, 0.10210451483726501, 0.15710340440273285, 0.21277739107608795, 0.2360772341489792, 0.19634252786636353, 0.12429311871528625, 0.058872293680906296], [0.051289718598127365, 0.11026910692453384, 0.1651550978422165, 0.16091425716876984, 0.17225123941898346, 0.1459985077381134, 0.11154809594154358, 0.05867268890142441], [0.0734688863158226, 0.12128861993551254, 0.16447222232818604, 0.19952312111854553, 0.20707833766937256, 0.19390279054641724, 0.1329362988471985, 0.06246136501431465]]"
0.75,2.0,312,0.138888880610466,86.22381591796875,"[2, 4, 6, 8]","[[10.352396965026855, 13.049433708190918, 15.539912223815918, 17.972070693969727, 18.31437873840332, 14.056906700134277, 3.7542483806610107, 0.4592592716217041], [15.007451057434082, 16.85065460205078, 20.98514175415039, 22.106491088867188, 24.594314575195312, 22.09409523010254, 6.1610894203186035, 0.517037034034729], [17.32718849182129, 22.63910675048828, 26.006338119506836, 35.86592483520508, 36.366058349609375, 29.829999923706055, 12.607451438903809, 0.6029629707336426], [18.35845375061035, 27.401872634887695, 36.779563903808594, 44.318603515625, 52.72962951660156, 40.25577163696289, 17.6241397857666, 0.9443137049674988], [17.5867977142334, 31.76958465576172, 46.209781646728516, 58.57146072387695, 63.3605842590332, 57.0089111328125, 26.814468383789062, 1.3193029165267944], [16.841154098510742, 36.3015022277832, 56.326690673828125, 71.81867218017578, 78.33618927001953, 63.38002014160156, 34.5924186706543, 1.728039264678955], [17.070043563842773, 33.1332893371582, 56.95890808105469, 76.27490234375, 86.22381591796875, 70.69821166992188, 37.11677551269531, 1.6963616609573364], [17.46124267578125, 27.157560348510742, 46.13004684448242, 68.44506072998047, 77.05083465576172, 67.23873138427734, 37.600067138671875, 2.193660020828247], [16.583833694458008, 18.886491775512695, 30.780263900756836, 49.46128463745117, 59.0703239440918, 48.7778205871582, 24.317800521850586, 1.7340087890625], [11.900196075439453, 10.115708351135254, 15.20172119140625, 20.93357276916504, 27.34821319580078, 22.690719604492188, 7.721569061279297, 0.21851851046085358], [3.9509365558624268, 6.205969333648682, 5.4196295738220215, 6.253442287445068, 9.41365909576416, 8.945271492004395, 8.022592544555664, 0.15740740299224854], [3.6897385120391846, 7.990000247955322, 6.234074115753174, 3.8551852703094482, 7.145294189453125, 8.100740432739258, 6.333333492279053, 0.138888880610466]]","[[0.11864455044269562, 0.1499744951725006, 0.17890498042106628, 0.20715799927711487, 0.2111343890428543, 0.161677747964859, 0.04199758917093277, 0.003721561748534441], [0.17271968722343445, 0.19413113594055176, 0.2421591430902481, 0.25518521666526794, 0.28408485651016235, 0.2550412118434906, 0.06995650380849838, 0.004392733331769705], [0.19966675341129303, 0.26137232780456543, 0.30048754811286926, 0.41502079367637634, 0.42083054780960083, 0.3449048697948456, 0.14484024047851562, 0.005390886217355728], [0.21164639294147491, 0.31669867038726807, 0.4256340265274048, 0.5132107734680176, 0.6109169125556946, 0.46601516008377075, 0.2031162828207016, 0.009356165304780006], [0.2026824951171875, 0.36743590235710144, 0.5351795554161072, 0.6787781715393066, 0.7344107031822205, 0.6606268882751465, 0.30987513065338135, 0.013712203130126], [0.19402077794075012, 0.42008063197135925, 0.6527019143104553, 0.8326635956764221, 0.9083738923072815, 0.7346364855766296, 0.4002271890640259, 0.018460262566804886], [0.19667965173721313, 0.3832772970199585, 0.6600460410118103, 0.8844290971755981, 1.0, 0.8196478486061096, 0.42955121397972107, 0.018092282116413116], [0.20122399926185608, 0.31386062502861023, 0.5342532992362976, 0.7934742569923401, 0.8934426307678223, 0.7794610261917114, 0.4351653456687927, 0.023869115859270096], [0.19103163480758667, 0.21778030693531036, 0.3559435307979584, 0.5729504227638245, 0.6845731735229492, 0.5650109648704529, 0.28087276220321655, 0.018529606983065605], [0.13662445545196533, 0.11589507013559341, 0.1749764084815979, 0.24156008660793304, 0.3160753548145294, 0.2619718611240387, 0.08808371424674988, 0.0009250123985111713], [0.04428240284323692, 0.07047784328460693, 0.06134338304400444, 0.07102931290864944, 0.10773976147174835, 0.10229876637458801, 0.09158053249120712, 0.00021511921659111977], [0.04124821349978447, 0.09120192378759384, 0.07080432027578354, 0.04317011684179306, 0.08138944953680038, 0.09248833358287811, 0.07195736467838287, 0.0]]"
1.0,2.0,406,0.0,98.6343994140625,"[2, 3, 6, 8]","[[0.0, 2.8954248428344727, 9.808895111083984, 13.735577583312988, 13.538931846618652, 17.82807731628418, 16.214548110961914, 16.60528564453125], [0.0276497695595026, 4.034426689147949, 12.845027923583984, 21.266061782836914, 23.09111976623535, 23.475006103515625, 20.436782836914062, 16.624492645263672], [1.6850999593734741, 7.78994607925415, 23.530866622924805, 33.284507751464844, 39.496551513671875, 34.73064041137695, 30.736581802368164, 24.836271286010742], [2.8617513179779053, 12.90373706817627, 38.359256744384766, 51.42903518676758, 58.97160339355469, 52.87333297729492, 40.70314407348633, 28.699953079223633], [4.150537490844727, 18.723833084106445, 50.16688537597656, 71.98653411865234, 75.12054443359375, 68.26512908935547, 49.633235931396484, 31.43207359313965], [5.202764987945557, 23.404504776000977, 59.37407302856445, 83.18505859375, 88.47998809814453, 79.06220245361328, 57.7811279296875, 34.81753158569336], [5.262763500213623, 25.113128662109375, 59.94033432006836, 84.9267349243164, 98.6343994140625, 86.71105194091797, 60.14552307128906, 35.28618240356445], [4.5715789794921875, 20.610916137695312, 57.78132247924805, 82.18087005615234, 91.3922119140625, 81.96837615966797, 54.30711364746094, 30.119821548461914], [2.3550496101379395, 14.823138236999512, 42.784053802490234, 67.3435287475586, 72.97118377685547, 65.38446807861328, 43.842254638671875, 26.315214157104492], [2.064335346221924, 7.080328464508057, 23.27329444885254, 40.79693603515625, 48.92300796508789, 39.28005599975586, 30.760976791381836, 21.25071907043457], [1.9754223823547363, 3.9947290420532227, 9.38935375213623, 17.403852462768555, 20.70750617980957, 19.629703521728516, 15.176526069641113, 8.331331253051758], [1.3947772979736328, 3.8187406063079834, 6.960618495941162, 10.152888298034668, 13.931649208068848, 12.490315437316895, 9.523776054382324, 6.671943187713623]]","[[0.0, 0.0293551217764616, 0.09944699704647064, 0.13925747573375702, 0.13726378977298737, 0.1807490885257721, 0.16439040005207062, 0.16835187375545502], [0.0002803258248604834, 0.04090283811092377, 0.1302286833524704, 0.21560491621494293, 0.23410817980766296, 0.23800019919872284, 0.20719732344150543, 0.16854660212993622], [0.017084302380681038, 0.07897798717021942, 0.2385665327310562, 0.33745333552360535, 0.40043383836746216, 0.35211488604545593, 0.3116213083267212, 0.2518013119697571], [0.029013724997639656, 0.13082389533519745, 0.3889034390449524, 0.5214107632637024, 0.5978807210922241, 0.5360536575317383, 0.41266682744026184, 0.29097306728363037], [0.04208001866936684, 0.18983066082000732, 0.5086144804954529, 0.7298319339752197, 0.7616059184074402, 0.6921026706695557, 0.5032041072845459, 0.3186725378036499], [0.052747976034879684, 0.23728542029857635, 0.6019611358642578, 0.8433676362037659, 0.8970500230789185, 0.8015682697296143, 0.5858111381530762, 0.3529958426952362], [0.053356267511844635, 0.2546082139015198, 0.6077021360397339, 0.8610255122184753, 1.0, 0.8791157007217407, 0.6097823977470398, 0.35774722695350647], [0.046348728239536285, 0.20896275341510773, 0.5858131051063538, 0.833186686038971, 0.9265754222869873, 0.8310323357582092, 0.5505899786949158, 0.3053683340549469], [0.023876555263996124, 0.15028364956378937, 0.4337640106678009, 0.6827590465545654, 0.7398147583007812, 0.6628972291946411, 0.44449254870414734, 0.2667955160140991], [0.020929161459207535, 0.07178356498479843, 0.235955148935318, 0.41361773014068604, 0.49600350856781006, 0.3982389271259308, 0.3118686378002167, 0.21544936299324036], [0.020027723163366318, 0.04050036519765854, 0.09519349783658981, 0.17644810676574707, 0.209942027926445, 0.1990147829055786, 0.1538664549589157, 0.08446679264307022], [0.014140880666673183, 0.038716115057468414, 0.07056988775730133, 0.10293455421924591, 0.14124533534049988, 0.1266324520111084, 0.09655633568763733, 0.0676431655883789]]"
1.25,2.0,477,0.004301075357943773,112.12516021728516,"[2, 4, 6, 8]","[[0.004301075357943773, 0.05780791863799095, 0.12543988227844238, 0.6270039081573486, 1.318044900894165, 1.7794545888900757, 1.3386236429214478, 0.8909141421318054], [0.010496090166270733, 0.11780303716659546, 0.9878910183906555, 4.029689311981201, 8.902015686035156, 10.625929832458496, 6.400388717651367, 2.52937650680542], [0.0781647115945816, 1.3994746208190918, 6.354164123535156, 15.971665382385254, 25.320348739624023, 31.293874740600586, 20.62508201599121, 10.839497566223145], [0.6349828839302063, 5.127431392669678, 17.435928344726562, 35.67719650268555, 48.48945236206055, 46.529170989990234, 29.183149337768555, 16.056203842163086], [2.3246333599090576, 13.819538116455078, 40.27684783935547, 65.55864715576172, 77.600341796875, 66.2327880859375, 36.45245361328125, 17.084104537963867], [3.674144744873047, 24.364669799804688, 62.67036819458008, 91.95374298095703, 101.31694793701172, 89.82025146484375, 48.86775588989258, 18.793794631958008], [5.291055679321289, 28.732202529907227, 72.1718978881836, 101.1842269897461, 112.12516021728516, 97.6746597290039, 56.01613235473633, 18.43834686279297], [3.6917030811309814, 27.814123153686523, 67.69856262207031, 95.7489013671875, 104.47319793701172, 90.08773040771484, 47.79314041137695, 12.227774620056152], [2.0363025665283203, 19.15087890625, 52.01712417602539, 75.29572296142578, 79.727294921875, 61.18251419067383, 25.267576217651367, 6.60376501083374], [2.731830358505249, 12.063228607177734, 29.900529861450195, 49.27016830444336, 48.309173583984375, 30.537019729614258, 11.478117942810059, 4.365631580352783], [2.9937074184417725, 6.838897228240967, 20.54883575439453, 30.007944107055664, 26.512643814086914, 16.00543975830078, 8.010916709899902, 3.9942617416381836], [2.9678030014038086, 6.141328811645508, 14.01581859588623, 22.56068229675293, 18.9243106842041, 13.54304027557373, 7.40235710144043, 4.278305530548096]]","[[0.0, 0.00047722470480948687, 0.0010804305784404278, 0.005553853698074818, 0.011717211455106735, 0.015832500532269478, 0.011900752782821655, 0.007907655090093613], [5.5253010941669345e-05, 0.0010123179526999593, 0.008772586472332478, 0.035902224481105804, 0.07935824990272522, 0.09473374485969543, 0.05704636871814728, 0.022521015256643295], [0.0006587858661077917, 0.012443479150533676, 0.056634094566106796, 0.14241208136081696, 0.22579249739646912, 0.27907004952430725, 0.1839156597852707, 0.09663854539394379], [0.005625017918646336, 0.04569292813539505, 0.15547175705432892, 0.3181646466255188, 0.4324364960193634, 0.4149528443813324, 0.26024460792541504, 0.14316606521606445], [0.020694920793175697, 0.12321736663579941, 0.3591887056827545, 0.5846757292747498, 0.6920749545097351, 0.5906883478164673, 0.32507914304733276, 0.15233387053012848], [0.03273114189505577, 0.21726883947849274, 0.5589153170585632, 0.8200922012329102, 0.903602123260498, 0.8010637164115906, 0.43581056594848633, 0.16758249700069427], [0.047152284532785416, 0.2562226355075836, 0.6436589360237122, 0.9024183750152588, 1.0, 0.8711167573928833, 0.49956655502319336, 0.16441227495670319], [0.032887741923332214, 0.24803432822227478, 0.6037615537643433, 0.853941023349762, 0.9317525625228882, 0.8034493327140808, 0.42622610926628113, 0.10902051627635956], [0.018123313784599304, 0.17076732218265533, 0.4638996124267578, 0.6715201735496521, 0.7110451459884644, 0.5456452369689941, 0.22532181441783905, 0.05886026844382286], [0.024326689541339874, 0.10755293816328049, 0.26664289832115173, 0.4393996596336365, 0.43082860112190247, 0.2723197042942047, 0.10233436524868011, 0.03889847546815872], [0.02666235715150833, 0.0609574019908905, 0.18323561549186707, 0.2676008939743042, 0.23642650246620178, 0.14271330833435059, 0.07141058146953583, 0.03558624908328056], [0.026431316509842873, 0.05473582446575165, 0.12496798485517502, 0.20117917656898499, 0.16874656081199646, 0.12075129896402359, 0.0659828707575798, 0.03811962157487869]]"
1.5,2.0,282,0.0,119.26171875,"[1, 3, 6, 9]","[[0.0, 0.3333333432674408, 0.9748427867889404, 2.1163523197174072, 4.119496822357178, 4.625786304473877, 4.078616619110107, 3.1289308071136475], [0.0, 0.6687295436859131, 3.2743899822235107, 7.186817646026611, 9.78598690032959, 9.922440528869629, 7.408729553222656, 5.461358547210693], [0.08799999952316284, 3.685349464416504, 11.743183135986328, 27.138818740844727, 30.81853675842285, 26.82939910888672, 18.338136672973633, 8.746326446533203], [2.4713141918182373, 23.249160766601562, 46.05170822143555, 71.36946868896484, 73.56912994384766, 54.99225997924805, 35.19797134399414, 15.245128631591797], [15.374585151672363, 39.90731430053711, 76.1511001586914, 98.06766510009766, 97.96279907226562, 85.24658966064453, 55.233428955078125, 19.20038604736328], [24.44512939453125, 56.24837112426758, 89.5270004272461, 105.84046173095703, 108.42431640625, 102.46544647216797, 67.8721694946289, 22.544004440307617], [30.429201126098633, 63.36421585083008, 93.20026397705078, 109.84333038330078, 119.26171875, 103.90380096435547, 73.54754638671875, 20.51963233947754], [31.861709594726562, 65.32487487792969, 92.16820526123047, 108.83365631103516, 113.21282958984375, 103.7307357788086, 64.54222106933594, 13.581013679504395], [31.482717514038086, 56.14643478393555, 81.45838165283203, 95.09012603759766, 101.5128173828125, 86.54654693603516, 51.91819763183594, 8.050679206848145], [27.2408504486084, 45.39988708496094, 65.33602905273438, 77.08101654052734, 79.62920379638672, 63.84873580932617, 34.51274871826172, 4.6217169761657715], [19.450998306274414, 39.32796096801758, 53.31706237792969, 56.63600158691406, 56.2906608581543, 45.624420166015625, 16.19623374938965, 2.8580188751220703], [12.721234321594238, 30.183740615844727, 39.52496337890625, 42.70758056640625, 37.8668327331543, 25.772600173950195, 14.639144897460938, 3.924332618713379]]","[[0.0, 0.0027949735522270203, 0.008173978887498379, 0.017745444551110268, 0.03454165160655975, 0.03878685086965561, 0.03419887647032738, 0.026235835626721382], [0.0, 0.0056072440929710865, 0.02745549939572811, 0.060260891914367676, 0.08205471932888031, 0.08319887518882751, 0.06212160736322403, 0.04579305648803711], [0.0007378729642368853, 0.030901361256837845, 0.09846565127372742, 0.22755682468414307, 0.2584109604358673, 0.22496236860752106, 0.1537638157606125, 0.07333724945783615], [0.02072177268564701, 0.19494235515594482, 0.3861398994922638, 0.5984272956848145, 0.6168712973594666, 0.46110570430755615, 0.29513218998908997, 0.1278291940689087], [0.12891466915607452, 0.3346196413040161, 0.6385208964347839, 0.8222895264625549, 0.8214102387428284, 0.7147858738899231, 0.46312791109085083, 0.16099371016025543], [0.20497046411037445, 0.47163811326026917, 0.7506767511367798, 0.8874638080596924, 0.90912926197052, 0.8591645956039429, 0.5691027045249939, 0.18902967870235443], [0.25514641404151917, 0.531303882598877, 0.7814767956733704, 0.9210275411605835, 1.0, 0.8712250590324402, 0.6166903376579285, 0.17205548286437988], [0.2671578824520111, 0.5477438569068909, 0.7728230357170105, 0.9125615358352661, 0.9492805600166321, 0.8697739243507385, 0.5411813855171204, 0.11387571692466736], [0.26398006081581116, 0.47078338265419006, 0.6830220222473145, 0.7973231077194214, 0.8511768579483032, 0.7256858944892883, 0.43532994389533997, 0.06750430166721344], [0.22841235995292664, 0.38067442178726196, 0.5478373765945435, 0.6463181972503662, 0.6676844954490662, 0.5353665351867676, 0.28938665986061096, 0.0387527272105217], [0.16309507191181183, 0.329761803150177, 0.44705930352211, 0.4748883545398712, 0.47199270129203796, 0.38255712389945984, 0.13580413162708282, 0.023964259773492813], [0.10666653513908386, 0.2530882656574249, 0.3314136564731598, 0.35809966921806335, 0.31751036643981934, 0.21610119938850403, 0.12274806201457977, 0.0329052172601223]]"
1.75,2.0,211,0.04313725605607033,138.87347412109375,"[1, 3, 6, 9]","[[0.7559815049171448, 3.5360281467437744, 20.42017936706543, 18.178247451782227, 32.24336242675781, 28.732444763183594, 17.166391372680664, 11.4417142868042], [3.7294118404388428, 7.7113938331604, 24.98051643371582, 35.8719367980957, 35.899505615234375, 36.36794662475586, 18.374494552612305, 6.430583953857422], [4.741176605224609, 19.549657821655273, 47.3049430847168, 60.844573974609375, 62.670989990234375, 46.28798294067383, 33.872406005859375, 11.059809684753418], [5.788235187530518, 34.30617141723633, 72.03582763671875, 92.44603729248047, 97.32466888427734, 86.72661590576172, 50.12128829956055, 25.65777587890625], [7.219607830047607, 53.85731887817383, 100.3885726928711, 115.33675384521484, 121.9505844116211, 110.50607299804688, 82.754150390625, 36.33430099487305], [8.81176471710205, 59.141300201416016, 107.93767547607422, 128.4967041015625, 132.61985778808594, 124.76293182373047, 98.12288665771484, 51.64265823364258], [7.372549057006836, 57.2192268371582, 109.75418853759766, 133.18060302734375, 138.87347412109375, 124.3875503540039, 97.86531829833984, 53.8184928894043], [5.082353115081787, 41.06776428222656, 96.74446868896484, 125.1329116821289, 131.28656005859375, 123.73987579345703, 92.97005462646484, 36.655029296875], [4.313725471496582, 14.947054862976074, 69.20305633544922, 98.3049087524414, 114.15880584716797, 99.1968002319336, 65.79705047607422, 21.380523681640625], [3.372549057006836, 4.129896640777588, 27.660240173339844, 59.485748291015625, 67.29584503173828, 64.10475158691406, 25.931921005249023, 5.271390914916992], [2.5647058486938477, 3.313725471496582, 6.492135524749756, 12.823440551757812, 14.733616828918457, 12.036407470703125, 2.902597665786743, 0.6554307341575623], [0.10196078568696976, 0.04313725605607033, 2.180612564086914, 4.940867900848389, 4.359858989715576, 2.841771364212036, 1.722846508026123, 0.9063670635223389]]","[[0.0051346430554986, 0.02515942044556141, 0.14677658677101135, 0.13062787055969238, 0.2319394052028656, 0.20665013790130615, 0.12333942949771881, 0.08210436254739761], [0.026552369818091393, 0.05523473396897316, 0.17962485551834106, 0.25807616114616394, 0.25827473402023315, 0.26164892315864563, 0.13204143941402435, 0.046009015291929245], [0.03384014964103699, 0.14050619304180145, 0.34042853116989136, 0.43795499205589294, 0.45111072063446045, 0.33310332894325256, 0.24367345869541168, 0.07935348898172379], [0.04138215258717537, 0.24679788947105408, 0.5185660123825073, 0.665581464767456, 0.7007224559783936, 0.6243842840194702, 0.36071476340293884, 0.18450318276882172], [0.051692381501197815, 0.387625515460968, 0.722791850566864, 0.8304641246795654, 0.8781037926673889, 0.7956685423851013, 0.5957704782485962, 0.2614065706729889], [0.063160739839077, 0.425686240196228, 0.777168333530426, 0.9252557754516602, 0.954954981803894, 0.8983612656593323, 0.7064720392227173, 0.37167325615882874], [0.05279402434825897, 0.411841481924057, 0.7902527451515198, 0.9589940309524536, 1.0, 0.8956573605537415, 0.7046167254447937, 0.3873458504676819], [0.03629765659570694, 0.2955018877983093, 0.6965432167053223, 0.9010262489318848, 0.9453511834144592, 0.8909921646118164, 0.6693559885025024, 0.26371681690216064], [0.030761204659938812, 0.10735346376895905, 0.4981614351272583, 0.7077831625938416, 0.8219793438911438, 0.7142074704170227, 0.47362783551216125, 0.15369397401809692], [0.02398187480866909, 0.029437078163027763, 0.19892700016498566, 0.42816731333732605, 0.4844237267971039, 0.4614381492137909, 0.18647785484790802, 0.03765930235385895], [0.01816295087337494, 0.02355816587805748, 0.04645237326622009, 0.0920569896697998, 0.1058160588145256, 0.08638796210289001, 0.02059679664671421, 0.004410372581332922], [0.00042370802839286625, 0.0, 0.015396312810480595, 0.03527853265404701, 0.031093506142497063, 0.020158663392066956, 0.01209900714457035, 0.006217875983566046]]"
0.25,2.5,491,-8.288288518087938e-05,39.21624755859375,"[3, 5, 5, 7]","[[0.0, 0.0, 0.0, 0.0, -1.8018017726717517e-05, 5.0450453272787854e-05, 1.8018017726717517e-05, -1.8018018863585894e-06], [0.0, -9.009008863358758e-06, -7.207207545434358e-06, -7.207207545434358e-06, -1.8018017726717517e-05, 2.3423424863722175e-05, -1.6216215954045765e-05, -7.207207545434358e-06], [0.0, -1.081081063603051e-05, 5.405405318015255e-06, -1.2612613318196964e-05, 2.3423424863722175e-05, -2.162162127206102e-05, 1.8018021137322648e-06, -1.4414415090868715e-05], [0.0, 1.4414415090868715e-05, 7.207207545434358e-06, -2.7027026590076275e-05, 2.5225226636393927e-05, -1.8018017726717517e-05, -4.86486496811267e-05, 0.0], [0.00358378398232162, 1.981981949938927e-05, 5.2252249588491395e-05, 2.8828826543758623e-05, -8.288288518087938e-05, 5.0450453272787854e-05, 9.00900977285346e-06, 5.405404863267904e-06], [16.30335807800293, 16.56781578063965, 16.905080795288086, 16.76165199279785, 19.697420120239258, 15.975794792175293, 0.2584950625896454, 1.4414415090868715e-05], [9.568109512329102, 25.717628479003906, 17.732545852661133, 17.26484489440918, 39.21624755859375, 19.98863410949707, 18.455076217651367, -2.7027026590076275e-05], [12.300061225891113, 27.351837158203125, 25.508140563964844, 24.4545955657959, 26.4044246673584, 21.11473846435547, 20.51970100402832, 2.8828826543758623e-05], [18.346269607543945, 17.666975021362305, 27.30841636657715, 30.955286026000977, 26.480947494506836, 28.0814208984375, 17.6203556060791, -7.027027459116653e-05], [10.3759765625, 14.49236011505127, 11.075485229492188, 19.435815811157227, 25.50234031677246, 29.261281967163086, 18.203824996948242, 8.648648508824408e-05], [6.468394756317139, 8.95343017578125, 14.138272285461426, 19.49542999267578, 20.523454666137695, 27.2246036529541, 10.884089469909668, 5.405406682257308e-06], [8.162628173828125, 3.9799842834472656, 13.765389442443848, 11.34705638885498, 13.862948417663574, 27.297975540161133, 8.95474910736084, 4.324324254412204e-05]]","[[2.113478785759071e-06, 2.113478785759071e-06, 2.113478785759071e-06, 2.113478785759071e-06, 1.6540269598408486e-06, 3.3999440347542986e-06, 2.5729304979904555e-06, 2.0675336145359324e-06], [2.113478785759071e-06, 1.8837528159565409e-06, 1.929698100866517e-06, 1.929698100866517e-06, 1.6540269598408486e-06, 2.7107662390335463e-06, 1.6999720173771493e-06, 1.929698100866517e-06], [2.113478785759071e-06, 1.8378075310465647e-06, 2.2513142994284863e-06, 1.791862473510264e-06, 2.7107662390335463e-06, 1.562136503707734e-06, 2.1594239569822093e-06, 1.7459173022871255e-06], [2.113478785759071e-06, 2.481040382917854e-06, 2.2972594706516247e-06, 1.4243009900383186e-06, 2.75671163763036e-06, 1.6540269598408486e-06, 8.729586511435627e-07, 2.113478785759071e-06], [9.349846368422732e-05, 2.6188758965872694e-06, 3.4458894333511125e-06, 2.8486017527029617e-06, 0.0, 3.3999440347542986e-06, 2.3432048692484386e-06, 2.2513142994284863e-06], [0.41573089361190796, 0.4224744439125061, 0.4310745596885681, 0.42741718888282776, 0.5022780299186707, 0.4073781669139862, 0.006593629252165556, 2.481040382917854e-06], [0.2439848929643631, 0.6557908058166504, 0.452174574136734, 0.44024839997291565, 1.0, 0.5097038745880127, 0.4705987870693207, 1.4243009900383186e-06], [0.313648521900177, 0.6974624395370483, 0.6504489779472351, 0.6235840320587158, 0.6733038425445557, 0.5384190678596497, 0.5232458710670471, 2.8486017527029617e-06], [0.4678242802619934, 0.45050254464149475, 0.6963552236557007, 0.7893489003181458, 0.6752551198005676, 0.7160665392875671, 0.449313759803772, 3.216162838270975e-07], [0.2645851671695709, 0.3695512115955353, 0.28242233395576477, 0.4956072270870209, 0.6503010988235474, 0.7461525201797485, 0.4641920030117035, 4.318847913964419e-06], [0.16494347155094147, 0.22831082344055176, 0.3605221211910248, 0.49712738394737244, 0.5233415961265564, 0.6942180395126343, 0.2775418162345886, 2.2513142994284863e-06], [0.20814570784568787, 0.10149004310369492, 0.35101377964019775, 0.2893472909927368, 0.35350149869918823, 0.6960890293121338, 0.22834445536136627, 3.2161635772354202e-06]]"
0.5,2.5,274,0.0,50.572784423828125,"[3, 5, 6, 7]","[[0.17724715173244476, 4.420512676239014, 9.245139122009277, 16.054533004760742, 19.057540893554688, 20.40763282775879, 23.86464500427246, 16.110557556152344], [0.12977923452854156, 5.175102710723877, 10.438187599182129, 19.118682861328125, 18.466115951538086, 19.422733306884766, 19.510339736938477, 18.09596061706543], [0.3285609185695648, 4.051537036895752, 11.344914436340332, 16.37212371826172, 17.44293785095215, 19.59517478942871, 19.22112464904785, 13.325762748718262], [0.3309589922428131, 2.9742469787597656, 9.131396293640137, 16.65409278869629, 19.428258895874023, 21.24137306213379, 22.23763084411621, 15.240234375], [0.1774580329656601, 3.676943778991699, 8.31964111328125, 18.037338256835938, 25.62066650390625, 25.199438095092773, 23.539060592651367, 15.745147705078125], [0.0983213409781456, 3.533363103866577, 9.966769218444824, 25.379676818847656, 33.45669174194336, 36.15574645996094, 27.667190551757812, 19.534223556518555], [0.047961633652448654, 3.6297476291656494, 15.79520034790039, 32.206783294677734, 50.572784423828125, 41.72867965698242, 34.45783996582031, 20.756990432739258], [0.06717002391815186, 1.3488755226135254, 6.587547779083252, 19.468305587768555, 23.71709632873535, 26.20983123779297, 18.073036193847656, 10.145100593566895], [0.03117506019771099, 0.4823468029499054, 1.1903982162475586, 1.1695040464401245, 1.2930883169174194, 1.165016531944275, 0.7920792102813721, 0.0], [0.0, 0.026402639225125313, 0.019801979884505272, 0.02310231141746044, 0.0, 0.0, 0.0, 0.0], [0.0, 0.0, 0.0, 0.0, 0.0, 0.0, 0.0, 0.0], [0.0, 0.0, 0.0, 0.0, 0.0, 0.0, 0.0, 0.0]]","[[0.003504793159663677, 0.08740892261266708, 0.18280857801437378, 0.3174540102481842, 0.3768339157104492, 0.40352994203567505, 0.47188711166381836, 0.3185617923736572], [0.0025661871768534184, 0.1023297980427742, 0.20639930665493011, 0.37804290652275085, 0.3651393949985504, 0.3840550482273102, 0.38578733801841736, 0.3578201234340668], [0.006496793124824762, 0.0801129937171936, 0.22432845830917358, 0.3237338662147522, 0.34490761160850525, 0.38746482133865356, 0.3800685405731201, 0.2634967267513275], [0.006544211413711309, 0.05881121754646301, 0.18055948615074158, 0.3293094038963318, 0.38416430354118347, 0.4200159013271332, 0.4397153854370117, 0.30135250091552734], [0.003508963156491518, 0.07270597666501999, 0.16450826823711395, 0.35666096210479736, 0.5066097378730774, 0.4982806146144867, 0.46544918417930603, 0.31133636832237244], [0.0019441551994532347, 0.06986688822507858, 0.19707772135734558, 0.501844584941864, 0.661555290222168, 0.7149249911308289, 0.5470766425132751, 0.38625961542129517], [0.0009483684552833438, 0.0717727467417717, 0.3123261034488678, 0.6368402242660522, 1.0, 0.825121283531189, 0.6813514232635498, 0.4104379713535309], [0.0013281852006912231, 0.026671964675188065, 0.13025875389575958, 0.3849561810493469, 0.46896955370903015, 0.518259584903717, 0.3573668301105499, 0.20060396194458008], [0.0006164394435472786, 0.00953767541795969, 0.023538317531347275, 0.023125166073441505, 0.025568857789039612, 0.023036431521177292, 0.015662163496017456, 0.0], [0.0, 0.0005220720777288079, 0.0003915540874004364, 0.0004568131116684526, 0.0, 0.0, 0.0, 0.0], [0.0, 0.0, 0.0, 0.0, 0.0, 0.0, 0.0, 0.0], [0.0, 0.0, 0.0, 0.0, 0.0, 0.0, 0.0, 0.0]]"
0.75,2.5,218,0.0,87.0629653930664,"[2, 4, 6, 8]","[[1.7045453786849976, 3.101442337036133, 6.114551544189453, 5.924406051635742, 5.6096062660217285, 5.382656097412109, 2.134415626525879, 2.392080783843994], [2.8927509784698486, 5.227112770080566, 6.958015441894531, 9.053497314453125, 10.372509956359863, 9.775858879089355, 6.277220249176025, 2.3904740810394287], [2.7003862857818604, 5.243436813354492, 11.14887523651123, 20.917203903198242, 24.8907527923584, 22.05853271484375, 12.584391593933105, 5.76587438583374], [2.958481788635254, 8.026989936828613, 19.065095901489258, 34.96928405761719, 46.305240631103516, 42.185298919677734, 24.348464965820312, 9.047869682312012], [2.991978645324707, 8.770249366760254, 27.9193115234375, 49.80405807495117, 62.096923828125, 58.497894287109375, 38.60797119140625, 15.142983436584473], [2.5880868434906006, 10.285237312316895, 32.8839111328125, 63.92886734008789, 76.85967254638672, 69.2672348022461, 47.01095962524414, 18.521827697753906], [2.440359354019165, 11.955802917480469, 37.6731071472168, 71.13018035888672, 87.0629653930664, 75.24315643310547, 43.83579635620117, 11.727081298828125], [2.510917901992798, 10.0481538772583, 30.140371322631836, 58.42641067504883, 72.02124786376953, 57.575164794921875, 29.9338321685791, 8.677352905273438], [2.6845662593841553, 8.41991901397705, 19.89183235168457, 31.508291244506836, 36.27978515625, 30.362274169921875, 18.074182510375977, 8.341829299926758], [1.8538323640823364, 2.7263710498809814, 5.345296859741211, 9.045856475830078, 9.939568519592285, 8.750885963439941, 7.431707382202148, 5.615993499755859], [0.3333333432674408, 0.18308080732822418, 0.5151271224021912, 1.2220323085784912, 1.1467269659042358, 0.7919402718544006, 0.8988131880760193, 0.773029088973999], [0.0, 0.10457516461610794, 0.15240640938282013, 0.11319073289632797, 0.19986630976200104, 0.12076649069786072, 0.4155525863170624, 0.030971480533480644]]","[[0.01957830600440502, 0.0356229804456234, 0.0702313706278801, 0.06804737448692322, 0.06443160027265549, 0.06182486563920975, 0.024515770375728607, 0.027475295588374138], [0.03322596475481987, 0.06003830209374428, 0.07991934567689896, 0.1039879247546196, 0.11913802474737167, 0.11228492856025696, 0.07209977507591248, 0.027456842362880707], [0.031016474589705467, 0.060225799679756165, 0.12805531919002533, 0.240253746509552, 0.2858937084674835, 0.2533629834651947, 0.1445435732603073, 0.06622648984193802], [0.03398094326257706, 0.09219752252101898, 0.2189805507659912, 0.4016551077365875, 0.5318592190742493, 0.484537810087204, 0.2796650230884552, 0.10392329096794128], [0.034365687519311905, 0.10073456168174744, 0.32067954540252686, 0.5720463991165161, 0.7132415175437927, 0.6719033122062683, 0.44344884157180786, 0.17393140494823456], [0.029726609587669373, 0.11813561618328094, 0.37770262360572815, 0.7342831492424011, 0.882805585861206, 0.7955992817878723, 0.5399650931358337, 0.21274060010910034], [0.028029821813106537, 0.13732363283634186, 0.43271103501319885, 0.8169969916343689, 1.0, 0.8642383813858032, 0.5034953355789185, 0.13469655811786652], [0.02884025312960148, 0.11541249603033066, 0.34619051218032837, 0.6710822582244873, 0.8272317051887512, 0.6613048911094666, 0.34381818771362305, 0.09966755658388138], [0.03083476796746254, 0.0967106819152832, 0.2284763902425766, 0.3619023561477661, 0.41670742630958557, 0.34873926639556885, 0.2075989693403244, 0.09581375122070312], [0.02129300683736801, 0.03131493553519249, 0.061395760625600815, 0.10390016436576843, 0.1141652911901474, 0.10051215440034866, 0.08536014705896378, 0.0645049661397934], [0.0038286468479782343, 0.0021028551273047924, 0.005916719324886799, 0.014036189764738083, 0.013171236962080002, 0.009096178226172924, 0.010323714464902878, 0.008878965862095356], [0.0, 0.0012011440703645349, 0.0017505309078842402, 0.0013001019833609462, 0.0022956524044275284, 0.0013871166156604886, 0.004773011896759272, 0.0003557365562301129]]"
1.0,2.5,277,0.0,76.93982696533203,"[2, 4, 6, 8]","[[0.0, 0.0, 0.0, 0.0, 0.0, 0.0, 0.0, 0.0], [2.287343978881836, 1.027985692024231, 2.191016435623169, 2.271125555038452, 4.7093281745910645, 4.320994853973389, 2.215445041656494, 3.151416063308716], [5.2702317237854, 3.0388591289520264, 7.241129398345947, 9.708297729492188, 12.15086841583252, 19.0866756439209, 15.213920593261719, 9.776698112487793], [4.7541890144348145, 8.478718757629395, 14.297969818115234, 16.497777938842773, 22.5521240234375, 28.87549591064453, 25.058303833007812, 20.324819564819336], [5.420320510864258, 10.731303215026855, 23.526033401489258, 32.2063102722168, 40.02981948852539, 43.9934196472168, 29.44370460510254, 25.82108497619629], [7.593761444091797, 17.19135093688965, 36.09987258911133, 56.60487365722656, 65.44416809082031, 59.11458969116211, 38.81204605102539, 27.982711791992188], [10.281461715698242, 23.166275024414062, 45.8189811706543, 68.23268127441406, 76.93982696533203, 64.70316314697266, 40.59133529663086, 28.525970458984375], [9.413189888000488, 22.092966079711914, 45.32362747192383, 62.39630126953125, 65.42565155029297, 56.44587326049805, 31.733922958374023, 22.801984786987305], [7.942602634429932, 21.3099308013916, 39.37104034423828, 48.47470474243164, 53.24560546875, 47.47246170043945, 27.247703552246094, 20.879989624023438], [8.15062427520752, 18.208627700805664, 31.516143798828125, 43.02714157104492, 41.69028854370117, 31.83034324645996, 24.271331787109375, 18.94219207763672], [8.8386812210083, 17.331785202026367, 27.875173568725586, 36.62870788574219, 36.16038513183594, 31.256500244140625, 22.036041259765625, 16.1064395904541], [8.195186614990234, 17.042156219482422, 27.484914779663086, 36.0492057800293, 36.83524703979492, 30.82622528076172, 26.75258445739746, 20.9547061920166]]","[[0.0, 0.0, 0.0, 0.0, 0.0, 0.0, 0.0, 0.0], [0.029728997498750687, 0.013360904529690742, 0.028477013111114502, 0.02951820380985737, 0.06120793893933296, 0.05616070330142975, 0.028794515877962112, 0.04095948860049248], [0.06849809736013412, 0.039496567100286484, 0.09411419183015823, 0.12618039548397064, 0.15792690217494965, 0.2480727583169937, 0.197737917304039, 0.1270693987607956], [0.06179100275039673, 0.11019934713840485, 0.185833141207695, 0.21442441642284393, 0.2931137979030609, 0.37529972195625305, 0.3256870210170746, 0.26416513323783875], [0.07044882327318192, 0.13947656750679016, 0.3057718575000763, 0.41859087347984314, 0.5202743411064148, 0.5717899203300476, 0.3826848268508911, 0.3356010317802429], [0.09869740903377533, 0.22343890368938446, 0.4691961705684662, 0.73570317029953, 0.8505889773368835, 0.7683223485946655, 0.5044467449188232, 0.36369606852531433], [0.1336299031972885, 0.30109602212905884, 0.595517098903656, 0.8868317604064941, 1.0, 0.8409579992294312, 0.5275724530220032, 0.3707568943500519], [0.12234482914209366, 0.28714603185653687, 0.5890789031982422, 0.8109753131866455, 0.8503482937812805, 0.7336366176605225, 0.4124511778354645, 0.2963612675666809], [0.10323135554790497, 0.276968777179718, 0.5117120742797852, 0.6300339698791504, 0.6920421719551086, 0.6170076727867126, 0.35414302349090576, 0.27138078212738037], [0.10593504458665848, 0.23666062951087952, 0.4096206724643707, 0.5592310428619385, 0.5418557524681091, 0.41370436549186707, 0.31545862555503845, 0.24619488418102264], [0.1148778423666954, 0.22526416182518005, 0.3622983694076538, 0.47606953978538513, 0.46998265385627747, 0.40624603629112244, 0.28640615940093994, 0.20933812856674194], [0.10651423037052155, 0.22149980068206787, 0.35722610354423523, 0.46853765845298767, 0.4787539541721344, 0.4006536900997162, 0.3477078974246979, 0.27235186100006104]]"
1.25,2.5,374,0.0,86.11734771728516,"[2, 4, 6, 8]","[[0.0, 0.0, 0.11347517371177673, 0.39716312289237976, 1.2517729997634888, 3.585106611251831, 2.9290781021118164, 2.8617022037506104], [0.0, 0.003546099178493023, 2.4893617630004883, 6.081560134887695, 4.853647708892822, 9.46423625946045, 10.076070785522461, 8.544835090637207], [0.0, 1.5168951749801636, 8.176365852355957, 18.12967872619629, 28.56113624572754, 25.95027732849121, 26.7706356048584, 15.10916805267334], [0.0, 11.533961296081543, 27.67521095275879, 31.57660675048828, 47.59611511230469, 46.687774658203125, 35.66751480102539, 35.51278305053711], [0.0, 16.858373641967773, 36.85337448120117, 52.471954345703125, 57.64548873901367, 56.66890335083008, 41.49436569213867, 28.432388305664062], [0.007092198356986046, 22.245025634765625, 48.39345169067383, 71.6756362915039, 74.18109893798828, 66.03021240234375, 58.022003173828125, 36.88582992553711], [0.10283687710762024, 25.10234260559082, 52.64371871948242, 76.53414916992188, 86.11734771728516, 77.15048217773438, 56.82038879394531, 38.492557525634766], [0.1560283750295639, 23.185806274414062, 50.63253402709961, 61.97849655151367, 70.81407928466797, 68.76594543457031, 53.837581634521484, 33.92306137084961], [0.10638297349214554, 17.932571411132812, 35.446258544921875, 51.180694580078125, 52.98716735839844, 50.857574462890625, 40.239990234375, 29.219141006469727], [0.12765957415103912, 7.3961639404296875, 19.617523193359375, 36.25704574584961, 41.09983825683594, 39.29715347290039, 27.504005432128906, 23.40007781982422], [0.09574467688798904, 3.766183853149414, 16.708162307739258, 28.991308212280273, 34.20967483520508, 28.864744186401367, 27.4288330078125, 16.89867401123047], [0.1773049682378769, 1.9126530885696411, 15.234087944030762, 17.902877807617188, 22.13005828857422, 15.631684303283691, 13.954590797424316, 13.278531074523926]]","[[0.0, 0.0, 0.0013176808133721352, 0.004611882846802473, 0.014535665512084961, 0.04163048043847084, 0.03401263803243637, 0.033230263739824295], [0.0, 4.1177525417879224e-05, 0.028906622901558876, 0.07061945647001266, 0.05636085942387581, 0.10989929735660553, 0.11700396239757538, 0.09922315925359726], [0.0, 0.017614280804991722, 0.09494446963071823, 0.21052296459674835, 0.3316536843776703, 0.30133622884750366, 0.310862272977829, 0.17544859647750854], [0.0, 0.13393308222293854, 0.3213662803173065, 0.36666953563690186, 0.5526890754699707, 0.542141318321228, 0.4141733944416046, 0.41237664222717285], [0.0, 0.19576048851013184, 0.4279436767101288, 0.609307587146759, 0.6693829894065857, 0.658042848110199, 0.48183515667915344, 0.33015865087509155], [8.235505083575845e-05, 0.25831061601638794, 0.561947762966156, 0.8323019742965698, 0.861395537853241, 0.7667469382286072, 0.6737551093101501, 0.4283205568790436], [0.001194148208014667, 0.29148995876312256, 0.6113021373748779, 0.8887193202972412, 1.0, 0.8958762288093567, 0.6598019003868103, 0.44697797298431396], [0.0018118112348020077, 0.2692350149154663, 0.5879481434822083, 0.7196981310844421, 0.8222975134849548, 0.7985144257545471, 0.6251653432846069, 0.39391669631004333], [0.0012353257043287158, 0.20823413133621216, 0.4116041660308838, 0.594313383102417, 0.6152902841567993, 0.5905613303184509, 0.46726927161216736, 0.3392944931983948], [0.001482390915043652, 0.0858847126364708, 0.2277999073266983, 0.4210190773010254, 0.47725388407707214, 0.45632100105285645, 0.31937822699546814, 0.2717231512069702], [0.0011117930989712477, 0.04373316094279289, 0.1940162181854248, 0.3366488814353943, 0.3972448706626892, 0.3351792097091675, 0.31850531697273254, 0.19622845947742462], [0.0020588762126863003, 0.02220984734594822, 0.17689917981624603, 0.20788933336734772, 0.25697562098503113, 0.18151609599590302, 0.162041574716568, 0.15419113636016846]]"
1.5,2.5,265,0.41322314739227295,120.22289276123047,"[2, 3, 6, 9]","[[5.429752349853516, 9.137741088867188, 14.68445110321045, 17.156740188598633, 14.595688819885254, 11.775967597961426, 3.3608815670013428, 0.41322314739227295], [10.265597343444824, 18.768999099731445, 28.016244888305664, 32.9234733581543, 29.91890525817871, 21.587976455688477, 7.741748332977295, 1.1690782308578491], [19.025482177734375, 31.62786293029785, 41.054264068603516, 49.47312545776367, 53.1129150390625, 44.7748908996582, 25.225343704223633, 7.277292251586914], [22.039901733398438, 36.27744674682617, 49.03928756713867, 67.47113037109375, 73.73749542236328, 64.83342742919922, 37.167842864990234, 12.956817626953125], [29.738359451293945, 48.004276275634766, 63.8906135559082, 87.3179931640625, 96.39139556884766, 88.78986358642578, 55.5986213684082, 18.48177146911621], [33.7039909362793, 57.63869857788086, 74.28437042236328, 101.25536346435547, 110.9526138305664, 102.00035858154297, 66.97119903564453, 27.151548385620117], [35.38040542602539, 62.910770416259766, 79.2703628540039, 105.92290496826172, 120.22289276123047, 105.3822021484375, 69.13475799560547, 29.787307739257812], [28.427888870239258, 58.41265869140625, 74.16544342041016, 99.10433197021484, 111.57172393798828, 99.44780731201172, 62.01829147338867, 27.215240478515625], [19.767866134643555, 45.29378890991211, 67.1709976196289, 88.09603118896484, 95.92984771728516, 86.60163116455078, 51.62764358520508, 20.730464935302734], [11.830753326416016, 26.95735740661621, 43.10642623901367, 59.21482467651367, 67.61685180664062, 55.58145523071289, 31.58658790588379, 13.139416694641113], [5.50439453125, 14.564440727233887, 22.822568893432617, 35.97469711303711, 41.380149841308594, 38.26354217529297, 24.54137420654297, 6.864879608154297], [3.9446518421173096, 10.775711059570312, 15.438199043273926, 24.050378799438477, 30.49651527404785, 25.315895080566406, 13.072517395019531, 4.441102027893066]]","[[0.04187082126736641, 0.07281981408596039, 0.11911582946777344, 0.13975097239017487, 0.11837496608495712, 0.09483996033668518, 0.024602843448519707, 0.0], [0.08223354816436768, 0.15320779383182526, 0.23039059340953827, 0.27134913206100464, 0.2462712973356247, 0.17673659324645996, 0.06116805970668793, 0.006308798678219318], [0.15534855425357819, 0.26053524017333984, 0.33921337127685547, 0.4094820022583008, 0.4398617446422577, 0.3702678382396698, 0.2070961445569992, 0.05729144439101219], [0.18050862848758698, 0.2993433177471161, 0.40586093068122864, 0.5597036480903625, 0.6120063066482544, 0.5376878380775452, 0.3067750632762909, 0.10469601303339005], [0.24476435780525208, 0.3972221314907074, 0.529818594455719, 0.7253568768501282, 0.8010886907577515, 0.7376419901847839, 0.4606088697910309, 0.15081043541431427], [0.2778637707233429, 0.47763654589653015, 0.6165708303451538, 0.8416861295700073, 0.922624945640564, 0.8479043245315552, 0.5555309057235718, 0.2231733500957489], [0.2918560802936554, 0.5216402411460876, 0.6581867933273315, 0.8806441426277161, 1.0, 0.8761311173439026, 0.5735892057418823, 0.2451729029417038], [0.2338264137506485, 0.4840964376926422, 0.6155781745910645, 0.8237324357032776, 0.9277923703193665, 0.8265992403030396, 0.5141910910606384, 0.2237049639225006], [0.16154491901397705, 0.3745988607406616, 0.5571985244750977, 0.7318508625030518, 0.7972363829612732, 0.7193777561187744, 0.4274648427963257, 0.16957931220531464], [0.09529723227024078, 0.2215525209903717, 0.3563418686389923, 0.49079179763793945, 0.5609198808670044, 0.46046561002731323, 0.2601907253265381, 0.10622008889913559], [0.042493827641010284, 0.11811415106058121, 0.18704120814800262, 0.2968163788318634, 0.34193339943885803, 0.3159204125404358, 0.20138734579086304, 0.05384921282529831], [0.029475323855876923, 0.08649124950170517, 0.12540704011917114, 0.19728921353816986, 0.2510923445224762, 0.20785193145275116, 0.10566170513629913, 0.0336189791560173]]"
1.75,2.5,269,0.18249112367630005,120.29956817626953,"[2, 3, 6, 9]","[[0.18249112367630005, 0.8324558734893799, 2.4663429260253906, 4.739145755767822, 6.560120105743408, 5.387735843658447, 3.213240385055542, 1.1530054807662964], [1.362233281135559, 4.557860851287842, 13.680121421813965, 26.87053871154785, 30.738143920898438, 26.903268814086914, 14.521557807922363, 1.7518796920776367], [5.382775783538818, 16.190814971923828, 25.89162254333496, 47.520904541015625, 54.730712890625, 44.6341667175293, 31.43172264099121, 5.726219654083252], [11.344634056091309, 29.10097312927246, 52.1635856628418, 68.13202667236328, 76.81473541259766, 67.30084991455078, 45.72737503051758, 13.520440101623535], [18.610010147094727, 45.73828125, 71.77658081054688, 90.76513671875, 98.62481689453125, 92.39907836914062, 67.11161041259766, 23.315574645996094], [21.394819259643555, 56.65704345703125, 86.52191162109375, 106.14654541015625, 113.51432037353516, 106.05855560302734, 83.05805969238281, 35.78742599487305], [20.826181411743164, 61.2222785949707, 91.32039642333984, 110.7236557006836, 120.29956817626953, 111.95140838623047, 87.36324310302734, 40.732540130615234], [13.630248069763184, 51.215641021728516, 86.51080322265625, 105.7321548461914, 112.7686767578125, 104.922119140625, 77.34806060791016, 32.08506774902344], [5.641634464263916, 32.039371490478516, 65.79814910888672, 86.5063247680664, 91.779541015625, 78.60071563720703, 50.79864501953125, 18.78705406188965], [1.561444878578186, 15.351019859313965, 35.48631286621094, 49.804656982421875, 52.00636291503906, 39.8138542175293, 22.604631423950195, 7.744174480438232], [1.2959390878677368, 6.147494792938232, 14.639473915100098, 23.392972946166992, 22.7475643157959, 16.15348243713379, 9.549320220947266, 0.9465171694755554], [0.5637116432189941, 2.89013409614563, 6.63722562789917, 6.182140350341797, 8.569441795349121, 3.9601986408233643, 3.7837982177734375, 1.9057847261428833]]","[[0.0, 0.0054110935889184475, 0.019013548269867897, 0.037935107946395874, 0.053095102310180664, 0.043334756046533585, 0.025231625884771347, 0.00807973649352789], [0.009821601212024689, 0.0364258736371994, 0.11237061768770218, 0.22218361496925354, 0.25438225269317627, 0.22245609760284424, 0.11937575042247772, 0.013065490871667862], [0.04329346492886543, 0.1332726627588272, 0.21403393149375916, 0.3941022753715515, 0.45412543416023254, 0.37006956338882446, 0.26015642285346985, 0.04615270718932152], [0.09292718768119812, 0.2407524585723877, 0.4327535629272461, 0.5656942129135132, 0.6379796266555786, 0.5587745308876038, 0.3791707456111908, 0.11104123294353485], [0.15341298282146454, 0.3792615532875061, 0.596035897731781, 0.7541196346282959, 0.8195531368255615, 0.7677225470542908, 0.5571990609169006, 0.19258779287338257], [0.17659710347652435, 0.4701625406742096, 0.7187938690185547, 0.8821731209754944, 0.9435113668441772, 0.8814405798912048, 0.6899566054344177, 0.29641857743263245], [0.17186306416988373, 0.5081691145896912, 0.7587422728538513, 0.9202784895896912, 1.0, 0.930499792098999, 0.7257981300354004, 0.3375876843929291], [0.11195540428161621, 0.42486172914505005, 0.7187014222145081, 0.8787232041358948, 0.9373037219047546, 0.8719794750213623, 0.6424196362495422, 0.2655956745147705], [0.04544851556420326, 0.2652152478694916, 0.5462642312049866, 0.7186641097068787, 0.7625647783279419, 0.6528482437133789, 0.4213901460170746, 0.1548869013786316], [0.011480079963803291, 0.12628120183944702, 0.29391175508499146, 0.413114994764328, 0.4314446449279785, 0.32993945479393005, 0.18666903674602509, 0.06295260787010193], [0.00926968827843666, 0.049659911543130875, 0.12035742402076721, 0.19323214888572693, 0.18785898387432098, 0.13296186923980713, 0.07798082381486893, 0.006360678002238274], [0.0031737410463392735, 0.022541698068380356, 0.05373702198266983, 0.04994834214448929, 0.06982313096523285, 0.03145021200180054, 0.029981641098856926, 0.014346782118082047]]"
0.25,3.0,248,-0.00016470586706418544,29.72557258605957,"[3, 5, 5, 8]","[[0.0, 0.0, 0.0, 3.1372550438391045e-05, 3.921568804798881e-06, -9.01960811461322e-05, 2.3529411919298582e-05, -5.09803940076381e-05], [0.0, 0.0, 0.0, -3.1372550438391045e-05, 4.313725730753504e-05, 7.843137609597761e-06, 7.843137609597761e-06, -1.5686275219195522e-05], [0.0, 0.0, 0.0, -1.1764705959649291e-05, 4.313725730753504e-05, -6.274510087678209e-05, 1.568627340020612e-05, -6.274509360082448e-05], [0.0, 0.0, 0.0, 5.09803940076381e-05, 0.00012156862067058682, -2.3529411919298582e-05, -2.3529411919298582e-05, 4.7058823838597164e-05], [-0.00010980392107740045, 4.313725730753504e-05, -1.1764704140659887e-05, 7.058823393890634e-05, 5.0980397645616904e-05, -0.00015686276310589164, -0.00016470586706418544, 2.352941555727739e-05], [6.742695331573486, 7.885951995849609, 8.999619483947754, 11.049504280090332, 11.320659637451172, 9.11847972869873, 0.23527778685092926, 3.1957147431788124e-12], [4.5522141456604, 12.178719520568848, 11.167179107666016, 7.501760959625244, 29.72557258605957, 17.203561782836914, 4.951159954071045, -5.8823530707741156e-05], [4.5867018699646, 13.042899131774902, 11.1244478225708, 17.686790466308594, 23.476064682006836, 13.432049751281738, 5.6151580810546875, 7.843137609597761e-06], [6.957279682159424, 16.284652709960938, 14.51067066192627, 14.537858009338379, 19.308115005493164, 15.53606128692627, 4.5001702308654785, 7.058823393890634e-05], [7.550588130950928, 11.271209716796875, 5.201279163360596, 12.00033950805664, 17.441009521484375, 13.961054801940918, 6.2085041999816895, 6.274510087678209e-05], [3.3003785610198975, 7.519033908843994, 11.254806518554688, 15.322602272033691, 19.444520950317383, 17.00443458557129, 5.866052150726318, 0.0], [8.544218063354492, 7.317745685577393, 13.393233299255371, 13.799107551574707, 9.149566650390625, 11.608211517333984, 4.13225793838501, -3.92156835005153e-05]]","[[5.540850452234736e-06, 5.540850452234736e-06, 5.540850452234736e-06, 6.596250841539586e-06, 5.672775387211004e-06, 2.50657490141748e-06, 6.332400971587049e-06, 3.825825388048543e-06], [5.540850452234736e-06, 5.540850452234736e-06, 5.540850452234736e-06, 4.485450517677236e-06, 6.9920261012157425e-06, 5.804700776934624e-06, 5.804700776934624e-06, 5.013150257582311e-06], [5.540850452234736e-06, 5.540850452234736e-06, 5.540850452234736e-06, 5.14507564730593e-06, 6.9920261012157425e-06, 3.430050128372386e-06, 6.068551101634512e-06, 3.4300503557460615e-06], [5.540850452234736e-06, 5.540850452234736e-06, 5.540850452234736e-06, 7.25587597116828e-06, 9.630525710235815e-06, 4.7493003876297735e-06, 4.7493003876297735e-06, 7.123951036192011e-06], [1.8469498854756239e-06, 6.9920261012157425e-06, 5.14507564730593e-06, 7.915501555544324e-06, 7.25587597116828e-06, 2.638489320361259e-07, 0.0, 6.332400971587049e-06], [0.22683575749397278, 0.26529592275619507, 0.30276069045066833, 0.3717206120491028, 0.38084253668785095, 0.306759238243103, 0.007920493371784687, 5.540850452234736e-06], [0.15314602851867676, 0.4097084105014801, 0.3756793141365051, 0.2523714005947113, 1.0, 0.5787485241889954, 0.16656692326068878, 3.56197529072233e-06], [0.15430623292922974, 0.43878018856048584, 0.37424179911613464, 0.5950047373771667, 0.7897610664367676, 0.4518715441226959, 0.18890440464019775, 5.804700776934624e-06], [0.2340545654296875, 0.5478355884552002, 0.4881573021411896, 0.48907190561294556, 0.6495475172996521, 0.5226523280143738, 0.15139523148536682, 7.915501555544324e-06], [0.2540139853954315, 0.3791790008544922, 0.17498114705085754, 0.4037075638771057, 0.5867364406585693, 0.4696677625179291, 0.20886509120464325, 7.651651685591787e-06], [0.11103318631649017, 0.2529524564743042, 0.3786271810531616, 0.5154713988304138, 0.6541363596916199, 0.5720496773719788, 0.19734470546245575, 5.540850452234736e-06], [0.28744056820869446, 0.2461809515953064, 0.45056572556495667, 0.46421968936920166, 0.30780503153800964, 0.3905160129070282, 0.13901834189891815, 4.221600647724699e-06]]"
0.5,3.0,586,0.002487562131136656,64.14624786376953,"[2, 4, 6, 8]","[[8.701319694519043, 12.11785888671875, 14.606898307800293, 19.05092430114746, 23.315370559692383, 25.53754234313965, 18.50712776184082, 12.307866096496582], [6.254270076751709, 11.290894508361816, 15.1810941696167, 21.43019676208496, 22.58296775817871, 25.765573501586914, 20.018606185913086, 15.638318061828613], [7.150287628173828, 11.277125358581543, 13.948878288269043, 18.82228660583496, 23.819555282592773, 26.4516544342041, 19.9807186126709, 16.827829360961914], [5.813163757324219, 10.355440139770508, 13.910224914550781, 19.31793212890625, 21.009347915649414, 21.66931915283203, 17.273178100585938, 16.48179817199707], [5.733593463897705, 10.469257354736328, 15.459845542907715, 24.09531593322754, 27.508689880371094, 24.738496780395508, 18.02870750427246, 13.96978759765625], [4.8989577293396, 9.912150382995605, 18.49848747253418, 38.084930419921875, 49.30850601196289, 41.44398498535156, 24.537519454956055, 15.289103507995605], [4.962686538696289, 10.567614555358887, 23.531160354614258, 50.293949127197266, 64.14624786376953, 51.0098991394043, 28.534643173217773, 16.754018783569336], [6.659107208251953, 11.644492149353027, 22.35793113708496, 39.299346923828125, 51.06742477416992, 41.84657669067383, 24.179529190063477, 15.415806770324707], [6.998664855957031, 12.495033264160156, 18.577621459960938, 27.497434616088867, 32.549560546875, 26.918962478637695, 19.89759063720703, 12.006741523742676], [6.1870198249816895, 13.345059394836426, 19.03112030029297, 25.97442626953125, 28.1870059967041, 25.868513107299805, 18.57273292541504, 11.864723205566406], [1.4701491594314575, 2.642624855041504, 5.501837253570557, 9.154534339904785, 12.44483470916748, 9.675559997558594, 10.341288566589355, 8.729485511779785], [0.002487562131136656, 0.3006190061569214, 1.2635689973831177, 3.109255075454712, 3.109957695007324, 2.921112060546875, 2.997007369995117, 2.470743179321289]]","[[0.13561463356018066, 0.18887841701507568, 0.22768248617649078, 0.29696476459503174, 0.3634473979473114, 0.39809101819992065, 0.2884869873523712, 0.19184061884880066], [0.0974651649594307, 0.17598605155944824, 0.23663419485092163, 0.3340575695037842, 0.3520292639732361, 0.4016460180282593, 0.3120509088039398, 0.2437622994184494], [0.11143406480550766, 0.17577140033245087, 0.21742397546768188, 0.2934003174304962, 0.3713076412677765, 0.41234201192855835, 0.3114602565765381, 0.26230674982070923], [0.09058833122253418, 0.16140234470367432, 0.2168213576078415, 0.3011274039745331, 0.32749655842781067, 0.3377854824066162, 0.26924973726272583, 0.25691214203834534], [0.08934783190488815, 0.1631767451763153, 0.24097992479801178, 0.3756067454814911, 0.4288211762905121, 0.3856339156627655, 0.2810284197330475, 0.2177499532699585], [0.07633587718009949, 0.15449145436286926, 0.28835228085517883, 0.5937045812606812, 0.7686799168586731, 0.6460721492767334, 0.38250067830085754, 0.2383180558681488], [0.07732940465211868, 0.164710134267807, 0.3668115735054016, 0.7840429544448853, 1.0, 0.7952045798301697, 0.4448157548904419, 0.2611560523509979], [0.10377657413482666, 0.18149863183498383, 0.3485209345817566, 0.6126372814178467, 0.7961013913154602, 0.6523485779762268, 0.37691962718963623, 0.24029335379600525], [0.10907027125358582, 0.1947585493326187, 0.28958597779273987, 0.42864570021629333, 0.5074082612991333, 0.4196273386478424, 0.31016427278518677, 0.18714609742164612], [0.09641674160957336, 0.2080104500055313, 0.2966560125350952, 0.40490204095840454, 0.43939611315727234, 0.4032508432865143, 0.28950977325439453, 0.18493203818798065], [0.02288081683218479, 0.04115968942642212, 0.08573475480079651, 0.14268024265766144, 0.19397595524787903, 0.15080301463603973, 0.1611817181110382, 0.13605374097824097], [0.0, 0.0046478635631501675, 0.019660236313939095, 0.04843444377183914, 0.04844539985060692, 0.04550129920244217, 0.04668450355529785, 0.03848005458712578]]"
0.75,3.0,237,0.46875,115.2205810546875,"[2, 4, 6, 8]","[[1.9992800951004028, 4.821664810180664, 8.328536987304688, 4.680311679840088, 5.402538776397705, 5.039005756378174, 4.980586051940918, 4.516202449798584], [1.9536415338516235, 7.251935958862305, 9.5715970993042, 11.47111988067627, 11.17988109588623, 7.075048923492432, 4.677073001861572, 1.110813021659851], [3.2951812744140625, 13.434127807617188, 21.326845169067383, 22.42034339904785, 22.14933204650879, 20.620460510253906, 10.997501373291016, 3.3470866680145264], [5.720449924468994, 20.652149200439453, 40.3834342956543, 54.3501091003418, 58.12901306152344, 49.19318771362305, 23.13378143310547, 10.125004768371582], [7.86511754989624, 26.232473373413086, 60.73167419433594, 78.22550201416016, 86.94048309326172, 72.90245819091797, 40.87845993041992, 15.663830757141113], [6.552711486816406, 33.29438400268555, 71.36315155029297, 96.9976577758789, 104.66619873046875, 92.7218017578125, 53.53695297241211, 22.895355224609375], [7.648410797119141, 32.30313491821289, 74.89617156982422, 102.0582275390625, 115.2205810546875, 97.21971893310547, 61.433380126953125, 26.86722755432129], [5.309163570404053, 21.24622917175293, 58.12321472167969, 91.6307373046875, 103.76459503173828, 93.43856048583984, 56.739959716796875, 20.37116813659668], [3.399012565612793, 13.793553352355957, 36.841087341308594, 64.66828155517578, 77.7898178100586, 68.91996002197266, 42.197628021240234, 16.70380210876465], [2.1358909606933594, 5.808722972869873, 20.070114135742188, 39.199947357177734, 46.72890853881836, 43.2590446472168, 25.456832885742188, 11.192370414733887], [2.67376708984375, 3.110257387161255, 7.586095809936523, 9.314974784851074, 13.331561088562012, 12.368236541748047, 6.669173717498779, 0.734375], [3.8760433197021484, 4.799999713897705, 4.849583148956299, 5.57166862487793, 7.045217037200928, 3.8643767833709717, 1.4095834493637085, 0.46875]]","[[0.013337739743292332, 0.03793329373002052, 0.0684937834739685, 0.03670147806406021, 0.04299529269337654, 0.03982730209827423, 0.039318203926086426, 0.035271354019641876], [0.012940024957060814, 0.059111788868904114, 0.07932637631893158, 0.0958796888589859, 0.09334170073270798, 0.057570312172174454, 0.036673255264759064, 0.0055952309630811214], [0.024630816653370857, 0.1129862368106842, 0.18176698684692383, 0.19129623472690582, 0.18893451988697052, 0.1756112277507782, 0.09175235778093338, 0.025083143264055252], [0.0457657165825367, 0.17588737607002258, 0.34783482551574707, 0.4695468246936798, 0.5024779438972473, 0.4246070683002472, 0.19751346111297607, 0.08414902538061142], [0.06445533037185669, 0.2245168834924698, 0.525158703327179, 0.6776079535484314, 0.7535542845726013, 0.6312205195426941, 0.35214871168136597, 0.13241688907146454], [0.05301842465996742, 0.28605759143829346, 0.6178062558174133, 0.8411970734596252, 0.908024251461029, 0.8039353489875793, 0.46246060729026794, 0.19543570280075073], [0.0625668540596962, 0.27741941809654236, 0.6485946178436279, 0.8852972388267517, 1.0, 0.8431322574615479, 0.5312737226486206, 0.23004841804504395], [0.042181581258773804, 0.18106447160243988, 0.5024273991584778, 0.7944272756576538, 0.9001672863960266, 0.8101814985275269, 0.49037307500839233, 0.17343878746032715], [0.025535650551319122, 0.11611843854188919, 0.3169651925563812, 0.5594640970230103, 0.6738111972808838, 0.5965151786804199, 0.363644540309906, 0.14147967100143433], [0.014528229832649231, 0.04653497040271759, 0.17081525921821594, 0.33752137422561646, 0.40313220024108887, 0.3728942275047302, 0.21775759756565094, 0.09345053881406784], [0.019215527921915054, 0.023019304499030113, 0.06202381104230881, 0.0770900547504425, 0.11209242790937424, 0.10369757562875748, 0.05403333157300949, 0.002314777811989188], [0.029692715033888817, 0.037744492292404175, 0.038176584988832474, 0.04446917027235031, 0.05731034651398659, 0.029591046273708344, 0.008198853582143784, 0.0]]"
1.0,3.0,330,1.057411789894104,76.19464111328125,"[2, 4, 6, 8]","[[1.4795918464660645, 2.506802797317505, 3.1530611515045166, 3.8281285762786865, 3.4945895671844482, 1.9029899835586548, 1.8749881982803345, 1.057411789894104], [4.833333492279053, 5.214285850524902, 6.46908712387085, 8.370004653930664, 9.46285343170166, 10.162980079650879, 6.755102157592773, 5.327638149261475], [5.870748519897461, 8.994397163391113, 8.801468849182129, 15.791169166564941, 19.69722557067871, 14.743896484375, 13.703537940979004, 7.103692531585693], [7.870748519897461, 11.371748924255371, 15.84327220916748, 28.34061622619629, 36.54371643066406, 29.938573837280273, 16.30177879333496, 13.47970962524414], [9.534013748168945, 16.788715362548828, 22.669946670532227, 46.94560623168945, 50.12092208862305, 50.74550247192383, 26.24656867980957, 13.570976257324219], [11.234893798828125, 21.27570915222168, 30.254180908203125, 58.98918533325195, 68.55978393554688, 59.12168884277344, 40.60283279418945, 16.514036178588867], [11.115845680236816, 23.391958236694336, 31.14385986328125, 62.3824348449707, 76.19464111328125, 65.37269592285156, 37.91875457763672, 16.499095916748047], [9.717886924743652, 21.866546630859375, 31.755422592163086, 55.3518180847168, 66.6847152709961, 62.55344009399414, 32.78519821166992, 12.215344429016113], [8.751500129699707, 17.712085723876953, 23.98504066467285, 40.84644317626953, 49.27956008911133, 41.87772750854492, 22.828445434570312, 12.016779899597168], [7.884553909301758, 13.254302024841309, 18.344738006591797, 21.156007766723633, 27.250925064086914, 23.8377685546875, 10.89623737335205, 6.851070880889893], [6.153461456298828, 11.243897438049316, 13.173469543457031, 16.063474655151367, 18.128122329711914, 14.947776794433594, 7.898136615753174, 5.591974258422852], [3.0248098373413086, 6.491796493530273, 8.830732345581055, 7.752100467681885, 12.075222969055176, 11.108561515808105, 5.459287643432617, 6.230004787445068]]","[[0.0056187864392995834, 0.01928991824388504, 0.02789095602929592, 0.036875415593385696, 0.03243635222315788, 0.011253784410655499, 0.010881109163165092, 0.0], [0.050253674387931824, 0.0553237609565258, 0.0720238909125328, 0.09732316434383392, 0.11186785995960236, 0.12118583172559738, 0.07583045959472656, 0.056832365691661835], [0.06406061351299286, 0.1056331917643547, 0.10306551307439804, 0.19609129428863525, 0.24807694554328918, 0.18215316534042358, 0.16830705106258392, 0.08046983927488327], [0.09067857265472412, 0.13727331161499023, 0.19678473472595215, 0.363111674785614, 0.472286581993103, 0.3843788504600525, 0.20288699865341187, 0.16532813012599945], [0.11281493306159973, 0.20936761796474457, 0.28764083981513977, 0.6107251644134521, 0.6529853343963623, 0.6612978577613831, 0.33524203300476074, 0.16654279828071594], [0.13545191287994385, 0.26908496022224426, 0.38857927918434143, 0.7710129022598267, 0.8983878493309021, 0.7727763652801514, 0.5263093113899231, 0.20571191608905792], [0.13386750221252441, 0.29725006222724915, 0.4004199802875519, 0.8161736130714417, 1.0, 0.8559709191322327, 0.49058693647384644, 0.2055130898952484], [0.11526209861040115, 0.27694839239120483, 0.40855926275253296, 0.7226032614707947, 0.8734325766563416, 0.8184494972229004, 0.4222645163536072, 0.1485007107257843], [0.10240048170089722, 0.22165675461292267, 0.3051433861255646, 0.5295515060424805, 0.6417877078056335, 0.543276846408844, 0.28975027799606323, 0.1458580195903778], [0.09086231142282486, 0.16232818365097046, 0.23007671535015106, 0.2674918472766876, 0.34860900044441223, 0.30318334698677063, 0.13094474375247955, 0.07710770517587662], [0.06782323122024536, 0.13557174801826477, 0.16125237941741943, 0.19971540570259094, 0.22719377279281616, 0.18486660718917847, 0.09104308485984802, 0.060350410640239716], [0.026184063404798508, 0.07232612371444702, 0.10345497727394104, 0.08909948915243149, 0.14663584530353546, 0.13377055525779724, 0.058584485203027725, 0.06884194910526276]]"
1.25,3.0,265,0.3071161210536957,97.45699310302734,"[2, 3, 5, 11]","[[0.3071161210536957, 1.172284722328186, 3.704119920730591, 8.348315238952637, 9.565543174743652, 11.0, 7.730337142944336, 3.041198492050171], [3.0786516666412354, 7.355804920196533, 8.711610794067383, 16.951311111450195, 18.539325714111328, 17.310861587524414, 16.535581588745117, 6.730337142944336], [5.7865166664123535, 9.831460952758789, 16.089887619018555, 17.891386032104492, 22.438201904296875, 18.310861587524414, 17.726591110229492, 7.644195079803467], [19.386335372924805, 34.96854782104492, 46.58650588989258, 52.70710372924805, 49.78570556640625, 38.967002868652344, 23.113433837890625, 9.344569206237793], [31.60213279724121, 47.6807861328125, 68.4322738647461, 76.3558578491211, 79.53404998779297, 56.5670166015625, 32.06418991088867, 9.904810905456543], [40.446380615234375, 55.94938659667969, 71.06421661376953, 79.03011322021484, 86.41854095458984, 67.96475219726562, 34.41658020019531, 12.887930870056152], [40.80632400512695, 58.288028717041016, 72.6792984008789, 85.54637908935547, 97.45699310302734, 70.72026824951172, 35.484432220458984, 13.265416145324707], [39.34884262084961, 54.12451171875, 72.9875717163086, 81.4512710571289, 88.60953521728516, 63.1125373840332, 33.31087875366211, 11.467057228088379], [38.09181213378906, 51.8782844543457, 71.2708969116211, 78.69063568115234, 84.58236694335938, 61.76957321166992, 26.34071922302246, 8.54330825805664], [35.702964782714844, 51.79092025756836, 61.551116943359375, 73.24388885498047, 77.64160919189453, 56.554378509521484, 24.452638626098633, 8.11093521118164], [31.128068923950195, 50.18686294555664, 56.27743911743164, 66.362548828125, 74.40056610107422, 51.004207611083984, 24.640317916870117, 8.373766899108887], [23.30837059020996, 36.04252624511719, 40.37778854370117, 46.51137924194336, 39.10147476196289, 27.10749626159668, 8.03821849822998, 3.055546760559082]]","[[0.0, 0.00890550296753645, 0.03496662899851799, 0.08277106285095215, 0.09530044347047806, 0.11006584763526917, 0.07640998810529709, 0.028142932802438736], [0.028528451919555664, 0.07255478948354721, 0.08651059865951538, 0.1713249236345291, 0.18767094612121582, 0.17502591013908386, 0.16704566776752472, 0.06611661612987518], [0.05640151724219322, 0.09803763777017593, 0.16245795786380768, 0.1810014694929123, 0.2278035432100296, 0.18531928956508636, 0.17930516600608826, 0.07552329450845718], [0.19638954102993011, 0.35678306221961975, 0.47637102007865906, 0.5393726229667664, 0.5093016028404236, 0.39794063568115234, 0.23475395143032074, 0.09302587807178497], [0.32213130593299866, 0.4876348674297333, 0.7012377381324768, 0.7827981114387512, 0.815512478351593, 0.5791041851043701, 0.32688742876052856, 0.0987926572561264], [0.41316843032836914, 0.5727466344833374, 0.7283293008804321, 0.8103252649307251, 0.8863770961761475, 0.6964253187179565, 0.35110142827033997, 0.12949901819229126], [0.4168734550476074, 0.5968191623687744, 0.7449539303779602, 0.8773996233940125, 1.0, 0.7247889041900635, 0.3620932400226593, 0.1333846151828766], [0.40187105536460876, 0.5539625287055969, 0.7481271028518677, 0.8352470993995667, 0.9089298248291016, 0.6464796662330627, 0.3397200405597687, 0.11487343907356262], [0.3889319896697998, 0.5308412909507751, 0.7304567098617554, 0.806830883026123, 0.8674766421318054, 0.6326560378074646, 0.2679736018180847, 0.08477819710969925], [0.36434268951416016, 0.5299420356750488, 0.6304073929786682, 0.7507655024528503, 0.7960328459739685, 0.5789740681648254, 0.24853888154029846, 0.08032762259244919], [0.317251592874527, 0.5134308338165283, 0.5761234164237976, 0.6799332499504089, 0.7626715898513794, 0.5218440890312195, 0.25047072768211365, 0.08303304761648178], [0.23676051199436188, 0.36783790588378906, 0.41246238350868225, 0.4755977392196655, 0.39932480454444885, 0.2758663296699524, 0.07957912236452103, 0.028290623798966408]]"
1.5,3.0,311,0.0,117.56082916259766,"[1, 3, 6, 8]","[[0.0, 0.16067607700824738, 2.588289976119995, 2.744544267654419, 4.286835193634033, 4.186920642852783, 2.928255796432495, 3.764512777328491], [0.43274855613708496, 1.2378405332565308, 5.703983783721924, 16.80803108215332, 20.754079818725586, 18.20236587524414, 10.024495124816895, 4.43856954574585], [14.059025764465332, 30.471345901489258, 50.016632080078125, 57.20192337036133, 49.1612663269043, 36.97611999511719, 28.565176010131836, 16.868701934814453], [30.173925399780273, 54.860782623291016, 77.4779281616211, 88.1396484375, 86.6908187866211, 59.12690734863281, 38.573089599609375, 24.867746353149414], [39.42959976196289, 69.0031967163086, 90.3487319946289, 95.8428726196289, 98.347412109375, 81.79635620117188, 50.770660400390625, 29.30073356628418], [42.82261657714844, 69.5621109008789, 92.5902328491211, 104.96307373046875, 107.88714599609375, 90.4944839477539, 58.31854248046875, 36.1318244934082], [41.592716217041016, 70.12734985351562, 93.25101470947266, 108.2431869506836, 117.56082916259766, 93.38623046875, 57.08792495727539, 30.604583740234375], [37.86909866333008, 58.39048385620117, 85.4739761352539, 102.23281860351562, 103.55108642578125, 85.57577514648438, 48.293270111083984, 20.423707962036133], [30.673879623413086, 38.495574951171875, 57.63717269897461, 74.65576934814453, 77.09896850585938, 47.71940231323242, 23.791406631469727, 9.55134105682373], [18.599092483520508, 23.2053165435791, 29.907854080200195, 34.85084533691406, 33.91485595703125, 16.652868270874023, 6.382425785064697, 1.9814485311508179], [5.886331081390381, 7.806835174560547, 9.640434265136719, 11.323310852050781, 10.039921760559082, 5.1681976318359375, 3.9876747131347656, 2.9230737686157227], [1.736535668373108, 3.6149442195892334, 6.791530609130859, 5.891478061676025, 8.241287231445312, 4.202279090881348, 3.7721166610717773, 1.2652384042739868]]","[[0.0, 0.0013667483581230044, 0.022016601637005806, 0.023345736786723137, 0.03646482527256012, 0.03561493009328842, 0.024908430874347687, 0.03202182799577713], [0.0036810608580708504, 0.01052936166524887, 0.048519425094127655, 0.14297305047512054, 0.1765390783548355, 0.1548335999250412, 0.0852707102894783, 0.037755515426397324], [0.11958937346935272, 0.2591964304447174, 0.42545321583747864, 0.4865729808807373, 0.4181772768497467, 0.3145275413990021, 0.24298208951950073, 0.14348913729190826], [0.25666648149490356, 0.46665868163108826, 0.6590454578399658, 0.7497365474700928, 0.7374124526977539, 0.5029473304748535, 0.3281117379665375, 0.2115308791399002], [0.3353974223136902, 0.5869573950767517, 0.7685275077819824, 0.815261960029602, 0.836566150188446, 0.695779025554657, 0.43186715245246887, 0.24923890829086304], [0.3642592132091522, 0.5917116403579712, 0.7875942587852478, 0.892840564250946, 0.9177134037017822, 0.7697673439979553, 0.4960712194442749, 0.30734577775001526], [0.35379740595817566, 0.5965197086334229, 0.7932150363922119, 0.9207419753074646, 1.0, 0.7943651676177979, 0.4856032729148865, 0.2603297829627991], [0.3221234381198883, 0.49668315052986145, 0.7270616888999939, 0.8696163296699524, 0.8808298110961914, 0.7279276251792908, 0.41079390048980713, 0.1737288534641266], [0.2609192132949829, 0.3274523913860321, 0.4902753233909607, 0.6350395083427429, 0.6558219194412231, 0.4059124290943146, 0.20237529277801514, 0.08124595135450363], [0.15820825099945068, 0.1973898708820343, 0.2544032335281372, 0.2964494824409485, 0.2884877324104309, 0.14165320992469788, 0.05429041013121605, 0.0168546661734581], [0.05007051303982735, 0.06640677154064178, 0.08200379461050034, 0.09631873667240143, 0.08540192991495132, 0.04396190121769905, 0.03392009809613228, 0.024864351376891136], [0.01477137953042984, 0.03074956312775612, 0.05777035281062126, 0.05011429637670517, 0.07010232657194138, 0.03574557229876518, 0.032086510211229324, 0.010762414894998074]]"
1.75,3.0,427,0.0,124.50408935546875,"[2, 3, 6, 8]","[[0.0, 0.15718157589435577, 0.6966001391410828, 2.7237064838409424, 6.1084442138671875, 9.052162170410156, 6.571840763092041, 8.311148643493652], [0.0, 0.28344419598579407, 3.7262191772460938, 10.874488830566406, 14.6893949508667, 18.242467880249023, 13.73547649383545, 7.489339351654053], [0.0, 3.598663330078125, 14.18730640411377, 30.303787231445312, 42.33613204956055, 35.81332778930664, 31.83673858642578, 10.889178276062012], [1.5038495063781738, 13.327377319335938, 35.37950134277344, 60.4334602355957, 71.56421661376953, 67.57779693603516, 50.68293762207031, 19.14310646057129], [2.844080924987793, 27.77777099609375, 65.81123352050781, 91.36902618408203, 100.42627716064453, 95.80973052978516, 77.68375396728516, 26.60106658935547], [3.4999935626983643, 38.68417739868164, 81.46515655517578, 109.6365966796875, 116.2876205444336, 110.86975860595703, 87.40409088134766, 34.91685485839844], [2.7526607513427734, 40.551483154296875, 84.95951080322266, 112.49368286132812, 124.50408935546875, 114.0631103515625, 84.27417755126953, 29.938451766967773], [1.4873491525650024, 29.369333267211914, 75.54450225830078, 105.25444793701172, 114.81462860107422, 104.08687591552734, 68.24691009521484, 15.992356300354004], [0.8552168011665344, 15.870221138000488, 51.47664260864258, 77.24011993408203, 85.75479888916016, 69.49816131591797, 33.904571533203125, 6.239553928375244], [0.2666666805744171, 8.37820816040039, 23.44417381286621, 37.10100173950195, 38.17475891113281, 28.87750816345215, 11.01016902923584, 0.30813005566596985], [0.0, 4.706695079803467, 11.18468189239502, 14.587478637695312, 16.41224479675293, 9.684910774230957, 3.8573169708251953, 0.0], [0.0, 1.5144062042236328, 4.327869892120361, 3.7130143642425537, 5.549186706542969, 1.442818284034729, 0.37710025906562805, 0.0]]","[[0.0, 0.0012624611845239997, 0.005594998132437468, 0.021876441314816475, 0.04906219616532326, 0.07270573824644089, 0.052784137427806854, 0.06675402075052261], [0.0, 0.0022765854373574257, 0.02992848865687847, 0.08734242618083954, 0.11798322945833206, 0.14652103185653687, 0.11032149195671082, 0.06015336140990257], [0.0, 0.02890397608280182, 0.11395052820444107, 0.24339592456817627, 0.34003809094429016, 0.2876478135585785, 0.25570836663246155, 0.08746040612459183], [0.012078715488314629, 0.10704369097948074, 0.28416335582733154, 0.48539337515830994, 0.5747941136360168, 0.5427757501602173, 0.40707850456237793, 0.1537548452615738], [0.022843273356556892, 0.22310729324817657, 0.5285869240760803, 0.7338636517524719, 0.8066102862358093, 0.7695307731628418, 0.623945415019989, 0.21365617215633392], [0.028111474588513374, 0.31070607900619507, 0.6543171405792236, 0.8805863261222839, 0.9340064525604248, 0.8904908895492554, 0.7020178437232971, 0.28044745326042175], [0.022108998149633408, 0.32570403814315796, 0.6823832988739014, 0.9035340547561646, 1.0, 0.9161394834518433, 0.676878809928894, 0.2404615879058838], [0.011946187354624271, 0.23589050769805908, 0.6067632436752319, 0.8453894853591919, 0.9221755862236023, 0.8360117077827454, 0.5481499433517456, 0.12844844162464142], [0.00686898548156023, 0.12746746838092804, 0.41345342993736267, 0.6203821897506714, 0.6887709498405457, 0.5581998229026794, 0.27231693267822266, 0.050115253776311874], [0.0021418307442218065, 0.06729263067245483, 0.18830043077468872, 0.29799023270606995, 0.306614488363266, 0.23194023966789246, 0.0884321853518486, 0.0024748588912189007], [0.0, 0.037803538143634796, 0.08983384817838669, 0.11716465651988983, 0.1318209320306778, 0.07778789103031158, 0.03098144754767418, 0.0], [0.0, 0.012163505889475346, 0.034760866314172745, 0.02982242964208126, 0.04457031562924385, 0.011588521301746368, 0.0030288181733340025, 0.0]]"
