category,role,source_path,attachment_path,size_bytes,mtime,notes
deliverable,main_docx,,Gemini_深度研究材料总包_清洁版_无黑底图.docx,86880768,2026-04-30T23:15:43,清洁版主文档
deliverable,readme,,README_FOR_GEMINI.md,558,2026-04-30T23:15:43,清洁版说明
pdf_embedded_image,raw_image_block,,attachments/01_source_pdf/extracted_image_blocks/page_01_img_029_xref_51.png,1170783,2026-04-30T21:20:17,保留的非黑底 PDF 图块
pdf_embedded_image,raw_image_block,,attachments/01_source_pdf/extracted_image_blocks/page_01_img_039_xref_80.png,162666,2026-04-30T21:20:17,保留的非黑底 PDF 图块
pdf_embedded_image,raw_image_block,,attachments/01_source_pdf/extracted_image_blocks/page_01_img_041_xref_83.png,31053,2026-04-30T21:20:17,保留的非黑底 PDF 图块
pdf_embedded_image,raw_image_block,,attachments/01_source_pdf/extracted_image_blocks/page_01_img_044_xref_89.png,912630,2026-04-30T21:20:17,保留的非黑底 PDF 图块
pdf_embedded_image,raw_image_block,,attachments/01_source_pdf/extracted_image_blocks/page_02_img_001_xref_138.png,666064,2026-04-30T21:20:18,保留的非黑底 PDF 图块
pdf_embedded_image,raw_image_block,,attachments/01_source_pdf/extracted_image_blocks/page_02_img_003_xref_142.png,1093365,2026-04-30T21:20:18,保留的非黑底 PDF 图块
pdf_embedded_image,raw_image_block,,attachments/01_source_pdf/extracted_image_blocks/page_02_img_009_xref_153.png,40432,2026-04-30T21:20:18,保留的非黑底 PDF 图块
pdf_embedded_image,raw_image_block,,attachments/01_source_pdf/extracted_image_blocks/page_02_img_010_xref_154.png,307529,2026-04-30T21:20:18,保留的非黑底 PDF 图块
pdf_embedded_image,raw_image_block,,attachments/01_source_pdf/extracted_image_blocks/page_02_img_011_xref_155.png,322764,2026-04-30T21:20:18,保留的非黑底 PDF 图块
pdf_embedded_image,raw_image_block,,attachments/01_source_pdf/extracted_image_blocks/page_02_img_012_xref_156.png,223103,2026-04-30T21:20:18,保留的非黑底 PDF 图块
pdf_embedded_image,raw_image_block,,attachments/01_source_pdf/extracted_image_blocks/page_02_img_013_xref_157.png,345803,2026-04-30T21:20:18,保留的非黑底 PDF 图块
pdf_embedded_image,raw_image_block,,attachments/01_source_pdf/extracted_image_blocks/page_02_img_014_xref_158.png,55131,2026-04-30T21:20:18,保留的非黑底 PDF 图块
pdf_embedded_image,raw_image_block,,attachments/01_source_pdf/extracted_image_blocks/page_02_img_015_xref_159.png,41397,2026-04-30T21:20:18,保留的非黑底 PDF 图块
pdf_embedded_image,raw_image_block,,attachments/01_source_pdf/extracted_image_blocks/page_02_img_026_xref_180.png,58376,2026-04-30T21:20:18,保留的非黑底 PDF 图块
pdf_embedded_image,raw_image_block,,attachments/01_source_pdf/extracted_image_blocks/page_02_img_027_xref_181.png,403657,2026-04-30T21:20:18,保留的非黑底 PDF 图块
pdf_embedded_image,raw_image_block,,attachments/01_source_pdf/extracted_image_blocks/page_02_img_028_xref_182.png,894460,2026-04-30T21:20:18,保留的非黑底 PDF 图块
pdf_embedded_image,raw_image_block,,attachments/01_source_pdf/extracted_image_blocks/page_02_img_030_xref_185.png,504249,2026-04-30T21:20:19,保留的非黑底 PDF 图块
pdf_embedded_image,raw_image_block,,attachments/01_source_pdf/extracted_image_blocks/page_02_img_031_xref_187.png,163766,2026-04-30T21:20:19,保留的非黑底 PDF 图块
pdf_embedded_image,raw_image_block,,attachments/01_source_pdf/extracted_image_blocks/page_02_img_032_xref_194.png,165102,2026-04-30T21:20:19,保留的非黑底 PDF 图块
pdf_embedded_image,raw_image_block,,attachments/01_source_pdf/extracted_image_blocks/page_02_img_033_xref_196.png,354302,2026-04-30T21:20:19,保留的非黑底 PDF 图块
pdf_embedded_image,raw_image_block,,attachments/01_source_pdf/extracted_image_blocks/page_03_img_003_xref_215.png,628674,2026-04-30T21:20:20,保留的非黑底 PDF 图块
pdf_embedded_image,raw_image_block,,attachments/01_source_pdf/extracted_image_blocks/page_03_img_004_xref_216.png,64353,2026-04-30T21:20:20,保留的非黑底 PDF 图块
pdf_embedded_image,raw_image_block,,attachments/01_source_pdf/extracted_image_blocks/page_03_img_005_xref_218.png,1288497,2026-04-30T21:20:20,保留的非黑底 PDF 图块
pdf_embedded_image,raw_image_block,,attachments/01_source_pdf/extracted_image_blocks/page_03_img_006_xref_219.png,253169,2026-04-30T21:20:20,保留的非黑底 PDF 图块
pdf_embedded_image,raw_image_block,,attachments/01_source_pdf/extracted_image_blocks/page_03_img_007_xref_220.png,259885,2026-04-30T21:20:20,保留的非黑底 PDF 图块
pdf_embedded_image,raw_image_block,,attachments/01_source_pdf/extracted_image_blocks/page_03_img_008_xref_221.png,362773,2026-04-30T21:20:20,保留的非黑底 PDF 图块
pdf_embedded_image,raw_image_block,,attachments/01_source_pdf/extracted_image_blocks/page_03_img_009_xref_222.png,345057,2026-04-30T21:20:20,保留的非黑底 PDF 图块
pdf_embedded_image,raw_image_block,,attachments/01_source_pdf/extracted_image_blocks/page_03_img_010_xref_223.png,373445,2026-04-30T21:20:20,保留的非黑底 PDF 图块
pdf_embedded_image,raw_image_block,,attachments/01_source_pdf/extracted_image_blocks/page_03_img_011_xref_224.png,402163,2026-04-30T21:20:20,保留的非黑底 PDF 图块
pdf_embedded_image,raw_image_block,,attachments/01_source_pdf/extracted_image_blocks/page_03_img_012_xref_225.png,149903,2026-04-30T21:20:20,保留的非黑底 PDF 图块
pdf_embedded_image,raw_image_block,,attachments/01_source_pdf/extracted_image_blocks/page_03_img_013_xref_226.png,180008,2026-04-30T21:20:20,保留的非黑底 PDF 图块
pdf_embedded_image,raw_image_block,,attachments/01_source_pdf/extracted_image_blocks/page_03_img_021_xref_246.png,1721416,2026-04-30T21:20:20,保留的非黑底 PDF 图块
pdf_embedded_image,raw_image_block,,attachments/01_source_pdf/extracted_image_blocks/page_03_img_036_xref_275.png,3339333,2026-04-30T21:20:21,保留的非黑底 PDF 图块
pdf_embedded_image,raw_image_block,,attachments/01_source_pdf/extracted_image_blocks/page_03_img_042_xref_287.png,1173187,2026-04-30T21:20:21,保留的非黑底 PDF 图块
pdf_embedded_image,raw_image_block,,attachments/01_source_pdf/extracted_image_blocks/page_03_img_043_xref_288.png,285844,2026-04-30T21:20:21,保留的非黑底 PDF 图块
pdf_embedded_image,raw_image_block,,attachments/01_source_pdf/extracted_image_blocks/page_03_img_044_xref_289.png,497,2026-04-30T21:20:21,保留的非黑底 PDF 图块
pdf_embedded_image,raw_image_block,,attachments/01_source_pdf/extracted_image_blocks/page_03_img_054_xref_311.png,114590,2026-04-30T21:20:21,保留的非黑底 PDF 图块
pdf_embedded_image,raw_image_block,,attachments/01_source_pdf/extracted_image_blocks/page_04_img_002_xref_335.png,205366,2026-04-30T21:20:22,保留的非黑底 PDF 图块
pdf_embedded_image,raw_image_block,,attachments/01_source_pdf/extracted_image_blocks/page_04_img_003_xref_342.png,188705,2026-04-30T21:20:22,保留的非黑底 PDF 图块
pdf_embedded_image,raw_image_block,,attachments/01_source_pdf/extracted_image_blocks/page_04_img_004_xref_355.png,3288,2026-04-30T21:20:22,保留的非黑底 PDF 图块
pdf_embedded_image,raw_image_block,,attachments/01_source_pdf/extracted_image_blocks/page_04_img_006_xref_359.png,2525,2026-04-30T21:20:22,保留的非黑底 PDF 图块
pdf_embedded_image,raw_image_block,,attachments/01_source_pdf/extracted_image_blocks/page_04_img_008_xref_362.png,2592,2026-04-30T21:20:22,保留的非黑底 PDF 图块
pdf_embedded_image,raw_image_block,,attachments/01_source_pdf/extracted_image_blocks/page_04_img_010_xref_366.png,2591,2026-04-30T21:20:22,保留的非黑底 PDF 图块
pdf_embedded_image,raw_image_block,,attachments/01_source_pdf/extracted_image_blocks/page_04_img_012_xref_370.png,2202,2026-04-30T21:20:22,保留的非黑底 PDF 图块
pdf_embedded_image,raw_image_block,,attachments/01_source_pdf/extracted_image_blocks/page_04_img_014_xref_373.png,2277,2026-04-30T21:20:22,保留的非黑底 PDF 图块
pdf_embedded_image,raw_image_block,,attachments/01_source_pdf/extracted_image_blocks/page_04_img_016_xref_377.png,2669,2026-04-30T21:20:22,保留的非黑底 PDF 图块
pdf_embedded_image,raw_image_block,,attachments/01_source_pdf/extracted_image_blocks/page_04_img_017_xref_379.png,2904,2026-04-30T21:20:22,保留的非黑底 PDF 图块
pdf_embedded_image,raw_image_block,,attachments/01_source_pdf/extracted_image_blocks/page_04_img_018_xref_381.png,2466,2026-04-30T21:20:22,保留的非黑底 PDF 图块
pdf_embedded_image,raw_image_block,,attachments/01_source_pdf/extracted_image_blocks/page_04_img_020_xref_385.png,2629,2026-04-30T21:20:22,保留的非黑底 PDF 图块
pdf_embedded_image,raw_image_block,,attachments/01_source_pdf/extracted_image_blocks/page_04_img_022_xref_389.png,2460,2026-04-30T21:20:22,保留的非黑底 PDF 图块
pdf_embedded_image,raw_image_block,,attachments/01_source_pdf/extracted_image_blocks/page_04_img_024_xref_392.png,2285,2026-04-30T21:20:22,保留的非黑底 PDF 图块
pdf_embedded_image,raw_image_block,,attachments/01_source_pdf/extracted_image_blocks/page_04_img_026_xref_396.png,2312,2026-04-30T21:20:22,保留的非黑底 PDF 图块
pdf_embedded_image,raw_image_block,,attachments/01_source_pdf/extracted_image_blocks/page_04_img_027_xref_398.png,2457,2026-04-30T21:20:22,保留的非黑底 PDF 图块
pdf_embedded_image,raw_image_block,,attachments/01_source_pdf/extracted_image_blocks/page_04_img_029_xref_402.png,162174,2026-04-30T21:20:22,保留的非黑底 PDF 图块
pdf_embedded_image,raw_image_block,,attachments/01_source_pdf/extracted_image_blocks/page_04_img_033_xref_409.png,25279,2026-04-30T21:20:22,保留的非黑底 PDF 图块
pdf_embedded_image,raw_image_block,,attachments/01_source_pdf/extracted_image_blocks/page_04_img_034_xref_410.png,42625,2026-04-30T21:20:22,保留的非黑底 PDF 图块
pdf_embedded_image,raw_image_block,,attachments/01_source_pdf/extracted_image_blocks/page_04_img_035_xref_411.png,25177,2026-04-30T21:20:22,保留的非黑底 PDF 图块
pdf_embedded_image,raw_image_block,,attachments/01_source_pdf/extracted_image_blocks/page_04_img_041_xref_427.png,616356,2026-04-30T21:20:22,保留的非黑底 PDF 图块
pdf_embedded_image,raw_image_block,,attachments/01_source_pdf/extracted_image_blocks/page_04_img_042_xref_428.png,290109,2026-04-30T21:20:22,保留的非黑底 PDF 图块
pdf_embedded_image,raw_image_block,,attachments/01_source_pdf/extracted_image_blocks/page_05_img_018_xref_451.png,1915853,2026-04-30T21:20:23,保留的非黑底 PDF 图块
pdf_embedded_image,raw_image_block,,attachments/01_source_pdf/extracted_image_blocks/page_05_img_019_xref_452.png,2219850,2026-04-30T21:20:24,保留的非黑底 PDF 图块
pdf_embedded_image,raw_image_block,,attachments/01_source_pdf/extracted_image_blocks/page_05_img_020_xref_453.png,292513,2026-04-30T21:20:24,保留的非黑底 PDF 图块
pdf_embedded_image,raw_image_block,,attachments/01_source_pdf/extracted_image_blocks/page_05_img_021_xref_454.png,1337873,2026-04-30T21:20:24,保留的非黑底 PDF 图块
pdf_extracted_table,raw_pdf_table,,attachments/01_source_pdf/extracted_pdf_tables/page_01_table_01.csv,1532,2026-04-30T21:20:24,PDF 自动抽表
pdf_extracted_table,raw_pdf_table,,attachments/01_source_pdf/extracted_pdf_tables/page_01_table_02.csv,133,2026-04-30T21:20:24,PDF 自动抽表
pdf_extracted_table,raw_pdf_table,,attachments/01_source_pdf/extracted_pdf_tables/page_02_table_01.csv,98,2026-04-30T21:20:24,PDF 自动抽表
pdf_extracted_table,raw_pdf_table,,attachments/01_source_pdf/extracted_pdf_tables/page_02_table_02.csv,14,2026-04-30T21:20:24,PDF 自动抽表
pdf_extracted_table,raw_pdf_table,,attachments/01_source_pdf/extracted_pdf_tables/page_02_table_03.csv,93,2026-04-30T21:20:24,PDF 自动抽表
pdf_extracted_table,raw_pdf_table,,attachments/01_source_pdf/extracted_pdf_tables/page_02_table_04.csv,32,2026-04-30T21:20:24,PDF 自动抽表
pdf_extracted_table,raw_pdf_table,,attachments/01_source_pdf/extracted_pdf_tables/page_02_table_05.csv,16,2026-04-30T21:20:24,PDF 自动抽表
pdf_extracted_table,raw_pdf_table,,attachments/01_source_pdf/extracted_pdf_tables/page_02_table_06.csv,11,2026-04-30T21:20:24,PDF 自动抽表
pdf_extracted_table,raw_pdf_table,,attachments/01_source_pdf/extracted_pdf_tables/page_02_table_07.csv,45,2026-04-30T21:20:24,PDF 自动抽表
pdf_extracted_table,raw_pdf_table,,attachments/01_source_pdf/extracted_pdf_tables/page_02_table_08.csv,93,2026-04-30T21:20:24,PDF 自动抽表
pdf_extracted_table,raw_pdf_table,,attachments/01_source_pdf/extracted_pdf_tables/page_02_table_09.csv,20,2026-04-30T21:20:24,PDF 自动抽表
pdf_extracted_table,raw_pdf_table,,attachments/01_source_pdf/extracted_pdf_tables/page_02_table_10.csv,10,2026-04-30T21:20:25,PDF 自动抽表
pdf_extracted_table,raw_pdf_table,,attachments/01_source_pdf/extracted_pdf_tables/page_02_table_11.csv,6,2026-04-30T21:20:25,PDF 自动抽表
pdf_extracted_table,raw_pdf_table,,attachments/01_source_pdf/extracted_pdf_tables/page_02_table_12.csv,16,2026-04-30T21:20:25,PDF 自动抽表
pdf_extracted_table,raw_pdf_table,,attachments/01_source_pdf/extracted_pdf_tables/page_02_table_13.csv,48,2026-04-30T21:20:25,PDF 自动抽表
pdf_extracted_table,raw_pdf_table,,attachments/01_source_pdf/extracted_pdf_tables/page_02_table_14.csv,6,2026-04-30T21:20:25,PDF 自动抽表
pdf_extracted_table,raw_pdf_table,,attachments/01_source_pdf/extracted_pdf_tables/page_02_table_15.csv,22,2026-04-30T21:20:25,PDF 自动抽表
pdf_extracted_table,raw_pdf_table,,attachments/01_source_pdf/extracted_pdf_tables/page_02_table_16.csv,17,2026-04-30T21:20:25,PDF 自动抽表
pdf_extracted_table,raw_pdf_table,,attachments/01_source_pdf/extracted_pdf_tables/page_02_table_17.csv,18,2026-04-30T21:20:25,PDF 自动抽表
pdf_extracted_table,raw_pdf_table,,attachments/01_source_pdf/extracted_pdf_tables/page_02_table_18.csv,12,2026-04-30T21:20:25,PDF 自动抽表
pdf_extracted_table,raw_pdf_table,,attachments/01_source_pdf/extracted_pdf_tables/page_02_table_19.csv,13,2026-04-30T21:20:25,PDF 自动抽表
pdf_extracted_table,raw_pdf_table,,attachments/01_source_pdf/extracted_pdf_tables/page_02_table_20.csv,58,2026-04-30T21:20:25,PDF 自动抽表
pdf_extracted_table,raw_pdf_table,,attachments/01_source_pdf/extracted_pdf_tables/page_02_table_21.csv,7,2026-04-30T21:20:25,PDF 自动抽表
pdf_extracted_table,raw_pdf_table,,attachments/01_source_pdf/extracted_pdf_tables/page_04_table_01.csv,371,2026-04-30T21:20:31,PDF 自动抽表
pdf_extracted_table,raw_pdf_table,,attachments/01_source_pdf/extracted_pdf_tables/page_05_table_01.csv,15,2026-04-30T21:20:31,PDF 自动抽表
pdf_text,context_text,,attachments/01_source_pdf/extracted_text/all_pages_extracted_text.txt,3555,2026-04-30T21:20:24,PDF 抽取文本
pdf_text,context_text,,attachments/01_source_pdf/extracted_text/page_01.txt,1610,2026-04-30T21:20:16,PDF 抽取文本
pdf_text,context_text,,attachments/01_source_pdf/extracted_text/page_02.txt,501,2026-04-30T21:20:18,PDF 抽取文本
pdf_text,context_text,,attachments/01_source_pdf/extracted_text/page_03.txt,828,2026-04-30T21:20:19,PDF 抽取文本
pdf_text,context_text,,attachments/01_source_pdf/extracted_text/page_04.txt,408,2026-04-30T21:20:22,PDF 抽取文本
pdf_text,context_text,,attachments/01_source_pdf/extracted_text/page_05.txt,90,2026-04-30T21:20:23,PDF 抽取文本
pdf_page_render,context_page,,attachments/01_source_pdf/rendered_pages/page_01.png,2169748,2026-04-30T21:20:16,PDF 页面浅底渲染
pdf_page_render,context_page,,attachments/01_source_pdf/rendered_pages/page_02.png,5425532,2026-04-30T21:20:18,PDF 页面浅底渲染
pdf_page_render,context_page,,attachments/01_source_pdf/rendered_pages/page_03.png,5756777,2026-04-30T21:20:19,PDF 页面浅底渲染
pdf_page_render,context_page,,attachments/01_source_pdf/rendered_pages/page_04.png,1149026,2026-04-30T21:20:22,PDF 页面浅底渲染
pdf_page_render,context_page,,attachments/01_source_pdf/rendered_pages/page_05.png,2627151,2026-04-30T21:20:23,PDF 页面浅底渲染
package_file,package_file,,attachments/02_project_paper/FIGURE_TABLE_PLAN_TBME.md,7293,2026-04-09T16:09:33,
package_file,package_file,,attachments/02_project_paper/main.tex,659,2026-04-27T16:18:58,
package_file,package_file,,attachments/02_project_paper/manuscript_sections/abstract.tex,2548,2026-04-12T16:09:29,
package_file,package_file,,attachments/02_project_paper/manuscript_sections/discussion.tex,4246,2026-04-12T16:10:23,
package_file,package_file,,attachments/02_project_paper/manuscript_sections/methods.tex,15461,2026-04-27T16:29:01,
package_file,package_file,,attachments/02_project_paper/manuscript_sections/results.tex,5372,2026-04-27T16:29:01,
package_file,package_file,,attachments/02_project_paper/paper_main.pdf,20805577,2026-04-27T16:59:23,
package_file,package_file,,attachments/02_project_paper/references.bib,5866,2026-04-09T12:53:27,
package_file,package_file,,attachments/02_project_paper/sections/abstract.tex,2989,2026-04-27T16:18:58,
package_file,package_file,,attachments/02_project_paper/sections/conclusion.tex,1415,2026-04-27T16:18:58,
package_file,package_file,,attachments/02_project_paper/sections/discussion.tex,5174,2026-04-27T16:26:47,
package_file,package_file,,attachments/02_project_paper/sections/introduction.tex,5800,2026-04-27T16:18:58,
package_file,package_file,,attachments/02_project_paper/sections/methods.tex,15939,2026-04-27T16:58:56,
package_file,package_file,,attachments/02_project_paper/sections/results.tex,13986,2026-04-27T16:56:35,
original_figure,clean_original_figure,,attachments/03_original_figures/figures_workspace/Fig1_positive_mean_files12_compact_turbo.png,829294,2026-04-09T16:09:33,保留的非黑底原图
original_figure,clean_original_figure,,attachments/03_original_figures/figures_workspace/Fig2_negative_mean_files12_compact_turbo.png,756977,2026-04-09T16:09:33,保留的非黑底原图
original_figure,clean_original_figure,,attachments/03_original_figures/figures_workspace/Fig2_selected_feature_significance_tnr.png,1115774,2026-04-09T16:09:33,保留的非黑底原图
original_figure,clean_original_figure,,attachments/03_original_figures/figures_workspace/Fig2b_grouped_positive_trends_tnr.png,922850,2026-04-09T16:09:33,保留的非黑底原图
original_figure,clean_original_figure,,attachments/03_original_figures/figures_workspace/Fig3_best_detected_test_windows_compact_turbo.png,923485,2026-04-09T16:09:33,保留的非黑底原图
original_figure,clean_original_figure,,attachments/03_original_figures/figures_workspace/Fig3_quantitative_comparison_tnr.png,884845,2026-04-09T16:09:33,保留的非黑底原图
original_figure,clean_original_figure,,attachments/03_original_figures/figures_workspace/Fig3a_xgb_shap_detection.png,299506,2026-04-09T16:09:33,保留的非黑底原图
original_figure,clean_original_figure,,attachments/03_original_figures/figures_workspace/Fig3b_xgb_shap_size.png,377807,2026-04-09T16:09:33,保留的非黑底原图
original_figure,clean_original_figure,,attachments/03_original_figures/figures_workspace/Fig3c_xgb_shap_depth.png,253063,2026-04-09T16:09:33,保留的非黑底原图
original_figure,clean_original_figure,,attachments/03_original_figures/figures_workspace/Fig4_interpretability_tnr.png,650638,2026-04-09T16:09:33,保留的非黑底原图
original_figure,clean_original_figure,,attachments/03_original_figures/figures_workspace/Fig5_stage3_depth_gt_route.png,121255,2026-04-09T16:09:33,保留的非黑底原图
original_figure,clean_original_figure,,attachments/03_original_figures/figures_workspace/Fig5_topjournal_realtime_evidence_20260430.pdf,636834,2026-04-30T17:27:14,保留的非黑底原图
original_figure,clean_original_figure,,attachments/03_original_figures/figures_workspace/FigD_V5_R5_algorithm_publication_v3.pdf,120057,2026-04-28T19:38:38,保留的非黑底原图
original_figure,clean_original_figure,,attachments/03_original_figures/figures_workspace/FigD_V5_R5_algorithm_publication_v3.png,717067,2026-04-28T19:38:37,保留的非黑底原图
original_figure,clean_original_figure,,attachments/03_original_figures/figures_workspace/FigD_V5_R5_algorithm_publication_v3.svg,236053,2026-04-28T19:38:37,保留的非黑底原图
original_figure,clean_original_figure,,attachments/03_original_figures/figures_workspace/FigD_V5_R5_algorithm_publication_v4.pdf,123232,2026-04-28T19:46:09,保留的非黑底原图
original_figure,clean_original_figure,,attachments/03_original_figures/figures_workspace/FigD_V5_R5_algorithm_publication_v4.png,703476,2026-04-28T19:46:08,保留的非黑底原图
original_figure,clean_original_figure,,attachments/03_original_figures/figures_workspace/FigD_V5_R5_algorithm_publication_v4.svg,235068,2026-04-28T19:46:08,保留的非黑底原图
original_figure,clean_original_figure,,attachments/03_original_figures/figures_workspace/FigD_V5_R5_algorithm_publication_v5.pdf,114380,2026-04-28T19:52:20,保留的非黑底原图
original_figure,clean_original_figure,,attachments/03_original_figures/figures_workspace/FigD_V5_R5_algorithm_publication_v5.png,632489,2026-04-28T19:52:19,保留的非黑底原图
original_figure,clean_original_figure,,attachments/03_original_figures/figures_workspace/FigD_V5_R5_algorithm_publication_v5.svg,222330,2026-04-28T19:52:19,保留的非黑底原图
original_figure,clean_original_figure,,attachments/03_original_figures/figures_workspace/FigI_intro_overview_from_master.png,2958726,2026-04-09T11:42:31,保留的非黑底原图
original_figure,clean_original_figure,,attachments/03_original_figures/figures_workspace/FigM1_method_experiment_ab_20260409.png,5163545,2026-04-09T11:19:22,保留的非黑底原图
original_figure,clean_original_figure,,attachments/03_original_figures/figures_workspace/FigM1_method_experiment_from_master.png,5163545,2026-04-09T11:42:18,保留的非黑底原图
original_figure,clean_original_figure,,attachments/03_original_figures/figures_workspace/FigM2_method_model_c_20260409.png,1994784,2026-04-09T11:19:56,保留的非黑底原图
original_figure,clean_original_figure,,attachments/03_original_figures/figures_workspace/FigM2_method_model_from_master.png,1994784,2026-04-09T11:42:19,保留的非黑底原图
original_figure,clean_original_figure,,attachments/03_original_figures/figures_workspace/FigM3_R5_hybrid_architecture.pdf,35759,2026-04-27T21:08:38,保留的非黑底原图
original_figure,clean_original_figure,,attachments/03_original_figures/figures_workspace/FigM3_R5_hybrid_architecture.png,709448,2026-04-27T21:08:38,保留的非黑底原图
original_figure,clean_original_figure,,attachments/03_original_figures/figures_workspace/FigM3_R5_hybrid_architecture.svg,41944,2026-04-27T21:08:38,保留的非黑底原图
original_figure,clean_original_figure,,attachments/03_original_figures/figures_workspace/FigR1_top_tactile_stats_from_master.png,8522613,2026-04-09T11:42:26,保留的非黑底原图
original_figure,clean_original_figure,,attachments/03_original_figures/figures_workspace/FigR2_mid_quant_confusion_from_master.png,1615002,2026-04-09T11:42:28,保留的非黑底原图
original_figure,clean_original_figure,,attachments/03_original_figures/figures_workspace/FigR3_bottom_cam_from_master.png,653529,2026-04-09T11:42:29,保留的非黑底原图
original_figure,clean_original_figure,,attachments/03_original_figures/figures_workspace/ai_v5r5_modular_topjournal_candidate.png,1419852,2026-04-28T20:46:44,保留的非黑底原图
original_figure,clean_original_figure,,attachments/03_original_figures/figures_workspace/algorithm_flow_abc_topjournal.pdf,71505,2026-04-29T20:22:34,保留的非黑底原图
original_figure,clean_original_figure,,attachments/03_original_figures/figures_workspace/algorithm_flow_abc_topjournal.png,748468,2026-04-29T20:22:33,保留的非黑底原图
original_figure,clean_original_figure,,attachments/03_original_figures/figures_workspace/algorithm_flow_abc_topjournal.svg,91435,2026-04-29T20:22:34,保留的非黑底原图
original_figure,clean_original_figure,,attachments/03_original_figures/figures_workspace/fig5_individual_evidence_20260430/A_realtime_gate_sequence.pdf,66287,2026-04-30T17:37:32,保留的非黑底原图
original_figure,clean_original_figure,,attachments/03_original_figures/figures_workspace/fig5_individual_evidence_20260430/B_gated_cascade_decision.pdf,51024,2026-04-30T17:37:33,保留的非黑底原图
original_figure,clean_original_figure,,attachments/03_original_figures/figures_workspace/fig5_individual_evidence_20260430/C_task_guided_scorecam_mechanism.pdf,214432,2026-04-30T17:37:36,保留的非黑底原图
original_figure,clean_original_figure,,attachments/03_original_figures/figures_workspace/fig5_individual_evidence_20260430/D_locked_quantitative_evidence.pdf,174205,2026-04-30T17:37:41,保留的非黑底原图
original_figure,clean_original_figure,,attachments/03_original_figures/figures_workspace/fig5_individual_evidence_20260430/E_physical_matrix_generalization.pdf,136421,2026-04-30T17:37:47,保留的非黑底原图
original_figure,clean_original_figure,,attachments/03_original_figures/figures_workspace/fig5_individual_evidence_20260430/F_boundary_failure_audit.pdf,54559,2026-04-30T17:37:50,保留的非黑底原图
original_figure,clean_original_figure,,attachments/03_original_figures/figures_workspace/image2_combined_inference_and_modules_20260430.pdf,389377,2026-04-30T09:02:06,保留的非黑底原图
original_figure,clean_original_figure,,attachments/03_original_figures/figures_workspace/image2_combined_inference_and_modules_20260430.png,2979034,2026-04-30T09:02:06,保留的非黑底原图
original_figure,clean_original_figure,,attachments/03_original_figures/figures_workspace/image2_combined_inference_and_modules_times_20260430.pdf,306035,2026-04-30T09:16:49,保留的非黑底原图
original_figure,clean_original_figure,,attachments/03_original_figures/figures_workspace/image2_combined_inference_and_modules_times_20260430.png,1784181,2026-04-30T09:16:48,保留的非黑底原图
original_figure,clean_original_figure,,attachments/03_original_figures/figures_workspace/image2_fig4B_data_format_20260430.pdf,300132,2026-04-30T17:15:54,保留的非黑底原图
original_figure,clean_original_figure,,attachments/03_original_figures/figures_workspace/image2_forward_propagation_cnn_mstcn.png,344807,2026-04-29T10:33:30,保留的非黑底原图
original_figure,clean_original_figure,,attachments/03_original_figures/figures_workspace/image2_module_details_times_20260430.png,225594,2026-04-30T09:16:48,保留的非黑底原图
original_figure,clean_original_figure,,attachments/03_original_figures/figures_workspace/image2_real_modules_final_algorithm.png,488738,2026-04-29T12:49:59,保留的非黑底原图
original_figure,clean_original_figure,,attachments/03_original_figures/figures_workspace/image2_real_tactile_window_3d.pdf,3096900,2026-04-29T13:15:48,保留的非黑底原图
original_figure,clean_original_figure,,attachments/03_original_figures/figures_workspace/image2_real_tactile_window_3d_clean.pdf,2167089,2026-04-29T13:16:04,保留的非黑底原图
original_figure,clean_original_figure,,attachments/03_original_figures/figures_workspace/image2_selected_two_panel_combined_20260430.pdf,374903,2026-04-30T09:20:48,保留的非黑底原图
original_figure,clean_original_figure,,attachments/03_original_figures/figures_workspace/image2_selected_two_panel_combined_20260430.png,2864647,2026-04-30T09:20:48,保留的非黑底原图
original_figure,clean_original_figure,,attachments/03_original_figures/figures_workspace/image2_top_journal_algorithm_20260429.pdf,524425,2026-04-29T22:54:39,保留的非黑底原图
original_figure,clean_original_figure,,attachments/03_original_figures/figures_workspace/image2_top_journal_algorithm_20260429.png,312564,2026-04-29T22:54:39,保留的非黑底原图
original_figure,clean_original_figure,,attachments/03_original_figures/figures_workspace/image2_topjournal_variants/image2A_two_level_topjournal.pdf,40293,2026-04-29T15:49:26,保留的非黑底原图
original_figure,clean_original_figure,,attachments/03_original_figures/figures_workspace/image2_topjournal_variants/image2A_two_level_topjournal.svg,149829,2026-04-29T15:49:26,保留的非黑底原图
original_figure,clean_original_figure,,attachments/03_original_figures/figures_workspace/image2_topjournal_variants/image2B_evidence_architecture_topjournal.pdf,42392,2026-04-29T15:49:27,保留的非黑底原图
original_figure,clean_original_figure,,attachments/03_original_figures/figures_workspace/image2_topjournal_variants/image2B_evidence_architecture_topjournal.svg,158730,2026-04-29T15:49:27,保留的非黑底原图
original_figure,clean_original_figure,,attachments/03_original_figures/figures_workspace/image2_topjournal_variants/image2C_compact_topjournal.pdf,37732,2026-04-29T15:49:27,保留的非黑底原图
original_figure,clean_original_figure,,attachments/03_original_figures/figures_workspace/image2_topjournal_variants/image2C_compact_topjournal.svg,124727,2026-04-29T15:49:28,保留的非黑底原图
original_figure,clean_original_figure,,attachments/03_original_figures/figures_workspace/image2_v5r5_hybrid_borrowed_style.pdf,322879,2026-04-29T14:02:31,保留的非黑底原图
original_figure,clean_original_figure,,attachments/03_original_figures/figures_workspace/image2_v5r5_hybrid_borrowed_style.png,209493,2026-04-29T14:02:31,保留的非黑底原图
original_figure,clean_original_figure,,attachments/03_original_figures/figures_workspace/master_from_user/intro_master.png,3145001,2026-04-06T04:10:14,保留的非黑底原图
original_figure,clean_original_figure,,attachments/03_original_figures/figures_workspace/master_from_user/method_master.png,8056438,2026-04-07T19:51:56,保留的非黑底原图
original_figure,clean_original_figure,,attachments/03_original_figures/figures_workspace/master_from_user/result_master.png,10453342,2026-04-08T16:55:42,保留的非黑底原图
original_figure,clean_original_figure,,attachments/03_original_figures/figures_workspace/scorecam_3d_dpanel_clean.pdf,1704530,2026-04-29T21:27:32,保留的非黑底原图
original_figure,clean_original_figure,,attachments/03_original_figures/figures_workspace/scorecam_3d_dpanel_clean.png,895205,2026-04-29T21:27:24,保留的非黑底原图
original_figure,clean_original_figure,,attachments/03_original_figures/figures_workspace/scorecam_3d_evidence_metadata.json,1583,2026-04-29T21:27:51,保留的非黑底原图
original_figure,clean_original_figure,,attachments/03_original_figures/figures_workspace/scorecam_3d_front_stack_clean.pdf,93892,2026-04-29T21:27:38,保留的非黑底原图
original_figure,clean_original_figure,,attachments/03_original_figures/figures_workspace/scorecam_3d_front_stack_clean.png,226174,2026-04-29T21:27:34,保留的非黑底原图
original_figure,clean_original_figure,,attachments/03_original_figures/figures_workspace/scorecam_3d_front_stack_depth.pdf,53363,2026-04-29T21:27:51,保留的非黑底原图
original_figure,clean_original_figure,,attachments/03_original_figures/figures_workspace/scorecam_3d_front_stack_depth.png,70330,2026-04-29T21:27:49,保留的非黑底原图
original_figure,clean_original_figure,,attachments/03_original_figures/figures_workspace/scorecam_3d_front_stack_detection.pdf,54030,2026-04-29T21:27:42,保留的非黑底原图
original_figure,clean_original_figure,,attachments/03_original_figures/figures_workspace/scorecam_3d_front_stack_detection.png,73587,2026-04-29T21:27:40,保留的非黑底原图
original_figure,clean_original_figure,,attachments/03_original_figures/figures_workspace/scorecam_3d_front_stack_size.pdf,55900,2026-04-29T21:27:47,保留的非黑底原图
original_figure,clean_original_figure,,attachments/03_original_figures/figures_workspace/scorecam_3d_front_stack_size.png,74715,2026-04-29T21:27:44,保留的非黑底原图
original_figure,clean_original_figure,,attachments/03_original_figures/figures_workspace/scorecam_3d_task_evidence.pdf,1720579,2026-04-29T21:26:09,保留的非黑底原图
original_figure,clean_original_figure,,attachments/03_original_figures/figures_workspace/scorecam_3d_task_evidence.png,1287402,2026-04-29T21:26:00,保留的非黑底原图
original_figure,clean_original_figure,,attachments/03_original_figures/figures_workspace/scorecam_3d_temporal_stack_depth.pdf,2938479,2026-04-29T21:27:19,保留的非黑底原图
original_figure,clean_original_figure,,attachments/03_original_figures/figures_workspace/scorecam_3d_temporal_stack_depth.png,842734,2026-04-29T21:27:05,保留的非黑底原图
original_figure,clean_original_figure,,attachments/03_original_figures/figures_workspace/scorecam_3d_temporal_stack_detection.pdf,3104393,2026-04-29T21:26:33,保留的非黑底原图
original_figure,clean_original_figure,,attachments/03_original_figures/figures_workspace/scorecam_3d_temporal_stack_detection.png,821948,2026-04-29T21:26:19,保留的非黑底原图
original_figure,clean_original_figure,,attachments/03_original_figures/figures_workspace/scorecam_3d_temporal_stack_size.pdf,3160656,2026-04-29T21:26:56,保留的非黑底原图
original_figure,clean_original_figure,,attachments/03_original_figures/figures_workspace/scorecam_3d_temporal_stack_size.png,845249,2026-04-29T21:26:41,保留的非黑底原图
original_figure,clean_original_figure,,attachments/03_original_figures/figures_workspace/v5r5_curve_options/v5r5_depth_aligned_mean_sem.pdf,47125,2026-04-28T21:48:30,保留的非黑底原图
original_figure,clean_original_figure,,attachments/03_original_figures/figures_workspace/v5r5_curve_options/v5r5_depth_aligned_mean_sem.png,175904,2026-04-28T21:48:30,保留的非黑底原图
original_figure,clean_original_figure,,attachments/03_original_figures/figures_workspace/v5r5_curve_options/v5r5_depth_aligned_mean_sem.svg,38698,2026-04-28T21:48:30,保留的非黑底原图
original_figure,clean_original_figure,,attachments/03_original_figures/figures_workspace/v5r5_curve_options/v5r5_feature_decomposition.pdf,42121,2026-04-28T21:48:31,保留的非黑底原图
original_figure,clean_original_figure,,attachments/03_original_figures/figures_workspace/v5r5_curve_options/v5r5_feature_decomposition.png,181481,2026-04-28T21:48:31,保留的非黑底原图
original_figure,clean_original_figure,,attachments/03_original_figures/figures_workspace/v5r5_curve_options/v5r5_feature_decomposition.svg,20564,2026-04-28T21:48:31,保留的非黑底原图
original_figure,clean_original_figure,,attachments/03_original_figures/figures_workspace/v5r5_curve_options/v5r5_size_depth_peak_contrast.pdf,40482,2026-04-28T21:48:31,保留的非黑底原图
original_figure,clean_original_figure,,attachments/03_original_figures/figures_workspace/v5r5_curve_options/v5r5_size_depth_peak_contrast.png,143120,2026-04-28T21:48:30,保留的非黑底原图
original_figure,clean_original_figure,,attachments/03_original_figures/figures_workspace/v5r5_curve_options/v5r5_size_depth_peak_contrast.svg,17185,2026-04-28T21:48:30,保留的非黑底原图
original_figure,clean_original_figure,,attachments/03_original_figures/figures_workspace/v5r5_curve_options/v5r5_smoothed_representative_units.pdf,47940,2026-04-28T21:48:29,保留的非黑底原图
original_figure,clean_original_figure,,attachments/03_original_figures/figures_workspace/v5r5_curve_options/v5r5_smoothed_representative_units.png,229714,2026-04-28T21:48:29,保留的非黑底原图
original_figure,clean_original_figure,,attachments/03_original_figures/figures_workspace/v5r5_curve_options/v5r5_smoothed_representative_units.svg,42291,2026-04-28T21:48:29,保留的非黑底原图
original_figure,clean_original_figure,,attachments/03_original_figures/figures_workspace/v5r5_curve_options/v5r5_useful_smoothed_curve_gallery.pdf,65143,2026-04-28T21:48:33,保留的非黑底原图
original_figure,clean_original_figure,,attachments/03_original_figures/figures_workspace/v5r5_curve_options/v5r5_useful_smoothed_curve_gallery.png,635920,2026-04-28T21:48:32,保留的非黑底原图
original_figure,clean_original_figure,,attachments/03_original_figures/figures_workspace/v5r5_curve_options/v5r5_useful_smoothed_curve_gallery.svg,94171,2026-04-28T21:48:32,保留的非黑底原图
original_figure,clean_original_figure,,attachments/03_original_figures/figures_workspace/v5r5_representative_response_curves.pdf,53905,2026-04-28T21:42:40,保留的非黑底原图
original_figure,clean_original_figure,,attachments/03_original_figures/figures_workspace/v5r5_representative_response_curves.png,308297,2026-04-28T21:42:39,保留的非黑底原图
original_figure,clean_original_figure,,attachments/03_original_figures/figures_workspace/v5r5_representative_response_curves.svg,53591,2026-04-28T21:42:39,保留的非黑底原图
original_figure,clean_original_figure,,attachments/03_original_figures/figures_workspace/v5r5_total_pressure_options/v5r5_total_pressure_by_coarse_depth.pdf,49574,2026-04-28T21:54:39,保留的非黑底原图
original_figure,clean_original_figure,,attachments/03_original_figures/figures_workspace/v5r5_total_pressure_options/v5r5_total_pressure_by_coarse_depth.png,176497,2026-04-28T21:54:38,保留的非黑底原图
original_figure,clean_original_figure,,attachments/03_original_figures/figures_workspace/v5r5_total_pressure_options/v5r5_total_pressure_by_coarse_depth.svg,45960,2026-04-28T21:54:38,保留的非黑底原图
original_figure,clean_original_figure,,attachments/03_original_figures/figures_workspace/v5r5_total_pressure_options/v5r5_total_pressure_by_size.pdf,41304,2026-04-28T21:54:39,保留的非黑底原图
original_figure,clean_original_figure,,attachments/03_original_figures/figures_workspace/v5r5_total_pressure_options/v5r5_total_pressure_by_size.png,214195,2026-04-28T21:54:39,保留的非黑底原图
original_figure,clean_original_figure,,attachments/03_original_figures/figures_workspace/v5r5_total_pressure_options/v5r5_total_pressure_by_size.svg,25642,2026-04-28T21:54:39,保留的非黑底原图
original_figure,clean_original_figure,,attachments/03_original_figures/figures_workspace/v5r5_total_pressure_options/v5r5_total_pressure_curve_gallery.pdf,73330,2026-04-28T21:54:42,保留的非黑底原图
original_figure,clean_original_figure,,attachments/03_original_figures/figures_workspace/v5r5_total_pressure_options/v5r5_total_pressure_curve_gallery.png,694212,2026-04-28T21:54:41,保留的非黑底原图
original_figure,clean_original_figure,,attachments/03_original_figures/figures_workspace/v5r5_total_pressure_options/v5r5_total_pressure_curve_gallery.svg,126200,2026-04-28T21:54:42,保留的非黑底原图
original_figure,clean_original_figure,,attachments/03_original_figures/figures_workspace/v5r5_total_pressure_options/v5r5_total_pressure_curve_manifest.json,530,2026-04-28T21:54:42,保留的非黑底原图
original_figure,clean_original_figure,,attachments/03_original_figures/figures_workspace/v5r5_total_pressure_options/v5r5_total_pressure_peak_size_depth_lines.pdf,42794,2026-04-28T21:54:41,保留的非黑底原图
original_figure,clean_original_figure,,attachments/03_original_figures/figures_workspace/v5r5_total_pressure_options/v5r5_total_pressure_peak_size_depth_lines.png,246432,2026-04-28T21:54:41,保留的非黑底原图
original_figure,clean_original_figure,,attachments/03_original_figures/figures_workspace/v5r5_total_pressure_options/v5r5_total_pressure_peak_size_depth_lines.svg,23327,2026-04-28T21:54:41,保留的非黑底原图
original_figure,clean_original_figure,,attachments/03_original_figures/figures_workspace/v5r5_total_pressure_options/v5r5_total_pressure_positive_vs_nonpositive.pdf,44762,2026-04-28T21:54:38,保留的非黑底原图
original_figure,clean_original_figure,,attachments/03_original_figures/figures_workspace/v5r5_total_pressure_options/v5r5_total_pressure_positive_vs_nonpositive.png,149382,2026-04-28T21:54:38,保留的非黑底原图
original_figure,clean_original_figure,,attachments/03_original_figures/figures_workspace/v5r5_total_pressure_options/v5r5_total_pressure_positive_vs_nonpositive.svg,30873,2026-04-28T21:54:38,保留的非黑底原图
original_figure,clean_original_figure,,attachments/03_original_figures/figures_workspace/v5r5_total_pressure_options/v5r5_total_pressure_size_curves_by_depth_panel.pdf,60082,2026-04-28T21:54:40,保留的非黑底原图
original_figure,clean_original_figure,,attachments/03_original_figures/figures_workspace/v5r5_total_pressure_options/v5r5_total_pressure_size_curves_by_depth_panel.png,695556,2026-04-28T21:54:40,保留的非黑底原图
original_figure,clean_original_figure,,attachments/03_original_figures/figures_workspace/v5r5_total_pressure_options/v5r5_total_pressure_size_curves_by_depth_panel.svg,100969,2026-04-28T21:54:40,保留的非黑底原图
original_figure,clean_original_figure,,attachments/03_original_figures/paper_figures/Fig1_positive_mean_files12_compact_turbo.png,829294,2026-04-09T16:09:33,保留的非黑底原图
original_figure,clean_original_figure,,attachments/03_original_figures/paper_figures/Fig2_negative_mean_files12_compact_turbo.png,756977,2026-04-09T10:52:28,保留的非黑底原图
original_figure,clean_original_figure,,attachments/03_original_figures/paper_figures/Fig2_selected_feature_significance_tnr.png,1115774,2026-04-09T10:52:28,保留的非黑底原图
original_figure,clean_original_figure,,attachments/03_original_figures/paper_figures/Fig2b_grouped_positive_trends_tnr.png,922850,2026-04-09T10:52:28,保留的非黑底原图
original_figure,clean_original_figure,,attachments/03_original_figures/paper_figures/Fig3_best_detected_test_windows_compact_turbo.png,923485,2026-04-09T10:52:28,保留的非黑底原图
original_figure,clean_original_figure,,attachments/03_original_figures/paper_figures/Fig3_quantitative_comparison_tnr.png,884845,2026-04-09T10:52:28,保留的非黑底原图
original_figure,clean_original_figure,,attachments/03_original_figures/paper_figures/Fig3a_xgb_shap_detection.png,299506,2026-04-09T10:52:28,保留的非黑底原图
original_figure,clean_original_figure,,attachments/03_original_figures/paper_figures/Fig3b_xgb_shap_size.png,377807,2026-04-09T10:52:28,保留的非黑底原图
original_figure,clean_original_figure,,attachments/03_original_figures/paper_figures/Fig3c_xgb_shap_depth.png,253063,2026-04-09T10:52:28,保留的非黑底原图
original_figure,clean_original_figure,,attachments/03_original_figures/paper_figures/Fig4_interpretability_tnr.png,650638,2026-04-09T10:52:28,保留的非黑底原图
original_figure,clean_original_figure,,attachments/03_original_figures/paper_figures/Fig4_physics_evidence_tbme_20260409.png,456989,2026-04-24T14:23:47,保留的非黑底原图
original_figure,clean_original_figure,,attachments/03_original_figures/paper_figures/Fig5_stage3_depth_gt_route.png,121255,2026-04-09T10:52:28,保留的非黑底原图
original_figure,clean_original_figure,,attachments/03_original_figures/paper_figures/Fig5_topjournal_realtime_evidence_20260430.pdf,636834,2026-04-30T17:27:14,保留的非黑底原图
original_figure,clean_original_figure,,attachments/03_original_figures/paper_figures/Fig6_residual_inversion_scorecam_20260427.pdf,296023,2026-04-27T16:47:43,保留的非黑底原图
original_figure,clean_original_figure,,attachments/03_original_figures/paper_figures/Fig6_residual_inversion_scorecam_20260427.png,879519,2026-04-27T16:47:41,保留的非黑底原图
original_figure,clean_original_figure,,attachments/03_original_figures/paper_figures/FigI_intro_overview_from_master.png,2958726,2026-04-09T11:42:31,保留的非黑底原图
original_figure,clean_original_figure,,attachments/03_original_figures/paper_figures/FigM1_method_experiment_ab_20260409.png,5163545,2026-04-09T11:19:22,保留的非黑底原图
original_figure,clean_original_figure,,attachments/03_original_figures/paper_figures/FigM1_method_experiment_from_master.png,5163545,2026-04-09T11:42:18,保留的非黑底原图
original_figure,clean_original_figure,,attachments/03_original_figures/paper_figures/FigM2_method_model_c_20260409.png,1994784,2026-04-09T11:19:56,保留的非黑底原图
original_figure,clean_original_figure,,attachments/03_original_figures/paper_figures/FigM2_method_model_from_master.png,1994784,2026-04-09T11:42:19,保留的非黑底原图
original_figure,clean_original_figure,,attachments/03_original_figures/paper_figures/FigR1_top_tactile_stats_from_master.png,8522613,2026-04-09T11:42:26,保留的非黑底原图
original_figure,clean_original_figure,,attachments/03_original_figures/paper_figures/FigR2_mid_quant_confusion_from_master.png,1615002,2026-04-09T11:42:28,保留的非黑底原图
original_figure,clean_original_figure,,attachments/03_original_figures/paper_figures/FigR3_bottom_cam_from_master.png,653529,2026-04-09T11:42:29,保留的非黑底原图
original_figure,clean_original_figure,,attachments/03_original_figures/paper_figures/fig5_individual_evidence_20260430/A_realtime_gate_sequence.pdf,66287,2026-04-30T17:37:32,保留的非黑底原图
original_figure,clean_original_figure,,attachments/03_original_figures/paper_figures/fig5_individual_evidence_20260430/B_gated_cascade_decision.pdf,51024,2026-04-30T17:37:33,保留的非黑底原图
original_figure,clean_original_figure,,attachments/03_original_figures/paper_figures/fig5_individual_evidence_20260430/C_task_guided_scorecam_mechanism.pdf,214432,2026-04-30T17:37:36,保留的非黑底原图
original_figure,clean_original_figure,,attachments/03_original_figures/paper_figures/fig5_individual_evidence_20260430/D_locked_quantitative_evidence.pdf,174205,2026-04-30T17:37:41,保留的非黑底原图
original_figure,clean_original_figure,,attachments/03_original_figures/paper_figures/fig5_individual_evidence_20260430/E_physical_matrix_generalization.pdf,136421,2026-04-30T17:37:47,保留的非黑底原图
original_figure,clean_original_figure,,attachments/03_original_figures/paper_figures/fig5_individual_evidence_20260430/F_boundary_failure_audit.pdf,54559,2026-04-30T17:37:50,保留的非黑底原图
original_figure,clean_original_figure,,attachments/03_original_figures/source_photos/微信图片_20250925124327_71_2.jpg,116346,2026-04-09T16:09:34,保留的非黑底原图
original_figure,clean_original_figure,,attachments/03_original_figures/source_photos/微信图片_20250925124328_72_2.jpg,55133,2026-04-09T16:09:34,保留的非黑底原图
original_table,paper_original_table,,attachments/04_original_tables/converted_previews/table_algorithm_hparams.csv,1237,2026-04-30T21:20:32,原表/转写预览
original_table,paper_original_table,,attachments/04_original_tables/converted_previews/table_algorithm_hparams.txt,1342,2026-04-30T21:20:32,原表/转写预览
original_table,paper_original_table,,attachments/04_original_tables/converted_previews/table_baseline_shortlist_compact25.csv,350,2026-04-30T21:20:32,原表/转写预览
original_table,paper_original_table,,attachments/04_original_tables/converted_previews/table_baseline_shortlist_compact25.txt,441,2026-04-30T21:20:32,原表/转写预览
original_table,paper_original_table,,attachments/04_original_tables/converted_previews/table_dataset_split_stagewise.csv,257,2026-04-30T21:20:32,原表/转写预览
original_table,paper_original_table,,attachments/04_original_tables/converted_previews/table_dataset_split_stagewise.txt,332,2026-04-30T21:20:32,原表/转写预览
original_table,paper_original_table,,attachments/04_original_tables/converted_previews/table_feature_significance_summary.csv,1046,2026-04-30T21:20:32,原表/转写预览
original_table,paper_original_table,,attachments/04_original_tables/converted_previews/table_feature_significance_summary.txt,1145,2026-04-30T21:20:32,原表/转写预览
original_table,paper_original_table,,attachments/04_original_tables/converted_previews/table_protocol.csv,805,2026-04-30T21:20:32,原表/转写预览
original_table,paper_original_table,,attachments/04_original_tables/converted_previews/table_protocol.txt,849,2026-04-30T21:20:32,原表/转写预览
original_table,paper_original_table,,attachments/04_original_tables/converted_previews/table_stage3_route_comparison.csv,255,2026-04-30T21:20:32,原表/转写预览
original_table,paper_original_table,,attachments/04_original_tables/converted_previews/table_stage3_route_comparison.txt,339,2026-04-30T21:20:32,原表/转写预览
original_table,paper_original_table,,attachments/04_original_tables/converted_previews/table_triplet_head_error_summary.csv,226,2026-04-30T21:20:32,原表/转写预览
original_table,paper_original_table,,attachments/04_original_tables/converted_previews/table_triplet_head_error_summary.txt,354,2026-04-30T21:20:32,原表/转写预览
original_table,paper_original_table,,attachments/04_original_tables/converted_previews/table_xgb_vs_dl_tbme.csv,616,2026-04-30T21:20:32,原表/转写预览
original_table,paper_original_table,,attachments/04_original_tables/converted_previews/table_xgb_vs_dl_tbme.txt,748,2026-04-30T21:20:32,原表/转写预览
original_table,paper_original_table,,attachments/04_original_tables/manuscript_tables/table_algorithm_hparams.tex,2304,2026-04-12T16:10:48,原表/转写预览
original_table,paper_original_table,,attachments/04_original_tables/manuscript_tables/table_stage3_route_comparison.tex,552,2026-04-12T16:10:52,原表/转写预览
original_table,paper_original_table,,attachments/04_original_tables/paper_tables/table_algorithm_hparams.tex,1705,2026-04-27T16:58:12,原表/转写预览
original_table,paper_original_table,,attachments/04_original_tables/paper_tables/table_baseline_shortlist_compact25.tex,721,2026-04-09T10:52:24,原表/转写预览
original_table,paper_original_table,,attachments/04_original_tables/paper_tables/table_dataset_split_stagewise.tex,572,2026-04-09T10:52:24,原表/转写预览
original_table,paper_original_table,,attachments/04_original_tables/paper_tables/table_feature_significance_summary.tex,1455,2026-04-09T10:52:24,原表/转写预览
original_table,paper_original_table,,attachments/04_original_tables/paper_tables/table_protocol.tex,1122,2026-04-09T10:52:24,原表/转写预览
original_table,paper_original_table,,attachments/04_original_tables/paper_tables/table_stage3_route_comparison.tex,566,2026-04-09T10:52:24,原表/转写预览
original_table,paper_original_table,,attachments/04_original_tables/paper_tables/table_triplet_head_error_summary.tex,567,2026-04-09T10:52:24,原表/转写预览
original_table,paper_original_table,,attachments/04_original_tables/paper_tables/table_xgb_vs_dl_tbme.tex,1064,2026-04-09T10:52:24,原表/转写预览
data_and_metrics,data_metric_file,,attachments/05_data_and_metrics/analysis_outputs/label_review_0426_added_segments/manual_keyframe_labels_file3.0426_added_segments_review_working.json,11295,2026-04-26T21:34:30,数据、指标或分析输出
data_and_metrics,data_metric_file,,attachments/05_data_and_metrics/analysis_outputs/label_review_0426_added_segments/proposed_applied_add_only_20260426_105044.csv,7730,2026-04-26T21:30:09,数据、指标或分析输出
data_and_metrics,data_metric_file,,attachments/05_data_and_metrics/analysis_outputs/label_review_0426_auc083_vs_auc09_diff/auc083_vs_auc09_added_intervals_for_manual_selector.csv,7821,2026-04-26T21:32:39,数据、指标或分析输出
data_and_metrics,data_metric_file,,attachments/05_data_and_metrics/analysis_outputs/label_review_0426_auc083_vs_auc09_diff/auc083_vs_auc09_changed_groups.csv,2371,2026-04-26T21:32:39,数据、指标或分析输出
data_and_metrics,data_metric_file,,attachments/05_data_and_metrics/analysis_outputs/label_review_0426_auc083_vs_auc09_diff/manual_keyframe_labels_file3.auc09_vs_auc083_review_working.json,11295,2026-04-26T21:33:31,数据、指标或分析输出
data_and_metrics,data_metric_file,,attachments/05_data_and_metrics/analysis_outputs/positive_frame_mean_0407/manual_keyframe_labels_file3.0407_review_working.json,10680,2026-04-09T16:09:34,数据、指标或分析输出
data_and_metrics,data_metric_file,,attachments/05_data_and_metrics/analysis_outputs/positive_frame_mean_0407/positive_frame_grouped_mean_0407_per_group_normalized.png,472212,2026-04-26T21:07:10,数据、指标或分析输出
data_and_metrics,data_metric_file,,attachments/05_data_and_metrics/analysis_outputs/positive_frame_mean_0407/positive_frame_grouped_mean_0407_per_group_normalized_clean.png,448019,2026-04-26T21:09:14,数据、指标或分析输出
data_and_metrics,data_metric_file,,attachments/05_data_and_metrics/analysis_outputs/positive_frame_mean_0407/positive_frame_grouped_mean_0407_raw_shared_scale.png,423524,2026-04-26T21:07:16,数据、指标或分析输出
data_and_metrics,data_metric_file,,attachments/05_data_and_metrics/analysis_outputs/positive_frame_mean_0407/positive_frame_grouped_mean_0407_raw_shared_scale_clean.png,465220,2026-04-26T21:09:26,数据、指标或分析输出
data_and_metrics,data_metric_file,,attachments/05_data_and_metrics/analysis_outputs/positive_frame_mean_0407/positive_frame_grouped_mean_0407_summary.csv,4671,2026-04-26T21:07:06,数据、指标或分析输出
data_and_metrics,data_metric_file,,attachments/05_data_and_metrics/analysis_outputs/positive_frame_mean_0407/positive_frame_mean_0407.png,165068,2026-04-26T21:02:56,数据、指标或分析输出
data_and_metrics,data_metric_file,,attachments/05_data_and_metrics/analysis_outputs/positive_frame_mean_0407/positive_frame_mean_0407_by_file.csv,3864,2026-04-26T21:02:55,数据、指标或分析输出
data_and_metrics,data_metric_file,,attachments/05_data_and_metrics/analysis_outputs/positive_frame_mean_0407/positive_frame_mean_0407_raw_12x8.csv,2412,2026-04-26T21:02:55,数据、指标或分析输出
data_and_metrics,data_metric_file,,attachments/05_data_and_metrics/analysis_outputs/positive_frame_mean_0407/positive_frame_mean_0407_selfnorm_12x8.csv,2412,2026-04-26T21:02:55,数据、指标或分析输出
data_and_metrics,data_metric_file,,attachments/05_data_and_metrics/analysis_outputs/positive_frame_mean_0407/positive_frame_mean_0407_size0.25_depth0.5_raw_12x8.csv,2413,2026-04-26T21:07:06,数据、指标或分析输出
data_and_metrics,data_metric_file,,attachments/05_data_and_metrics/analysis_outputs/positive_frame_mean_0407/positive_frame_mean_0407_size0.25_depth0.5_selfnorm_12x8.csv,2412,2026-04-26T21:07:06,数据、指标或分析输出
data_and_metrics,data_metric_file,,attachments/05_data_and_metrics/analysis_outputs/positive_frame_mean_0407/positive_frame_mean_0407_size0.25_depth1.5_raw_12x8.csv,2413,2026-04-26T21:07:06,数据、指标或分析输出
data_and_metrics,data_metric_file,,attachments/05_data_and_metrics/analysis_outputs/positive_frame_mean_0407/positive_frame_mean_0407_size0.25_depth1.5_selfnorm_12x8.csv,2412,2026-04-26T21:07:06,数据、指标或分析输出
data_and_metrics,data_metric_file,,attachments/05_data_and_metrics/analysis_outputs/positive_frame_mean_0407/positive_frame_mean_0407_size0.25_depth1_raw_12x8.csv,2414,2026-04-26T21:07:06,数据、指标或分析输出
data_and_metrics,data_metric_file,,attachments/05_data_and_metrics/analysis_outputs/positive_frame_mean_0407/positive_frame_mean_0407_size0.25_depth1_selfnorm_12x8.csv,2412,2026-04-26T21:07:06,数据、指标或分析输出
data_and_metrics,data_metric_file,,attachments/05_data_and_metrics/analysis_outputs/positive_frame_mean_0407/positive_frame_mean_0407_size0.25_depth2.5_raw_12x8.csv,2414,2026-04-26T21:07:06,数据、指标或分析输出
data_and_metrics,data_metric_file,,attachments/05_data_and_metrics/analysis_outputs/positive_frame_mean_0407/positive_frame_mean_0407_size0.25_depth2.5_selfnorm_12x8.csv,2412,2026-04-26T21:07:06,数据、指标或分析输出
data_and_metrics,data_metric_file,,attachments/05_data_and_metrics/analysis_outputs/positive_frame_mean_0407/positive_frame_mean_0407_size0.25_depth2_raw_12x8.csv,2413,2026-04-26T21:07:06,数据、指标或分析输出
data_and_metrics,data_metric_file,,attachments/05_data_and_metrics/analysis_outputs/positive_frame_mean_0407/positive_frame_mean_0407_size0.25_depth2_selfnorm_12x8.csv,2412,2026-04-26T21:07:06,数据、指标或分析输出
data_and_metrics,data_metric_file,,attachments/05_data_and_metrics/analysis_outputs/positive_frame_mean_0407/positive_frame_mean_0407_size0.5_depth0.5_raw_12x8.csv,2412,2026-04-26T21:07:06,数据、指标或分析输出
data_and_metrics,data_metric_file,,attachments/05_data_and_metrics/analysis_outputs/positive_frame_mean_0407/positive_frame_mean_0407_size0.5_depth0.5_selfnorm_12x8.csv,2412,2026-04-26T21:07:06,数据、指标或分析输出
data_and_metrics,data_metric_file,,attachments/05_data_and_metrics/analysis_outputs/positive_frame_mean_0407/positive_frame_mean_0407_size0.5_depth1.5_raw_12x8.csv,2412,2026-04-26T21:07:06,数据、指标或分析输出
data_and_metrics,data_metric_file,,attachments/05_data_and_metrics/analysis_outputs/positive_frame_mean_0407/positive_frame_mean_0407_size0.5_depth1.5_selfnorm_12x8.csv,2412,2026-04-26T21:07:06,数据、指标或分析输出
data_and_metrics,data_metric_file,,attachments/05_data_and_metrics/analysis_outputs/positive_frame_mean_0407/positive_frame_mean_0407_size0.5_depth1_raw_12x8.csv,2412,2026-04-26T21:07:06,数据、指标或分析输出
data_and_metrics,data_metric_file,,attachments/05_data_and_metrics/analysis_outputs/positive_frame_mean_0407/positive_frame_mean_0407_size0.5_depth1_selfnorm_12x8.csv,2412,2026-04-26T21:07:06,数据、指标或分析输出
data_and_metrics,data_metric_file,,attachments/05_data_and_metrics/analysis_outputs/positive_frame_mean_0407/positive_frame_mean_0407_size0.5_depth2.5_raw_12x8.csv,2412,2026-04-26T21:07:06,数据、指标或分析输出
data_and_metrics,data_metric_file,,attachments/05_data_and_metrics/analysis_outputs/positive_frame_mean_0407/positive_frame_mean_0407_size0.5_depth2.5_selfnorm_12x8.csv,2412,2026-04-26T21:07:06,数据、指标或分析输出
data_and_metrics,data_metric_file,,attachments/05_data_and_metrics/analysis_outputs/positive_frame_mean_0407/positive_frame_mean_0407_size0.5_depth2_raw_12x8.csv,2412,2026-04-26T21:07:06,数据、指标或分析输出
data_and_metrics,data_metric_file,,attachments/05_data_and_metrics/analysis_outputs/positive_frame_mean_0407/positive_frame_mean_0407_size0.5_depth2_selfnorm_12x8.csv,2412,2026-04-26T21:07:06,数据、指标或分析输出
data_and_metrics,data_metric_file,,attachments/05_data_and_metrics/analysis_outputs/positive_frame_mean_0407/positive_frame_mean_0407_size0.5_depth3_raw_12x8.csv,2412,2026-04-26T21:07:06,数据、指标或分析输出
data_and_metrics,data_metric_file,,attachments/05_data_and_metrics/analysis_outputs/positive_frame_mean_0407/positive_frame_mean_0407_size0.5_depth3_selfnorm_12x8.csv,2412,2026-04-26T21:07:06,数据、指标或分析输出
data_and_metrics,data_metric_file,,attachments/05_data_and_metrics/analysis_outputs/positive_frame_mean_0407/positive_frame_mean_0407_size0.75_depth0.5_raw_12x8.csv,2412,2026-04-26T21:07:06,数据、指标或分析输出
data_and_metrics,data_metric_file,,attachments/05_data_and_metrics/analysis_outputs/positive_frame_mean_0407/positive_frame_mean_0407_size0.75_depth0.5_selfnorm_12x8.csv,2412,2026-04-26T21:07:06,数据、指标或分析输出
data_and_metrics,data_metric_file,,attachments/05_data_and_metrics/analysis_outputs/positive_frame_mean_0407/positive_frame_mean_0407_size0.75_depth1.5_raw_12x8.csv,2412,2026-04-26T21:07:06,数据、指标或分析输出
data_and_metrics,data_metric_file,,attachments/05_data_and_metrics/analysis_outputs/positive_frame_mean_0407/positive_frame_mean_0407_size0.75_depth1.5_selfnorm_12x8.csv,2412,2026-04-26T21:07:06,数据、指标或分析输出
data_and_metrics,data_metric_file,,attachments/05_data_and_metrics/analysis_outputs/positive_frame_mean_0407/positive_frame_mean_0407_size0.75_depth1_raw_12x8.csv,2412,2026-04-26T21:07:06,数据、指标或分析输出
data_and_metrics,data_metric_file,,attachments/05_data_and_metrics/analysis_outputs/positive_frame_mean_0407/positive_frame_mean_0407_size0.75_depth1_selfnorm_12x8.csv,2412,2026-04-26T21:07:06,数据、指标或分析输出
data_and_metrics,data_metric_file,,attachments/05_data_and_metrics/analysis_outputs/positive_frame_mean_0407/positive_frame_mean_0407_size0.75_depth2.5_raw_12x8.csv,2412,2026-04-26T21:07:06,数据、指标或分析输出
data_and_metrics,data_metric_file,,attachments/05_data_and_metrics/analysis_outputs/positive_frame_mean_0407/positive_frame_mean_0407_size0.75_depth2.5_selfnorm_12x8.csv,2412,2026-04-26T21:07:06,数据、指标或分析输出
data_and_metrics,data_metric_file,,attachments/05_data_and_metrics/analysis_outputs/positive_frame_mean_0407/positive_frame_mean_0407_size0.75_depth2_raw_12x8.csv,2412,2026-04-26T21:07:06,数据、指标或分析输出
data_and_metrics,data_metric_file,,attachments/05_data_and_metrics/analysis_outputs/positive_frame_mean_0407/positive_frame_mean_0407_size0.75_depth2_selfnorm_12x8.csv,2412,2026-04-26T21:07:06,数据、指标或分析输出
data_and_metrics,data_metric_file,,attachments/05_data_and_metrics/analysis_outputs/positive_frame_mean_0407/positive_frame_mean_0407_size0.75_depth3_raw_12x8.csv,2412,2026-04-26T21:07:06,数据、指标或分析输出
data_and_metrics,data_metric_file,,attachments/05_data_and_metrics/analysis_outputs/positive_frame_mean_0407/positive_frame_mean_0407_size0.75_depth3_selfnorm_12x8.csv,2412,2026-04-26T21:07:06,数据、指标或分析输出
data_and_metrics,data_metric_file,,attachments/05_data_and_metrics/analysis_outputs/positive_frame_mean_0407/positive_frame_mean_0407_size1.25_depth0.5_raw_12x8.csv,2412,2026-04-26T21:07:06,数据、指标或分析输出
data_and_metrics,data_metric_file,,attachments/05_data_and_metrics/analysis_outputs/positive_frame_mean_0407/positive_frame_mean_0407_size1.25_depth0.5_selfnorm_12x8.csv,2412,2026-04-26T21:07:06,数据、指标或分析输出
data_and_metrics,data_metric_file,,attachments/05_data_and_metrics/analysis_outputs/positive_frame_mean_0407/positive_frame_mean_0407_size1.25_depth1.5_raw_12x8.csv,2412,2026-04-26T21:07:06,数据、指标或分析输出
data_and_metrics,data_metric_file,,attachments/05_data_and_metrics/analysis_outputs/positive_frame_mean_0407/positive_frame_mean_0407_size1.25_depth1.5_selfnorm_12x8.csv,2412,2026-04-26T21:07:06,数据、指标或分析输出
data_and_metrics,data_metric_file,,attachments/05_data_and_metrics/analysis_outputs/positive_frame_mean_0407/positive_frame_mean_0407_size1.25_depth1_raw_12x8.csv,2412,2026-04-26T21:07:06,数据、指标或分析输出
data_and_metrics,data_metric_file,,attachments/05_data_and_metrics/analysis_outputs/positive_frame_mean_0407/positive_frame_mean_0407_size1.25_depth1_selfnorm_12x8.csv,2412,2026-04-26T21:07:06,数据、指标或分析输出
data_and_metrics,data_metric_file,,attachments/05_data_and_metrics/analysis_outputs/positive_frame_mean_0407/positive_frame_mean_0407_size1.25_depth2.5_raw_12x8.csv,2412,2026-04-26T21:07:06,数据、指标或分析输出
data_and_metrics,data_metric_file,,attachments/05_data_and_metrics/analysis_outputs/positive_frame_mean_0407/positive_frame_mean_0407_size1.25_depth2.5_selfnorm_12x8.csv,2412,2026-04-26T21:07:06,数据、指标或分析输出
data_and_metrics,data_metric_file,,attachments/05_data_and_metrics/analysis_outputs/positive_frame_mean_0407/positive_frame_mean_0407_size1.25_depth2_raw_12x8.csv,2412,2026-04-26T21:07:06,数据、指标或分析输出
data_and_metrics,data_metric_file,,attachments/05_data_and_metrics/analysis_outputs/positive_frame_mean_0407/positive_frame_mean_0407_size1.25_depth2_selfnorm_12x8.csv,2412,2026-04-26T21:07:06,数据、指标或分析输出
data_and_metrics,data_metric_file,,attachments/05_data_and_metrics/analysis_outputs/positive_frame_mean_0407/positive_frame_mean_0407_size1.25_depth3_raw_12x8.csv,2412,2026-04-26T21:07:06,数据、指标或分析输出
data_and_metrics,data_metric_file,,attachments/05_data_and_metrics/analysis_outputs/positive_frame_mean_0407/positive_frame_mean_0407_size1.25_depth3_selfnorm_12x8.csv,2412,2026-04-26T21:07:06,数据、指标或分析输出
data_and_metrics,data_metric_file,,attachments/05_data_and_metrics/analysis_outputs/positive_frame_mean_0407/positive_frame_mean_0407_size1.5_depth0.5_raw_12x8.csv,2412,2026-04-26T21:07:06,数据、指标或分析输出
data_and_metrics,data_metric_file,,attachments/05_data_and_metrics/analysis_outputs/positive_frame_mean_0407/positive_frame_mean_0407_size1.5_depth0.5_selfnorm_12x8.csv,2412,2026-04-26T21:07:06,数据、指标或分析输出
data_and_metrics,data_metric_file,,attachments/05_data_and_metrics/analysis_outputs/positive_frame_mean_0407/positive_frame_mean_0407_size1.5_depth1.5_raw_12x8.csv,2412,2026-04-26T21:07:06,数据、指标或分析输出
data_and_metrics,data_metric_file,,attachments/05_data_and_metrics/analysis_outputs/positive_frame_mean_0407/positive_frame_mean_0407_size1.5_depth1.5_selfnorm_12x8.csv,2412,2026-04-26T21:07:06,数据、指标或分析输出
data_and_metrics,data_metric_file,,attachments/05_data_and_metrics/analysis_outputs/positive_frame_mean_0407/positive_frame_mean_0407_size1.5_depth1_raw_12x8.csv,2412,2026-04-26T21:07:06,数据、指标或分析输出
data_and_metrics,data_metric_file,,attachments/05_data_and_metrics/analysis_outputs/positive_frame_mean_0407/positive_frame_mean_0407_size1.5_depth1_selfnorm_12x8.csv,2412,2026-04-26T21:07:06,数据、指标或分析输出
data_and_metrics,data_metric_file,,attachments/05_data_and_metrics/analysis_outputs/positive_frame_mean_0407/positive_frame_mean_0407_size1.5_depth2.5_raw_12x8.csv,2412,2026-04-26T21:07:06,数据、指标或分析输出
data_and_metrics,data_metric_file,,attachments/05_data_and_metrics/analysis_outputs/positive_frame_mean_0407/positive_frame_mean_0407_size1.5_depth2.5_selfnorm_12x8.csv,2412,2026-04-26T21:07:06,数据、指标或分析输出
data_and_metrics,data_metric_file,,attachments/05_data_and_metrics/analysis_outputs/positive_frame_mean_0407/positive_frame_mean_0407_size1.5_depth2_raw_12x8.csv,2412,2026-04-26T21:07:06,数据、指标或分析输出
data_and_metrics,data_metric_file,,attachments/05_data_and_metrics/analysis_outputs/positive_frame_mean_0407/positive_frame_mean_0407_size1.5_depth2_selfnorm_12x8.csv,2412,2026-04-26T21:07:06,数据、指标或分析输出
data_and_metrics,data_metric_file,,attachments/05_data_and_metrics/analysis_outputs/positive_frame_mean_0407/positive_frame_mean_0407_size1.5_depth3_raw_12x8.csv,2412,2026-04-26T21:07:06,数据、指标或分析输出
data_and_metrics,data_metric_file,,attachments/05_data_and_metrics/analysis_outputs/positive_frame_mean_0407/positive_frame_mean_0407_size1.5_depth3_selfnorm_12x8.csv,2412,2026-04-26T21:07:06,数据、指标或分析输出
data_and_metrics,data_metric_file,,attachments/05_data_and_metrics/analysis_outputs/positive_frame_mean_0407/positive_frame_mean_0407_size1.75_depth0.5_raw_12x8.csv,2412,2026-04-26T21:07:06,数据、指标或分析输出
data_and_metrics,data_metric_file,,attachments/05_data_and_metrics/analysis_outputs/positive_frame_mean_0407/positive_frame_mean_0407_size1.75_depth0.5_selfnorm_12x8.csv,2412,2026-04-26T21:07:06,数据、指标或分析输出
data_and_metrics,data_metric_file,,attachments/05_data_and_metrics/analysis_outputs/positive_frame_mean_0407/positive_frame_mean_0407_size1.75_depth1.5_raw_12x8.csv,2412,2026-04-26T21:07:06,数据、指标或分析输出
data_and_metrics,data_metric_file,,attachments/05_data_and_metrics/analysis_outputs/positive_frame_mean_0407/positive_frame_mean_0407_size1.75_depth1.5_selfnorm_12x8.csv,2412,2026-04-26T21:07:06,数据、指标或分析输出
data_and_metrics,data_metric_file,,attachments/05_data_and_metrics/analysis_outputs/positive_frame_mean_0407/positive_frame_mean_0407_size1.75_depth1_raw_12x8.csv,2412,2026-04-26T21:07:06,数据、指标或分析输出
data_and_metrics,data_metric_file,,attachments/05_data_and_metrics/analysis_outputs/positive_frame_mean_0407/positive_frame_mean_0407_size1.75_depth1_selfnorm_12x8.csv,2412,2026-04-26T21:07:06,数据、指标或分析输出
data_and_metrics,data_metric_file,,attachments/05_data_and_metrics/analysis_outputs/positive_frame_mean_0407/positive_frame_mean_0407_size1.75_depth2.5_raw_12x8.csv,2412,2026-04-26T21:07:06,数据、指标或分析输出
data_and_metrics,data_metric_file,,attachments/05_data_and_metrics/analysis_outputs/positive_frame_mean_0407/positive_frame_mean_0407_size1.75_depth2.5_selfnorm_12x8.csv,2412,2026-04-26T21:07:06,数据、指标或分析输出
data_and_metrics,data_metric_file,,attachments/05_data_and_metrics/analysis_outputs/positive_frame_mean_0407/positive_frame_mean_0407_size1.75_depth2_raw_12x8.csv,2412,2026-04-26T21:07:06,数据、指标或分析输出
data_and_metrics,data_metric_file,,attachments/05_data_and_metrics/analysis_outputs/positive_frame_mean_0407/positive_frame_mean_0407_size1.75_depth2_selfnorm_12x8.csv,2412,2026-04-26T21:07:06,数据、指标或分析输出
data_and_metrics,data_metric_file,,attachments/05_data_and_metrics/analysis_outputs/positive_frame_mean_0407/positive_frame_mean_0407_size1.75_depth3_raw_12x8.csv,2412,2026-04-26T21:07:06,数据、指标或分析输出
data_and_metrics,data_metric_file,,attachments/05_data_and_metrics/analysis_outputs/positive_frame_mean_0407/positive_frame_mean_0407_size1.75_depth3_selfnorm_12x8.csv,2412,2026-04-26T21:07:06,数据、指标或分析输出
data_and_metrics,data_metric_file,,attachments/05_data_and_metrics/analysis_outputs/positive_frame_mean_0407/positive_frame_mean_0407_size1_depth0.5_raw_12x8.csv,2412,2026-04-26T21:07:06,数据、指标或分析输出
data_and_metrics,data_metric_file,,attachments/05_data_and_metrics/analysis_outputs/positive_frame_mean_0407/positive_frame_mean_0407_size1_depth0.5_selfnorm_12x8.csv,2412,2026-04-26T21:07:06,数据、指标或分析输出
data_and_metrics,data_metric_file,,attachments/05_data_and_metrics/analysis_outputs/positive_frame_mean_0407/positive_frame_mean_0407_size1_depth1.5_raw_12x8.csv,2412,2026-04-26T21:07:06,数据、指标或分析输出
data_and_metrics,data_metric_file,,attachments/05_data_and_metrics/analysis_outputs/positive_frame_mean_0407/positive_frame_mean_0407_size1_depth1.5_selfnorm_12x8.csv,2412,2026-04-26T21:07:06,数据、指标或分析输出
data_and_metrics,data_metric_file,,attachments/05_data_and_metrics/analysis_outputs/positive_frame_mean_0407/positive_frame_mean_0407_size1_depth1_raw_12x8.csv,2412,2026-04-26T21:07:06,数据、指标或分析输出
data_and_metrics,data_metric_file,,attachments/05_data_and_metrics/analysis_outputs/positive_frame_mean_0407/positive_frame_mean_0407_size1_depth1_selfnorm_12x8.csv,2412,2026-04-26T21:07:06,数据、指标或分析输出
data_and_metrics,data_metric_file,,attachments/05_data_and_metrics/analysis_outputs/positive_frame_mean_0407/positive_frame_mean_0407_size1_depth2.5_raw_12x8.csv,2412,2026-04-26T21:07:06,数据、指标或分析输出
data_and_metrics,data_metric_file,,attachments/05_data_and_metrics/analysis_outputs/positive_frame_mean_0407/positive_frame_mean_0407_size1_depth2.5_selfnorm_12x8.csv,2412,2026-04-26T21:07:06,数据、指标或分析输出
data_and_metrics,data_metric_file,,attachments/05_data_and_metrics/analysis_outputs/positive_frame_mean_0407/positive_frame_mean_0407_size1_depth2_raw_12x8.csv,2412,2026-04-26T21:07:06,数据、指标或分析输出
data_and_metrics,data_metric_file,,attachments/05_data_and_metrics/analysis_outputs/positive_frame_mean_0407/positive_frame_mean_0407_size1_depth2_selfnorm_12x8.csv,2412,2026-04-26T21:07:06,数据、指标或分析输出
data_and_metrics,data_metric_file,,attachments/05_data_and_metrics/analysis_outputs/positive_frame_mean_0407/positive_frame_mean_0407_size1_depth3_raw_12x8.csv,2412,2026-04-26T21:07:06,数据、指标或分析输出
data_and_metrics,data_metric_file,,attachments/05_data_and_metrics/analysis_outputs/positive_frame_mean_0407/positive_frame_mean_0407_size1_depth3_selfnorm_12x8.csv,2412,2026-04-26T21:07:06,数据、指标或分析输出
data_and_metrics,data_metric_file,,attachments/05_data_and_metrics/analysis_outputs/positive_frame_mean_0407/positive_frame_mean_0407_summary.json,715,2026-04-26T21:02:55,数据、指标或分析输出
data_and_metrics,data_metric_file,,attachments/05_data_and_metrics/analysis_outputs/stage1_locked_roc_20260425/stage1_locked_mainline_metrics.json,2191,2026-04-25T01:07:37,数据、指标或分析输出
data_and_metrics,data_metric_file,,attachments/05_data_and_metrics/analysis_outputs/stage1_locked_roc_20260425/stage1_locked_mainline_roc.png,157714,2026-04-25T01:07:37,数据、指标或分析输出
data_and_metrics,data_metric_file,,attachments/05_data_and_metrics/analysis_outputs/stage1_locked_roc_20260425/stage1_locked_mainline_roc_points.csv,66595,2026-04-25T01:07:37,数据、指标或分析输出
data_and_metrics,data_metric_file,,attachments/05_data_and_metrics/analysis_outputs/stage1_locked_roc_20260425/stage1_locked_mainline_test_predictions.csv,401337,2026-04-25T01:07:37,数据、指标或分析输出
data_and_metrics,data_metric_file,,attachments/05_data_and_metrics/baselines/outputs_xgboost_baselines/XGBOOST_BASELINE_REPORT.md,804,2026-04-09T16:09:32,数据、指标或分析输出
data_and_metrics,data_metric_file,,attachments/05_data_and_metrics/baselines/outputs_xgboost_baselines/depth_classification_mlogloss_curve.png,69115,2026-04-09T16:09:32,数据、指标或分析输出
data_and_metrics,data_metric_file,,attachments/05_data_and_metrics/baselines/outputs_xgboost_baselines/detection_aucpr_curve.png,60509,2026-04-09T16:09:32,数据、指标或分析输出
data_and_metrics,data_metric_file,,attachments/05_data_and_metrics/baselines/outputs_xgboost_baselines/detection_logloss_curve.png,80322,2026-04-09T16:09:32,数据、指标或分析输出
data_and_metrics,data_metric_file,,attachments/05_data_and_metrics/baselines/outputs_xgboost_baselines/feature_importance/depth_coarse_top_features.png,137867,2026-04-09T16:09:32,数据、指标或分析输出
data_and_metrics,data_metric_file,,attachments/05_data_and_metrics/baselines/outputs_xgboost_baselines/feature_importance/detection_top_features.png,117151,2026-04-09T16:09:32,数据、指标或分析输出
data_and_metrics,data_metric_file,,attachments/05_data_and_metrics/baselines/outputs_xgboost_baselines/feature_importance/size_classification_top_features.png,149094,2026-04-09T16:09:32,数据、指标或分析输出
data_and_metrics,data_metric_file,,attachments/05_data_and_metrics/baselines/outputs_xgboost_baselines/size_classification_mlogloss_curve.png,75650,2026-04-09T16:09:32,数据、指标或分析输出
data_and_metrics,data_metric_file,,attachments/05_data_and_metrics/baselines/outputs_xgboost_baselines/size_regression_rmse_curve.png,66248,2026-04-09T16:09:32,数据、指标或分析输出
data_and_metrics,data_metric_file,,attachments/05_data_and_metrics/baselines/outputs_xgboost_baselines/xgboost_baseline_summary.json,5850,2026-04-09T16:09:32,数据、指标或分析输出
data_and_metrics,data_metric_file,,attachments/05_data_and_metrics/baselines/outputs_xgboost_baselines/xgboost_condition_manifest.csv,2925,2026-04-09T16:09:32,数据、指标或分析输出
data_and_metrics,data_metric_file,,attachments/05_data_and_metrics/baselines/outputs_xgboost_baselines/xgboost_window_feature_table.csv,56205650,2026-03-11T21:36:21,数据、指标或分析输出
data_and_metrics,data_metric_file,,attachments/05_data_and_metrics/baselines/outputs_xgboost_explainability/Fig_XGB_depth_explainability_tbme.png,402262,2026-04-09T16:09:32,数据、指标或分析输出
data_and_metrics,data_metric_file,,attachments/05_data_and_metrics/baselines/outputs_xgboost_explainability/XGBOOST_EXPLAINABILITY_REPORT.md,4846,2026-04-09T16:09:32,数据、指标或分析输出
data_and_metrics,data_metric_file,,attachments/05_data_and_metrics/baselines/outputs_xgboost_explainability/depth_classwise_concept_heatmap_tbme.png,165275,2026-04-09T16:09:32,数据、指标或分析输出
data_and_metrics,data_metric_file,,attachments/05_data_and_metrics/baselines/outputs_xgboost_explainability/depth_concept_contrib.csv,1197,2026-04-09T16:09:32,数据、指标或分析输出
data_and_metrics,data_metric_file,,attachments/05_data_and_metrics/baselines/outputs_xgboost_explainability/depth_concept_share.png,78843,2026-04-09T16:09:32,数据、指标或分析输出
data_and_metrics,data_metric_file,,attachments/05_data_and_metrics/baselines/outputs_xgboost_explainability/depth_confusion_matrix.png,47850,2026-04-09T16:09:32,数据、指标或分析输出
data_and_metrics,data_metric_file,,attachments/05_data_and_metrics/baselines/outputs_xgboost_explainability/depth_family_contrib.csv,267,2026-04-09T16:09:32,数据、指标或分析输出
data_and_metrics,data_metric_file,,attachments/05_data_and_metrics/baselines/outputs_xgboost_explainability/depth_family_share.png,41783,2026-04-09T16:09:32,数据、指标或分析输出
data_and_metrics,data_metric_file,,attachments/05_data_and_metrics/baselines/outputs_xgboost_explainability/depth_family_share_tbme.png,72414,2026-04-09T16:09:32,数据、指标或分析输出
data_and_metrics,data_metric_file,,attachments/05_data_and_metrics/baselines/outputs_xgboost_explainability/depth_global_contrib.csv,22420,2026-04-09T16:09:32,数据、指标或分析输出
data_and_metrics,data_metric_file,,attachments/05_data_and_metrics/baselines/outputs_xgboost_explainability/depth_global_contrib_deep.csv,21169,2026-04-09T16:09:32,数据、指标或分析输出
data_and_metrics,data_metric_file,,attachments/05_data_and_metrics/baselines/outputs_xgboost_explainability/depth_global_contrib_middle.csv,21629,2026-04-09T16:09:32,数据、指标或分析输出
data_and_metrics,data_metric_file,,attachments/05_data_and_metrics/baselines/outputs_xgboost_explainability/depth_global_contrib_shallow.csv,21960,2026-04-09T16:09:32,数据、指标或分析输出
data_and_metrics,data_metric_file,,attachments/05_data_and_metrics/baselines/outputs_xgboost_explainability/depth_local_explanations.png,217800,2026-04-09T16:09:32,数据、指标或分析输出
data_and_metrics,data_metric_file,,attachments/05_data_and_metrics/baselines/outputs_xgboost_explainability/depth_partial_dependence_top4.png,179960,2026-04-09T16:09:32,数据、指标或分析输出
data_and_metrics,data_metric_file,,attachments/05_data_and_metrics/baselines/outputs_xgboost_explainability/depth_representative_cases_tbme.png,497409,2026-04-09T16:09:32,数据、指标或分析输出
data_and_metrics,data_metric_file,,attachments/05_data_and_metrics/baselines/outputs_xgboost_explainability/depth_top_contrib.png,102343,2026-04-09T16:09:32,数据、指标或分析输出
data_and_metrics,data_metric_file,,attachments/05_data_and_metrics/baselines/outputs_xgboost_explainability/detection_family_contrib.csv,253,2026-04-09T16:09:32,数据、指标或分析输出
data_and_metrics,data_metric_file,,attachments/05_data_and_metrics/baselines/outputs_xgboost_explainability/detection_family_share.png,39199,2026-04-09T16:09:32,数据、指标或分析输出
data_and_metrics,data_metric_file,,attachments/05_data_and_metrics/baselines/outputs_xgboost_explainability/detection_global_contrib.csv,21147,2026-04-09T16:09:32,数据、指标或分析输出
data_and_metrics,data_metric_file,,attachments/05_data_and_metrics/baselines/outputs_xgboost_explainability/detection_partial_dependence_top4.png,129267,2026-04-09T16:09:32,数据、指标或分析输出
data_and_metrics,data_metric_file,,attachments/05_data_and_metrics/baselines/outputs_xgboost_explainability/detection_top_contrib.png,95551,2026-04-09T16:09:32,数据、指标或分析输出
data_and_metrics,data_metric_file,,attachments/05_data_and_metrics/baselines/outputs_xgboost_explainability/size_classification_family_contrib.csv,266,2026-04-09T16:09:32,数据、指标或分析输出
data_and_metrics,data_metric_file,,attachments/05_data_and_metrics/baselines/outputs_xgboost_explainability/size_classification_global_contrib.csv,24765,2026-04-09T16:09:32,数据、指标或分析输出
data_and_metrics,data_metric_file,,attachments/05_data_and_metrics/baselines/outputs_xgboost_explainability/size_confusion_matrix.png,64180,2026-04-09T16:09:32,数据、指标或分析输出
data_and_metrics,data_metric_file,,attachments/05_data_and_metrics/baselines/outputs_xgboost_explainability/size_family_share.png,43226,2026-04-09T16:09:32,数据、指标或分析输出
data_and_metrics,data_metric_file,,attachments/05_data_and_metrics/baselines/outputs_xgboost_explainability/size_regression_family_contrib.csv,266,2026-04-09T16:09:32,数据、指标或分析输出
data_and_metrics,data_metric_file,,attachments/05_data_and_metrics/baselines/outputs_xgboost_explainability/size_regression_family_share.png,42546,2026-04-09T16:09:32,数据、指标或分析输出
data_and_metrics,data_metric_file,,attachments/05_data_and_metrics/baselines/outputs_xgboost_explainability/size_regression_global_contrib.csv,24061,2026-04-09T16:09:32,数据、指标或分析输出
data_and_metrics,data_metric_file,,attachments/05_data_and_metrics/baselines/outputs_xgboost_explainability/size_regression_partial_dependence_top4.png,146843,2026-04-09T16:09:32,数据、指标或分析输出
data_and_metrics,data_metric_file,,attachments/05_data_and_metrics/baselines/outputs_xgboost_explainability/size_regression_top_contrib.png,111244,2026-04-09T16:09:32,数据、指标或分析输出
data_and_metrics,data_metric_file,,attachments/05_data_and_metrics/baselines/outputs_xgboost_explainability/size_top_contrib.png,109444,2026-04-09T16:09:32,数据、指标或分析输出
data_and_metrics,data_metric_file,,attachments/05_data_and_metrics/baselines/outputs_xgboost_explainability/xgboost_explainability_summary.json,7042,2026-04-09T16:09:32,数据、指标或分析输出
data_and_metrics,data_metric_file,,attachments/05_data_and_metrics/curated_dataset_key_files/detection_config.json,134,2026-04-09T16:09:34,数据、指标或分析输出
data_and_metrics,data_metric_file,,attachments/05_data_and_metrics/curated_dataset_key_files/manual_keyframe_labels_file2.json,11632,2026-04-09T16:09:34,数据、指标或分析输出
data_and_metrics,data_metric_file,,attachments/05_data_and_metrics/curated_dataset_key_files/manual_keyframe_labels_file3.backup_before_auc_guided_20260426_110217.json,10655,2026-04-26T10:47:03,数据、指标或分析输出
data_and_metrics,data_metric_file,,attachments/05_data_and_metrics/curated_dataset_key_files/manual_keyframe_labels_file3.backup_before_restore_20260407.json,10680,2026-04-09T16:09:34,数据、指标或分析输出
data_and_metrics,data_metric_file,,attachments/05_data_and_metrics/curated_dataset_key_files/manual_keyframe_labels_file3.json,11295,2026-04-26T10:50:44,数据、指标或分析输出
data_and_metrics,data_metric_file,,attachments/05_data_and_metrics/latest_algorithm/residual_tune_R5_hybrid_20260427/agreement_consistency.csv,447,2026-04-27T16:44:52,数据、指标或分析输出
data_and_metrics,data_metric_file,,attachments/05_data_and_metrics/latest_algorithm/residual_tune_R5_hybrid_20260427/cam_residual_inversion_contact_sheet.png,118662,2026-04-27T16:44:56,数据、指标或分析输出
data_and_metrics,data_metric_file,,attachments/05_data_and_metrics/latest_algorithm/residual_tune_R5_hybrid_20260427/cam_scorecam_taskguided_R5_auto.json,937,2026-04-27T16:47:43,数据、指标或分析输出
data_and_metrics,data_metric_file,,attachments/05_data_and_metrics/latest_algorithm/residual_tune_R5_hybrid_20260427/cam_scorecam_taskguided_R5_auto.pdf,296023,2026-04-27T16:47:43,数据、指标或分析输出
data_and_metrics,data_metric_file,,attachments/05_data_and_metrics/latest_algorithm/residual_tune_R5_hybrid_20260427/cam_scorecam_taskguided_R5_auto.png,879519,2026-04-27T16:47:41,数据、指标或分析输出
data_and_metrics,data_metric_file,,attachments/05_data_and_metrics/latest_algorithm/residual_tune_R5_hybrid_20260427/confusion_deep_vs_rest.png,58133,2026-04-27T16:44:54,数据、指标或分析输出
data_and_metrics,data_metric_file,,attachments/05_data_and_metrics/latest_algorithm/residual_tune_R5_hybrid_20260427/confusion_depth_3class.png,72260,2026-04-27T16:44:54,数据、指标或分析输出
data_and_metrics,data_metric_file,,attachments/05_data_and_metrics/latest_algorithm/residual_tune_R5_hybrid_20260427/confusion_size_3bin.png,69510,2026-04-27T16:44:53,数据、指标或分析输出
data_and_metrics,data_metric_file,,attachments/05_data_and_metrics/latest_algorithm/residual_tune_R5_hybrid_20260427/confusion_size_7class.png,92653,2026-04-27T16:44:53,数据、指标或分析输出
data_and_metrics,data_metric_file,,attachments/05_data_and_metrics/latest_algorithm/residual_tune_R5_hybrid_20260427/history.csv,13403,2026-04-27T16:44:49,数据、指标或分析输出
data_and_metrics,data_metric_file,,attachments/05_data_and_metrics/latest_algorithm/residual_tune_R5_hybrid_20260427/manifest.json,1533,2026-04-27T16:43:53,数据、指标或分析输出
data_and_metrics,data_metric_file,,attachments/05_data_and_metrics/latest_algorithm/residual_tune_R5_hybrid_20260427/roc_frozen_detector_file3.png,97402,2026-04-27T16:44:55,数据、指标或分析输出
data_and_metrics,data_metric_file,,attachments/05_data_and_metrics/latest_algorithm/residual_tune_R5_hybrid_20260427/roc_inversion_tasks.png,177130,2026-04-27T16:44:54,数据、指标或分析输出
data_and_metrics,data_metric_file,,attachments/05_data_and_metrics/latest_algorithm/residual_tune_R5_hybrid_20260427/summary.json,5736,2026-04-27T16:44:56,数据、指标或分析输出
data_and_metrics,data_metric_file,,attachments/05_data_and_metrics/latest_algorithm/residual_tune_R5_hybrid_20260427/test_positive_predictions.csv,280324,2026-04-27T16:44:52,数据、指标或分析输出
data_and_metrics,data_metric_file,,attachments/05_data_and_metrics/latest_algorithm/stage1_pooling_ablation_20260426/attention/paper_stage1_dualstream_mstcn_curves.png,368798,2026-04-26T21:57:34,数据、指标或分析输出
data_and_metrics,data_metric_file,,attachments/05_data_and_metrics/latest_algorithm/stage1_pooling_ablation_20260426/attention/paper_stage1_dualstream_mstcn_split_manifest.json,17837,2026-04-26T21:57:36,数据、指标或分析输出
data_and_metrics,data_metric_file,,attachments/05_data_and_metrics/latest_algorithm/stage1_pooling_ablation_20260426/attention/paper_stage1_dualstream_mstcn_summary.json,11924,2026-04-26T21:57:36,数据、指标或分析输出
data_and_metrics,data_metric_file,,attachments/05_data_and_metrics/latest_algorithm/stage1_pooling_ablation_20260426/attention/pid.txt,7,2026-04-26T21:56:29,数据、指标或分析输出
data_and_metrics,data_metric_file,,attachments/05_data_and_metrics/latest_algorithm/stage1_pooling_ablation_20260426/center/paper_stage1_dualstream_mstcn_curves.png,360159,2026-04-26T22:06:54,数据、指标或分析输出
data_and_metrics,data_metric_file,,attachments/05_data_and_metrics/latest_algorithm/stage1_pooling_ablation_20260426/center/paper_stage1_dualstream_mstcn_split_manifest.json,17837,2026-04-26T22:06:56,数据、指标或分析输出
data_and_metrics,data_metric_file,,attachments/05_data_and_metrics/latest_algorithm/stage1_pooling_ablation_20260426/center/paper_stage1_dualstream_mstcn_summary.json,13871,2026-04-26T22:06:56,数据、指标或分析输出
data_and_metrics,data_metric_file,,attachments/05_data_and_metrics/latest_algorithm/stage1_pooling_ablation_20260426/center/pid.txt,7,2026-04-26T22:05:39,数据、指标或分析输出
data_and_metrics,data_metric_file,,attachments/05_data_and_metrics/latest_algorithm/stage1_pooling_ablation_20260426/last/paper_stage1_dualstream_mstcn_curves.png,348120,2026-04-26T22:07:51,数据、指标或分析输出
data_and_metrics,data_metric_file,,attachments/05_data_and_metrics/latest_algorithm/stage1_pooling_ablation_20260426/last/paper_stage1_dualstream_mstcn_split_manifest.json,17837,2026-04-26T22:07:53,数据、指标或分析输出
data_and_metrics,data_metric_file,,attachments/05_data_and_metrics/latest_algorithm/stage1_pooling_ablation_20260426/last/paper_stage1_dualstream_mstcn_summary.json,11332,2026-04-26T22:07:53,数据、指标或分析输出
data_and_metrics,data_metric_file,,attachments/05_data_and_metrics/latest_algorithm/stage1_pooling_ablation_20260426/last/pid.txt,7,2026-04-26T22:07:00,数据、指标或分析输出
data_and_metrics,data_metric_file,,attachments/05_data_and_metrics/latest_algorithm/stage1_pooling_ablation_20260426/mean/paper_stage1_dualstream_mstcn_curves.png,384102,2026-04-26T22:03:40,数据、指标或分析输出
data_and_metrics,data_metric_file,,attachments/05_data_and_metrics/latest_algorithm/stage1_pooling_ablation_20260426/mean/paper_stage1_dualstream_mstcn_split_manifest.json,17837,2026-04-26T22:03:43,数据、指标或分析输出
data_and_metrics,data_metric_file,,attachments/05_data_and_metrics/latest_algorithm/stage1_pooling_ablation_20260426/mean/paper_stage1_dualstream_mstcn_summary.json,13919,2026-04-26T22:03:44,数据、指标或分析输出
data_and_metrics,data_metric_file,,attachments/05_data_and_metrics/latest_algorithm/stage1_pooling_ablation_20260426/mean/pid.txt,7,2026-04-26T21:59:21,数据、指标或分析输出
data_and_metrics,data_metric_file,,attachments/05_data_and_metrics/latest_algorithm/stage1_pooling_ablation_20260426/pooling_ablation_summary.csv,1204,2026-04-26T22:08:22,数据、指标或分析输出
data_and_metrics,data_metric_file,,attachments/05_data_and_metrics/raw_tactile_data/0.25cm大/0.5cm深/1.CSV,165945,2026-04-09T16:09:32,数据、指标或分析输出
data_and_metrics,data_metric_file,,attachments/05_data_and_metrics/raw_tactile_data/0.25cm大/0.5cm深/2.CSV,429300,2026-04-09T16:09:32,数据、指标或分析输出
data_and_metrics,data_metric_file,,attachments/05_data_and_metrics/raw_tactile_data/0.25cm大/0.5cm深/3.CSV,429036,2026-04-09T16:09:32,数据、指标或分析输出
data_and_metrics,data_metric_file,,attachments/05_data_and_metrics/raw_tactile_data/0.25cm大/1.0cm深/1.CSV,163868,2026-04-09T16:09:32,数据、指标或分析输出
data_and_metrics,data_metric_file,,attachments/05_data_and_metrics/raw_tactile_data/0.25cm大/1.0cm深/2.CSV,425444,2026-04-09T16:09:32,数据、指标或分析输出
data_and_metrics,data_metric_file,,attachments/05_data_and_metrics/raw_tactile_data/0.25cm大/1.0cm深/3.CSV,425732,2026-04-09T16:09:32,数据、指标或分析输出
data_and_metrics,data_metric_file,,attachments/05_data_and_metrics/raw_tactile_data/0.25cm大/1.5cm深/1.CSV,469743,2026-04-09T16:09:32,数据、指标或分析输出
data_and_metrics,data_metric_file,,attachments/05_data_and_metrics/raw_tactile_data/0.25cm大/1.5cm深/2.CSV,1207518,2026-04-09T16:09:32,数据、指标或分析输出
data_and_metrics,data_metric_file,,attachments/05_data_and_metrics/raw_tactile_data/0.25cm大/1.5cm深/3.CSV,1209853,2026-04-09T16:09:32,数据、指标或分析输出
data_and_metrics,data_metric_file,,attachments/05_data_and_metrics/raw_tactile_data/0.25cm大/2.0cm深/1.CSV,125750,2026-04-09T16:09:32,数据、指标或分析输出
data_and_metrics,data_metric_file,,attachments/05_data_and_metrics/raw_tactile_data/0.25cm大/2.0cm深/2.CSV,306085,2026-04-09T16:09:32,数据、指标或分析输出
data_and_metrics,data_metric_file,,attachments/05_data_and_metrics/raw_tactile_data/0.25cm大/2.0cm深/3.CSV,306066,2026-04-09T16:09:32,数据、指标或分析输出
data_and_metrics,data_metric_file,,attachments/05_data_and_metrics/raw_tactile_data/0.25cm大/2.5cm深/1.CSV,263166,2026-04-09T16:09:32,数据、指标或分析输出
data_and_metrics,data_metric_file,,attachments/05_data_and_metrics/raw_tactile_data/0.25cm大/2.5cm深/2.CSV,681236,2026-04-09T16:09:32,数据、指标或分析输出
data_and_metrics,data_metric_file,,attachments/05_data_and_metrics/raw_tactile_data/0.25cm大/2.5cm深/3.CSV,680934,2026-04-09T16:09:32,数据、指标或分析输出
data_and_metrics,data_metric_file,,attachments/05_data_and_metrics/raw_tactile_data/0.25cm大/3.0cm深/1.CSV,110041,2026-04-09T16:09:32,数据、指标或分析输出
data_and_metrics,data_metric_file,,attachments/05_data_and_metrics/raw_tactile_data/0.25cm大/3.0cm深/2.CSV,279553,2026-04-09T16:09:32,数据、指标或分析输出
data_and_metrics,data_metric_file,,attachments/05_data_and_metrics/raw_tactile_data/0.25cm大/3.0cm深/3.CSV,279523,2026-04-09T16:09:32,数据、指标或分析输出
data_and_metrics,data_metric_file,,attachments/05_data_and_metrics/raw_tactile_data/0.5cm大/0.5cm深/1.CSV,86789,2026-04-09T16:09:32,数据、指标或分析输出
data_and_metrics,data_metric_file,,attachments/05_data_and_metrics/raw_tactile_data/0.5cm大/0.5cm深/2.CSV,100681,2026-04-09T16:09:32,数据、指标或分析输出
data_and_metrics,data_metric_file,,attachments/05_data_and_metrics/raw_tactile_data/0.5cm大/0.5cm深/3.CSV,74769,2026-04-09T16:09:32,数据、指标或分析输出
data_and_metrics,data_metric_file,,attachments/05_data_and_metrics/raw_tactile_data/0.5cm大/1.0cm深/1.CSV,249613,2026-04-09T16:09:32,数据、指标或分析输出
data_and_metrics,data_metric_file,,attachments/05_data_and_metrics/raw_tactile_data/0.5cm大/1.0cm深/2.CSV,66864,2026-04-09T16:09:32,数据、指标或分析输出
data_and_metrics,data_metric_file,,attachments/05_data_and_metrics/raw_tactile_data/0.5cm大/1.0cm深/3.CSV,484197,2026-04-09T16:09:32,数据、指标或分析输出
data_and_metrics,data_metric_file,,attachments/05_data_and_metrics/raw_tactile_data/0.5cm大/1.5cm深/1.CSV,125620,2026-04-09T16:09:32,数据、指标或分析输出
data_and_metrics,data_metric_file,,attachments/05_data_and_metrics/raw_tactile_data/0.5cm大/1.5cm深/2.CSV,98017,2026-04-09T16:09:32,数据、指标或分析输出
data_and_metrics,data_metric_file,,attachments/05_data_and_metrics/raw_tactile_data/0.5cm大/1.5cm深/3.CSV,150343,2026-04-09T16:09:32,数据、指标或分析输出
data_and_metrics,data_metric_file,,attachments/05_data_and_metrics/raw_tactile_data/0.5cm大/2.0cm深/1.CSV,218691,2026-04-09T16:09:32,数据、指标或分析输出
data_and_metrics,data_metric_file,,attachments/05_data_and_metrics/raw_tactile_data/0.5cm大/2.0cm深/2.CSV,590758,2026-04-09T16:09:32,数据、指标或分析输出
data_and_metrics,data_metric_file,,attachments/05_data_and_metrics/raw_tactile_data/0.5cm大/2.0cm深/3.CSV,171455,2026-04-09T16:09:32,数据、指标或分析输出
data_and_metrics,data_metric_file,,attachments/05_data_and_metrics/raw_tactile_data/0.5cm大/2.5cm深/1.CSV,179681,2026-04-09T16:09:32,数据、指标或分析输出
data_and_metrics,data_metric_file,,attachments/05_data_and_metrics/raw_tactile_data/0.5cm大/2.5cm深/2.CSV,194670,2026-04-09T16:09:32,数据、指标或分析输出
data_and_metrics,data_metric_file,,attachments/05_data_and_metrics/raw_tactile_data/0.5cm大/2.5cm深/3.CSV,183060,2026-04-09T16:09:32,数据、指标或分析输出
data_and_metrics,data_metric_file,,attachments/05_data_and_metrics/raw_tactile_data/0.5cm大/3.0cm深/1.CSV,104144,2026-04-09T16:09:32,数据、指标或分析输出
data_and_metrics,data_metric_file,,attachments/05_data_and_metrics/raw_tactile_data/0.5cm大/3.0cm深/2.CSV,163153,2026-04-09T16:09:32,数据、指标或分析输出
data_and_metrics,data_metric_file,,attachments/05_data_and_metrics/raw_tactile_data/0.5cm大/3.0cm深/3.CSV,80318,2026-04-09T16:09:32,数据、指标或分析输出
data_and_metrics,data_metric_file,,attachments/05_data_and_metrics/raw_tactile_data/0.75cm大/0.5cm深/1.CSV,112857,2026-04-09T16:09:32,数据、指标或分析输出
data_and_metrics,data_metric_file,,attachments/05_data_and_metrics/raw_tactile_data/0.75cm大/0.5cm深/2.CSV,122765,2026-04-09T16:09:32,数据、指标或分析输出
data_and_metrics,data_metric_file,,attachments/05_data_and_metrics/raw_tactile_data/0.75cm大/0.5cm深/3.CSV,111992,2026-04-09T16:09:32,数据、指标或分析输出
data_and_metrics,data_metric_file,,attachments/05_data_and_metrics/raw_tactile_data/0.75cm大/1.0cm深/1.CSV,105832,2026-04-09T16:09:32,数据、指标或分析输出
data_and_metrics,data_metric_file,,attachments/05_data_and_metrics/raw_tactile_data/0.75cm大/1.0cm深/2.CSV,97096,2026-04-09T16:09:32,数据、指标或分析输出
data_and_metrics,data_metric_file,,attachments/05_data_and_metrics/raw_tactile_data/0.75cm大/1.0cm深/3.CSV,88659,2026-04-09T16:09:32,数据、指标或分析输出
data_and_metrics,data_metric_file,,attachments/05_data_and_metrics/raw_tactile_data/0.75cm大/1.5cm深/1.CSV,108236,2026-04-09T16:09:32,数据、指标或分析输出
data_and_metrics,data_metric_file,,attachments/05_data_and_metrics/raw_tactile_data/0.75cm大/1.5cm深/2.CSV,102225,2026-04-09T16:09:32,数据、指标或分析输出
data_and_metrics,data_metric_file,,attachments/05_data_and_metrics/raw_tactile_data/0.75cm大/1.5cm深/3.CSV,96120,2026-04-09T16:09:32,数据、指标或分析输出
data_and_metrics,data_metric_file,,attachments/05_data_and_metrics/raw_tactile_data/0.75cm大/2.5cm深/1.CSV,118708,2026-04-09T16:09:32,数据、指标或分析输出
data_and_metrics,data_metric_file,,attachments/05_data_and_metrics/raw_tactile_data/0.75cm大/2.5cm深/2.CSV,112196,2026-04-09T16:09:32,数据、指标或分析输出
data_and_metrics,data_metric_file,,attachments/05_data_and_metrics/raw_tactile_data/0.75cm大/2.5cm深/3.CSV,136113,2026-04-09T16:09:32,数据、指标或分析输出
data_and_metrics,data_metric_file,,attachments/05_data_and_metrics/raw_tactile_data/0.75cm大/2cm深/1.CSV,108041,2026-04-09T16:09:32,数据、指标或分析输出
data_and_metrics,data_metric_file,,attachments/05_data_and_metrics/raw_tactile_data/0.75cm大/2cm深/2.CSV,103963,2026-04-09T16:09:32,数据、指标或分析输出
data_and_metrics,data_metric_file,,attachments/05_data_and_metrics/raw_tactile_data/0.75cm大/2cm深/3.CSV,233562,2026-04-09T16:09:32,数据、指标或分析输出
data_and_metrics,data_metric_file,,attachments/05_data_and_metrics/raw_tactile_data/0.75cm大/3.0cm深/1.CSV,99421,2026-04-09T16:09:32,数据、指标或分析输出
data_and_metrics,data_metric_file,,attachments/05_data_and_metrics/raw_tactile_data/0.75cm大/3.0cm深/2.CSV,108320,2026-04-09T16:09:32,数据、指标或分析输出
data_and_metrics,data_metric_file,,attachments/05_data_and_metrics/raw_tactile_data/0.75cm大/3.0cm深/3.CSV,86306,2026-04-09T16:09:32,数据、指标或分析输出
data_and_metrics,data_metric_file,,attachments/05_data_and_metrics/raw_tactile_data/1.25cm大/0.5cm深/1.CSV,113758,2026-04-09T16:09:32,数据、指标或分析输出
data_and_metrics,data_metric_file,,attachments/05_data_and_metrics/raw_tactile_data/1.25cm大/0.5cm深/2.CSV,116165,2026-04-09T16:09:32,数据、指标或分析输出
data_and_metrics,data_metric_file,,attachments/05_data_and_metrics/raw_tactile_data/1.25cm大/0.5cm深/3.CSV,108302,2026-04-09T16:09:32,数据、指标或分析输出
data_and_metrics,data_metric_file,,attachments/05_data_and_metrics/raw_tactile_data/1.25cm大/1.5cm深/1.CSV,100841,2026-04-09T16:09:32,数据、指标或分析输出
data_and_metrics,data_metric_file,,attachments/05_data_and_metrics/raw_tactile_data/1.25cm大/1.5cm深/2.CSV,93515,2026-04-09T16:09:32,数据、指标或分析输出
data_and_metrics,data_metric_file,,attachments/05_data_and_metrics/raw_tactile_data/1.25cm大/1.5cm深/3.CSV,101336,2026-04-09T16:09:32,数据、指标或分析输出
data_and_metrics,data_metric_file,,attachments/05_data_and_metrics/raw_tactile_data/1.25cm大/1cm深/1.CSV,105537,2026-04-09T16:09:32,数据、指标或分析输出
data_and_metrics,data_metric_file,,attachments/05_data_and_metrics/raw_tactile_data/1.25cm大/1cm深/2.CSV,105345,2026-04-09T16:09:32,数据、指标或分析输出
data_and_metrics,data_metric_file,,attachments/05_data_and_metrics/raw_tactile_data/1.25cm大/1cm深/3.CSV,114662,2026-04-09T16:09:32,数据、指标或分析输出
data_and_metrics,data_metric_file,,attachments/05_data_and_metrics/raw_tactile_data/1.25cm大/2.5cm深/1.CSV,96399,2026-04-09T16:09:32,数据、指标或分析输出
data_and_metrics,data_metric_file,,attachments/05_data_and_metrics/raw_tactile_data/1.25cm大/2.5cm深/2.CSV,97280,2026-04-09T16:09:32,数据、指标或分析输出
data_and_metrics,data_metric_file,,attachments/05_data_and_metrics/raw_tactile_data/1.25cm大/2.5cm深/3.CSV,96018,2026-04-09T16:09:32,数据、指标或分析输出
data_and_metrics,data_metric_file,,attachments/05_data_and_metrics/raw_tactile_data/1.25cm大/2cm深/1.CSV,96211,2026-04-09T16:09:32,数据、指标或分析输出
data_and_metrics,data_metric_file,,attachments/05_data_and_metrics/raw_tactile_data/1.25cm大/2cm深/2.CSV,104592,2026-04-09T16:09:32,数据、指标或分析输出
data_and_metrics,data_metric_file,,attachments/05_data_and_metrics/raw_tactile_data/1.25cm大/2cm深/3.CSV,90287,2026-04-09T16:09:32,数据、指标或分析输出
data_and_metrics,data_metric_file,,attachments/05_data_and_metrics/raw_tactile_data/1.25cm大/3cm深/1.CSV,100398,2026-04-09T16:09:32,数据、指标或分析输出
data_and_metrics,data_metric_file,,attachments/05_data_and_metrics/raw_tactile_data/1.25cm大/3cm深/2.CSV,104086,2026-04-09T16:09:32,数据、指标或分析输出
data_and_metrics,data_metric_file,,attachments/05_data_and_metrics/raw_tactile_data/1.25cm大/3cm深/3.CSV,95084,2026-04-09T16:09:32,数据、指标或分析输出
data_and_metrics,data_metric_file,,attachments/05_data_and_metrics/raw_tactile_data/1.5cm大/0.5cm深/1.CSV,178702,2026-04-09T16:09:32,数据、指标或分析输出
data_and_metrics,data_metric_file,,attachments/05_data_and_metrics/raw_tactile_data/1.5cm大/0.5cm深/2.CSV,109853,2026-04-09T16:09:33,数据、指标或分析输出
data_and_metrics,data_metric_file,,attachments/05_data_and_metrics/raw_tactile_data/1.5cm大/0.5cm深/3.CSV,129107,2026-04-09T16:09:33,数据、指标或分析输出
data_and_metrics,data_metric_file,,attachments/05_data_and_metrics/raw_tactile_data/1.5cm大/1.0cm深/1.CSV,131087,2026-04-09T16:09:33,数据、指标或分析输出
data_and_metrics,data_metric_file,,attachments/05_data_and_metrics/raw_tactile_data/1.5cm大/1.0cm深/2.CSV,125934,2026-04-09T16:09:33,数据、指标或分析输出
data_and_metrics,data_metric_file,,attachments/05_data_and_metrics/raw_tactile_data/1.5cm大/1.0cm深/3.CSV,113824,2026-04-09T16:09:33,数据、指标或分析输出
data_and_metrics,data_metric_file,,attachments/05_data_and_metrics/raw_tactile_data/1.5cm大/1.5cm深/1.CSV,121523,2026-04-09T16:09:33,数据、指标或分析输出
data_and_metrics,data_metric_file,,attachments/05_data_and_metrics/raw_tactile_data/1.5cm大/1.5cm深/2.CSV,104623,2026-04-09T16:09:33,数据、指标或分析输出
data_and_metrics,data_metric_file,,attachments/05_data_and_metrics/raw_tactile_data/1.5cm大/1.5cm深/3.CSV,116793,2026-04-09T16:09:33,数据、指标或分析输出
data_and_metrics,data_metric_file,,attachments/05_data_and_metrics/raw_tactile_data/1.5cm大/2.0cm深/1.CSV,108227,2026-04-09T16:09:33,数据、指标或分析输出
data_and_metrics,data_metric_file,,attachments/05_data_and_metrics/raw_tactile_data/1.5cm大/2.0cm深/2.CSV,112301,2026-04-09T16:09:33,数据、指标或分析输出
data_and_metrics,data_metric_file,,attachments/05_data_and_metrics/raw_tactile_data/1.5cm大/2.0cm深/3.CSV,308061,2026-04-09T16:09:33,数据、指标或分析输出
data_and_metrics,data_metric_file,,attachments/05_data_and_metrics/raw_tactile_data/1.5cm大/2.5cm深/1.CSV,105073,2026-04-09T16:09:33,数据、指标或分析输出
data_and_metrics,data_metric_file,,attachments/05_data_and_metrics/raw_tactile_data/1.5cm大/2.5cm深/2.CSV,94753,2026-04-09T16:09:33,数据、指标或分析输出
data_and_metrics,data_metric_file,,attachments/05_data_and_metrics/raw_tactile_data/1.5cm大/2.5cm深/3.CSV,113624,2026-04-09T16:09:33,数据、指标或分析输出
data_and_metrics,data_metric_file,,attachments/05_data_and_metrics/raw_tactile_data/1.5cm大/3.0cm深/1.CSV,105096,2026-04-09T16:09:33,数据、指标或分析输出
data_and_metrics,data_metric_file,,attachments/05_data_and_metrics/raw_tactile_data/1.5cm大/3.0cm深/2.CSV,91984,2026-04-09T16:09:33,数据、指标或分析输出
data_and_metrics,data_metric_file,,attachments/05_data_and_metrics/raw_tactile_data/1.5cm大/3.0cm深/3.CSV,93300,2026-04-09T16:09:33,数据、指标或分析输出
data_and_metrics,data_metric_file,,attachments/05_data_and_metrics/raw_tactile_data/1.75cm大/0.5cm深/1.CSV,82389,2026-04-09T16:09:33,数据、指标或分析输出
data_and_metrics,data_metric_file,,attachments/05_data_and_metrics/raw_tactile_data/1.75cm大/0.5cm深/2.CSV,83448,2026-04-09T16:09:33,数据、指标或分析输出
data_and_metrics,data_metric_file,,attachments/05_data_and_metrics/raw_tactile_data/1.75cm大/0.5cm深/3.CSV,81972,2026-04-09T16:09:33,数据、指标或分析输出
data_and_metrics,data_metric_file,,attachments/05_data_and_metrics/raw_tactile_data/1.75cm大/1.5cm深/1.CSV,98749,2026-04-09T16:09:33,数据、指标或分析输出
data_and_metrics,data_metric_file,,attachments/05_data_and_metrics/raw_tactile_data/1.75cm大/1.5cm深/2.CSV,102478,2026-04-09T16:09:33,数据、指标或分析输出
data_and_metrics,data_metric_file,,attachments/05_data_and_metrics/raw_tactile_data/1.75cm大/1.5cm深/3.CSV,102679,2026-04-09T16:09:33,数据、指标或分析输出
data_and_metrics,data_metric_file,,attachments/05_data_and_metrics/raw_tactile_data/1.75cm大/1cm深/1.CSV,87028,2026-04-09T16:09:33,数据、指标或分析输出
data_and_metrics,data_metric_file,,attachments/05_data_and_metrics/raw_tactile_data/1.75cm大/1cm深/2.CSV,89011,2026-04-09T16:09:33,数据、指标或分析输出
data_and_metrics,data_metric_file,,attachments/05_data_and_metrics/raw_tactile_data/1.75cm大/1cm深/3.CSV,85354,2026-04-09T16:09:33,数据、指标或分析输出
data_and_metrics,data_metric_file,,attachments/05_data_and_metrics/raw_tactile_data/1.75cm大/2.5cm深/1.CSV,103729,2026-04-09T16:09:33,数据、指标或分析输出
data_and_metrics,data_metric_file,,attachments/05_data_and_metrics/raw_tactile_data/1.75cm大/2.5cm深/2.CSV,100893,2026-04-09T16:09:33,数据、指标或分析输出
data_and_metrics,data_metric_file,,attachments/05_data_and_metrics/raw_tactile_data/1.75cm大/2.5cm深/3.CSV,109472,2026-04-09T16:09:33,数据、指标或分析输出
data_and_metrics,data_metric_file,,attachments/05_data_and_metrics/raw_tactile_data/1.75cm大/2cm深/1.CSV,156335,2026-04-09T16:09:33,数据、指标或分析输出
data_and_metrics,data_metric_file,,attachments/05_data_and_metrics/raw_tactile_data/1.75cm大/2cm深/2.CSV,218019,2026-04-09T16:09:33,数据、指标或分析输出
data_and_metrics,data_metric_file,,attachments/05_data_and_metrics/raw_tactile_data/1.75cm大/2cm深/3.CSV,95400,2026-04-09T16:09:33,数据、指标或分析输出
data_and_metrics,data_metric_file,,attachments/05_data_and_metrics/raw_tactile_data/1.75cm大/3cm深/1.CSV,104833,2026-04-09T16:09:33,数据、指标或分析输出
data_and_metrics,data_metric_file,,attachments/05_data_and_metrics/raw_tactile_data/1.75cm大/3cm深/2.CSV,100839,2026-04-09T16:09:33,数据、指标或分析输出
data_and_metrics,data_metric_file,,attachments/05_data_and_metrics/raw_tactile_data/1.75cm大/3cm深/3.CSV,102617,2026-04-09T16:09:33,数据、指标或分析输出
data_and_metrics,data_metric_file,,attachments/05_data_and_metrics/raw_tactile_data/1cm大/0.5cm深/1.CSV,131896,2026-04-09T16:09:33,数据、指标或分析输出
data_and_metrics,data_metric_file,,attachments/05_data_and_metrics/raw_tactile_data/1cm大/0.5cm深/2.CSV,167633,2026-04-09T16:09:33,数据、指标或分析输出
data_and_metrics,data_metric_file,,attachments/05_data_and_metrics/raw_tactile_data/1cm大/0.5cm深/3.CSV,110496,2026-04-09T16:09:33,数据、指标或分析输出
data_and_metrics,data_metric_file,,attachments/05_data_and_metrics/raw_tactile_data/1cm大/1.0cm深/1.CSV,62974,2026-04-09T16:09:33,数据、指标或分析输出
data_and_metrics,data_metric_file,,attachments/05_data_and_metrics/raw_tactile_data/1cm大/1.0cm深/2.CSV,78995,2026-04-09T16:09:33,数据、指标或分析输出
data_and_metrics,data_metric_file,,attachments/05_data_and_metrics/raw_tactile_data/1cm大/1.0cm深/3.CSV,51941,2026-04-09T16:09:33,数据、指标或分析输出
data_and_metrics,data_metric_file,,attachments/05_data_and_metrics/raw_tactile_data/1cm大/1.5cm深/1.CSV,159335,2026-04-09T16:09:33,数据、指标或分析输出
data_and_metrics,data_metric_file,,attachments/05_data_and_metrics/raw_tactile_data/1cm大/1.5cm深/2.CSV,165377,2026-04-09T16:09:33,数据、指标或分析输出
data_and_metrics,data_metric_file,,attachments/05_data_and_metrics/raw_tactile_data/1cm大/1.5cm深/3.CSV,163949,2026-04-09T16:09:33,数据、指标或分析输出
data_and_metrics,data_metric_file,,attachments/05_data_and_metrics/raw_tactile_data/1cm大/2.0cm深/1.CSV,169021,2026-04-09T16:09:33,数据、指标或分析输出
data_and_metrics,data_metric_file,,attachments/05_data_and_metrics/raw_tactile_data/1cm大/2.0cm深/2.CSV,165200,2026-04-09T16:09:33,数据、指标或分析输出
data_and_metrics,data_metric_file,,attachments/05_data_and_metrics/raw_tactile_data/1cm大/2.0cm深/3.CSV,174761,2026-04-09T16:09:33,数据、指标或分析输出
data_and_metrics,data_metric_file,,attachments/05_data_and_metrics/raw_tactile_data/1cm大/2.5cm深/1.CSV,90103,2026-04-09T16:09:33,数据、指标或分析输出
data_and_metrics,data_metric_file,,attachments/05_data_and_metrics/raw_tactile_data/1cm大/2.5cm深/2.CSV,93992,2026-04-09T16:09:33,数据、指标或分析输出
data_and_metrics,data_metric_file,,attachments/05_data_and_metrics/raw_tactile_data/1cm大/2.5cm深/3.CSV,87641,2026-04-09T16:09:33,数据、指标或分析输出
data_and_metrics,data_metric_file,,attachments/05_data_and_metrics/raw_tactile_data/1cm大/3.0cm深/1.CSV,123227,2026-04-09T16:09:33,数据、指标或分析输出
data_and_metrics,data_metric_file,,attachments/05_data_and_metrics/raw_tactile_data/1cm大/3.0cm深/2.CSV,103501,2026-04-09T16:09:33,数据、指标或分析输出
data_and_metrics,data_metric_file,,attachments/05_data_and_metrics/raw_tactile_data/1cm大/3.0cm深/3.CSV,139072,2026-04-09T16:09:33,数据、指标或分析输出
data_and_metrics,data_metric_file,,attachments/05_data_and_metrics/raw_tactile_data/detection_config.json,134,2026-04-09T16:09:33,数据、指标或分析输出
data_and_metrics,data_metric_file,,attachments/05_data_and_metrics/raw_tactile_data/manual_keyframe_labels_file2.json,11632,2026-04-09T16:09:33,数据、指标或分析输出
data_and_metrics,data_metric_file,,attachments/05_data_and_metrics/raw_tactile_data/manual_keyframe_labels_file3.backup_before_restore_20260407.json,10680,2026-04-09T16:09:33,数据、指标或分析输出
data_and_metrics,data_metric_file,,attachments/05_data_and_metrics/raw_tactile_data/manual_keyframe_labels_file3.json,41958,2026-04-09T16:09:33,数据、指标或分析输出
data_and_metrics,data_metric_file,,attachments/05_data_and_metrics/simulation/lung_synthetic_dataset_smoke/cases/neg_no_nodule/neg_no_nodule.json,2717,2026-04-19T12:38:00,数据、指标或分析输出
data_and_metrics,data_metric_file,,attachments/05_data_and_metrics/simulation/lung_synthetic_dataset_smoke/cases/pos_s01_d01/pos_s01_d01.json,2723,2026-04-19T12:38:00,数据、指标或分析输出
data_and_metrics,data_metric_file,,attachments/05_data_and_metrics/simulation/lung_synthetic_dataset_smoke/cases/pos_s01_d02/pos_s01_d02.json,2718,2026-04-19T12:38:00,数据、指标或分析输出
data_and_metrics,data_metric_file,,attachments/05_data_and_metrics/simulation/lung_synthetic_dataset_smoke/cases/pos_s01_d03/pos_s01_d03.json,2722,2026-04-19T12:38:00,数据、指标或分析输出
data_and_metrics,data_metric_file,,attachments/05_data_and_metrics/simulation/lung_synthetic_dataset_smoke/dataset_report.md,637,2026-04-19T12:38:03,数据、指标或分析输出
data_and_metrics,data_metric_file,,attachments/05_data_and_metrics/simulation/lung_synthetic_dataset_smoke/grid_summary.json,2898,2026-04-19T12:38:00,数据、指标或分析输出
data_and_metrics,data_metric_file,,attachments/05_data_and_metrics/simulation/lung_synthetic_dataset_smoke/grid_summary.png,199693,2026-04-19T12:38:03,数据、指标或分析输出
data_and_metrics,data_metric_file,,attachments/05_data_and_metrics/simulation/lung_synthetic_dataset_smoke/manifest.csv,1315,2026-04-19T12:38:00,数据、指标或分析输出
project_context,context_doc_code,,attachments/06_docs_and_code_context/ALGORITHM_STEP_BY_STEP_20260429_CN.md,44453,2026-04-29T20:11:55,项目文档或关键代码
project_context,context_doc_code,,attachments/06_docs_and_code_context/DATAFLOW_REPORT.md,598,2026-04-09T16:09:32,项目文档或关键代码
project_context,context_doc_code,,attachments/06_docs_and_code_context/FILE_MAP.md,930,2026-04-09T16:09:32,项目文档或关键代码
project_context,context_doc_code,,attachments/06_docs_and_code_context/MODEL_AND_ALGO.md,800,2026-04-09T16:09:32,项目文档或关键代码
project_context,context_doc_code,,attachments/06_docs_and_code_context/MODEL_AND_SYSTEM_BLUEPRINT.md,3899,2026-04-09T16:09:33,项目文档或关键代码
project_context,context_doc_code,,attachments/06_docs_and_code_context/ORIGINAL_MODEL_MATH.md,2998,2026-04-09T16:09:32,项目文档或关键代码
project_context,context_doc_code,,attachments/06_docs_and_code_context/ORIGINAL_MODEL_REPORT.md,1111,2026-04-09T16:09:32,项目文档或关键代码
project_context,context_doc_code,,attachments/06_docs_and_code_context/PAPER_STORYLINE_AND_TASKS.md,5104,2026-04-09T16:09:33,项目文档或关键代码
project_context,context_doc_code,,attachments/06_docs_and_code_context/PROJECT_REQUIREMENTS.md,7323,2026-04-09T16:09:33,项目文档或关键代码
project_context,context_doc_code,,attachments/06_docs_and_code_context/README.md,11529,2026-04-27T20:07:28,项目文档或关键代码
project_context,context_doc_code,,attachments/06_docs_and_code_context/REPRODUCIBILITY.md,2998,2026-04-09T16:09:33,项目文档或关键代码
project_context,context_doc_code,,attachments/06_docs_and_code_context/TASK_DEFINITION_AND_LABEL_PROTOCOL.md,5609,2026-04-09T16:09:33,项目文档或关键代码
project_context,context_doc_code,,attachments/06_docs_and_code_context/code/dual_stream_mstcn_detection.py,17114,2026-04-27T20:07:28,项目文档或关键代码
project_context,context_doc_code,,attachments/06_docs_and_code_context/code/fusion_real_time_detection.py,2882,2026-04-27T19:51:06,项目文档或关键代码
project_context,context_doc_code,,attachments/06_docs_and_code_context/code/paper_architecture_contract_v1.py,10525,2026-04-11T21:32:47,项目文档或关键代码
project_context,context_doc_code,,attachments/06_docs_and_code_context/code/realtime_detector.py,2671,2026-04-27T19:51:06,项目文档或关键代码
project_context,context_doc_code,,attachments/06_docs_and_code_context/code/sequence_dataset.py,1947,2026-04-27T19:51:06,项目文档或关键代码
project_context,context_doc_code,,attachments/06_docs_and_code_context/code/train_stage1_dualstream_mstcn.py,23153,2026-04-27T20:07:28,项目文档或关键代码
package_file,package_file,,figure_table_references_from_tex.csv,6744,2026-04-30T21:20:34,
cleanup_report,removed_black_background_report,,removed_black_background_files.csv,24143,2026-04-30T23:10:51,已删除黑底图片明细
package_file,package_file,,~$mini_深度研究材料总包.docx,162,2026-04-30T23:06:22,
