category,role,source_path,attachment_path,size_bytes,mtime,notes
source_pdf,original_source,C:/Users/SWH/WPSDrive/1755855549/WPS企业云盘/四川大学WPS/我的企业文档/应用/输出为PDF/肺结节实时检测系统设计与实现(1)_20260430195714.pdf,attachments/01_source_pdf/original_wps_export.pdf,8421516,2026-04-30T19:57:18,用户提供的 WPS PDF 原件
pdf_page_render,context_page,C:/Users/SWH/WPSDrive/1755855549/WPS企业云盘/四川大学WPS/我的企业文档/应用/输出为PDF/肺结节实时检测系统设计与实现(1)_20260430195714.pdf,attachments/01_source_pdf/rendered_pages/page_01.png,8421516,2026-04-30T19:57:18,PDF 第 1 页整页渲染图
pdf_page_text,context_text,C:/Users/SWH/WPSDrive/1755855549/WPS企业云盘/四川大学WPS/我的企业文档/应用/输出为PDF/肺结节实时检测系统设计与实现(1)_20260430195714.pdf,attachments/01_source_pdf/extracted_text/page_01.txt,8421516,2026-04-30T19:57:18,PDF 第 1 页抽取文本
pdf_embedded_image,raw_image_block,C:/Users/SWH/WPSDrive/1755855549/WPS企业云盘/四川大学WPS/我的企业文档/应用/输出为PDF/肺结节实时检测系统设计与实现(1)_20260430195714.pdf,attachments/01_source_pdf/extracted_image_blocks/page_01_img_001_xref_103.png,8421516,2026-04-30T19:57:18,"PDF 内嵌图块 page=1, xref=103, 326x281"
pdf_embedded_image,raw_image_block,C:/Users/SWH/WPSDrive/1755855549/WPS企业云盘/四川大学WPS/我的企业文档/应用/输出为PDF/肺结节实时检测系统设计与实现(1)_20260430195714.pdf,attachments/01_source_pdf/extracted_image_blocks/page_01_img_002_xref_105.png,8421516,2026-04-30T19:57:18,"PDF 内嵌图块 page=1, xref=105, 51x140"
pdf_embedded_image,raw_image_block,C:/Users/SWH/WPSDrive/1755855549/WPS企业云盘/四川大学WPS/我的企业文档/应用/输出为PDF/肺结节实时检测系统设计与实现(1)_20260430195714.pdf,attachments/01_source_pdf/extracted_image_blocks/page_01_img_003_xref_107.png,8421516,2026-04-30T19:57:18,"PDF 内嵌图块 page=1, xref=107, 368x72"
pdf_embedded_image,raw_image_block,C:/Users/SWH/WPSDrive/1755855549/WPS企业云盘/四川大学WPS/我的企业文档/应用/输出为PDF/肺结节实时检测系统设计与实现(1)_20260430195714.pdf,attachments/01_source_pdf/extracted_image_blocks/page_01_img_004_xref_109.png,8421516,2026-04-30T19:57:18,"PDF 内嵌图块 page=1, xref=109, 203x72"
pdf_embedded_image,raw_image_block,C:/Users/SWH/WPSDrive/1755855549/WPS企业云盘/四川大学WPS/我的企业文档/应用/输出为PDF/肺结节实时检测系统设计与实现(1)_20260430195714.pdf,attachments/01_source_pdf/extracted_image_blocks/page_01_img_005_xref_11.png,8421516,2026-04-30T19:57:18,"PDF 内嵌图块 page=1, xref=11, 179x97"
pdf_embedded_image,raw_image_block,C:/Users/SWH/WPSDrive/1755855549/WPS企业云盘/四川大学WPS/我的企业文档/应用/输出为PDF/肺结节实时检测系统设计与实现(1)_20260430195714.pdf,attachments/01_source_pdf/extracted_image_blocks/page_01_img_006_xref_111.png,8421516,2026-04-30T19:57:18,"PDF 内嵌图块 page=1, xref=111, 404x283"
pdf_embedded_image,raw_image_block,C:/Users/SWH/WPSDrive/1755855549/WPS企业云盘/四川大学WPS/我的企业文档/应用/输出为PDF/肺结节实时检测系统设计与实现(1)_20260430195714.pdf,attachments/01_source_pdf/extracted_image_blocks/page_01_img_007_xref_113.png,8421516,2026-04-30T19:57:18,"PDF 内嵌图块 page=1, xref=113, 51x117"
pdf_embedded_image,raw_image_block,C:/Users/SWH/WPSDrive/1755855549/WPS企业云盘/四川大学WPS/我的企业文档/应用/输出为PDF/肺结节实时检测系统设计与实现(1)_20260430195714.pdf,attachments/01_source_pdf/extracted_image_blocks/page_01_img_008_xref_115.png,8421516,2026-04-30T19:57:18,"PDF 内嵌图块 page=1, xref=115, 859x51"
pdf_embedded_image,raw_image_block,C:/Users/SWH/WPSDrive/1755855549/WPS企业云盘/四川大学WPS/我的企业文档/应用/输出为PDF/肺结节实时检测系统设计与实现(1)_20260430195714.pdf,attachments/01_source_pdf/extracted_image_blocks/page_01_img_009_xref_117.png,8421516,2026-04-30T19:57:18,"PDF 内嵌图块 page=1, xref=117, 72x198"
pdf_embedded_image,raw_image_block,C:/Users/SWH/WPSDrive/1755855549/WPS企业云盘/四川大学WPS/我的企业文档/应用/输出为PDF/肺结节实时检测系统设计与实现(1)_20260430195714.pdf,attachments/01_source_pdf/extracted_image_blocks/page_01_img_010_xref_119.png,8421516,2026-04-30T19:57:18,"PDF 内嵌图块 page=1, xref=119, 870x535"
pdf_embedded_image,raw_image_block,C:/Users/SWH/WPSDrive/1755855549/WPS企业云盘/四川大学WPS/我的企业文档/应用/输出为PDF/肺结节实时检测系统设计与实现(1)_20260430195714.pdf,attachments/01_source_pdf/extracted_image_blocks/page_01_img_011_xref_121.png,8421516,2026-04-30T19:57:18,"PDF 内嵌图块 page=1, xref=121, 593x434"
pdf_embedded_image,raw_image_block,C:/Users/SWH/WPSDrive/1755855549/WPS企业云盘/四川大学WPS/我的企业文档/应用/输出为PDF/肺结节实时检测系统设计与实现(1)_20260430195714.pdf,attachments/01_source_pdf/extracted_image_blocks/page_01_img_012_xref_123.png,8421516,2026-04-30T19:57:18,"PDF 内嵌图块 page=1, xref=123, 427x435"
pdf_embedded_image,raw_image_block,C:/Users/SWH/WPSDrive/1755855549/WPS企业云盘/四川大学WPS/我的企业文档/应用/输出为PDF/肺结节实时检测系统设计与实现(1)_20260430195714.pdf,attachments/01_source_pdf/extracted_image_blocks/page_01_img_013_xref_125.png,8421516,2026-04-30T19:57:18,"PDF 内嵌图块 page=1, xref=125, 810x506"
pdf_embedded_image,raw_image_block,C:/Users/SWH/WPSDrive/1755855549/WPS企业云盘/四川大学WPS/我的企业文档/应用/输出为PDF/肺结节实时检测系统设计与实现(1)_20260430195714.pdf,attachments/01_source_pdf/extracted_image_blocks/page_01_img_014_xref_127.png,8421516,2026-04-30T19:57:18,"PDF 内嵌图块 page=1, xref=127, 258x195"
pdf_embedded_image,raw_image_block,C:/Users/SWH/WPSDrive/1755855549/WPS企业云盘/四川大学WPS/我的企业文档/应用/输出为PDF/肺结节实时检测系统设计与实现(1)_20260430195714.pdf,attachments/01_source_pdf/extracted_image_blocks/page_01_img_015_xref_13.png,8421516,2026-04-30T19:57:18,"PDF 内嵌图块 page=1, xref=13, 170x101"
pdf_embedded_image,raw_image_block,C:/Users/SWH/WPSDrive/1755855549/WPS企业云盘/四川大学WPS/我的企业文档/应用/输出为PDF/肺结节实时检测系统设计与实现(1)_20260430195714.pdf,attachments/01_source_pdf/extracted_image_blocks/page_01_img_016_xref_15.png,8421516,2026-04-30T19:57:18,"PDF 内嵌图块 page=1, xref=15, 682x65"
pdf_embedded_image,raw_image_block,C:/Users/SWH/WPSDrive/1755855549/WPS企业云盘/四川大学WPS/我的企业文档/应用/输出为PDF/肺结节实时检测系统设计与实现(1)_20260430195714.pdf,attachments/01_source_pdf/extracted_image_blocks/page_01_img_017_xref_17.png,8421516,2026-04-30T19:57:18,"PDF 内嵌图块 page=1, xref=17, 681x65"
pdf_embedded_image,raw_image_block,C:/Users/SWH/WPSDrive/1755855549/WPS企业云盘/四川大学WPS/我的企业文档/应用/输出为PDF/肺结节实时检测系统设计与实现(1)_20260430195714.pdf,attachments/01_source_pdf/extracted_image_blocks/page_01_img_018_xref_24.png,8421516,2026-04-30T19:57:18,"PDF 内嵌图块 page=1, xref=24, 347x433"
pdf_embedded_image,raw_image_block,C:/Users/SWH/WPSDrive/1755855549/WPS企业云盘/四川大学WPS/我的企业文档/应用/输出为PDF/肺结节实时检测系统设计与实现(1)_20260430195714.pdf,attachments/01_source_pdf/extracted_image_blocks/page_01_img_019_xref_26.png,8421516,2026-04-30T19:57:18,"PDF 内嵌图块 page=1, xref=26, 373x398"
pdf_embedded_image,raw_image_block,C:/Users/SWH/WPSDrive/1755855549/WPS企业云盘/四川大学WPS/我的企业文档/应用/输出为PDF/肺结节实时检测系统设计与实现(1)_20260430195714.pdf,attachments/01_source_pdf/extracted_image_blocks/page_01_img_020_xref_28.png,8421516,2026-04-30T19:57:18,"PDF 内嵌图块 page=1, xref=28, 289x293"
pdf_embedded_image,raw_image_block,C:/Users/SWH/WPSDrive/1755855549/WPS企业云盘/四川大学WPS/我的企业文档/应用/输出为PDF/肺结节实时检测系统设计与实现(1)_20260430195714.pdf,attachments/01_source_pdf/extracted_image_blocks/page_01_img_021_xref_30.png,8421516,2026-04-30T19:57:18,"PDF 内嵌图块 page=1, xref=30, 189x140"
pdf_embedded_image,raw_image_block,C:/Users/SWH/WPSDrive/1755855549/WPS企业云盘/四川大学WPS/我的企业文档/应用/输出为PDF/肺结节实时检测系统设计与实现(1)_20260430195714.pdf,attachments/01_source_pdf/extracted_image_blocks/page_01_img_022_xref_32.png,8421516,2026-04-30T19:57:18,"PDF 内嵌图块 page=1, xref=32, 79x121"
pdf_embedded_image,raw_image_block,C:/Users/SWH/WPSDrive/1755855549/WPS企业云盘/四川大学WPS/我的企业文档/应用/输出为PDF/肺结节实时检测系统设计与实现(1)_20260430195714.pdf,attachments/01_source_pdf/extracted_image_blocks/page_01_img_023_xref_34.png,8421516,2026-04-30T19:57:18,"PDF 内嵌图块 page=1, xref=34, 771x65"
pdf_embedded_image,raw_image_block,C:/Users/SWH/WPSDrive/1755855549/WPS企业云盘/四川大学WPS/我的企业文档/应用/输出为PDF/肺结节实时检测系统设计与实现(1)_20260430195714.pdf,attachments/01_source_pdf/extracted_image_blocks/page_01_img_024_xref_36.png,8421516,2026-04-30T19:57:18,"PDF 内嵌图块 page=1, xref=36, 394x392"
pdf_embedded_image,raw_image_block,C:/Users/SWH/WPSDrive/1755855549/WPS企业云盘/四川大学WPS/我的企业文档/应用/输出为PDF/肺结节实时检测系统设计与实现(1)_20260430195714.pdf,attachments/01_source_pdf/extracted_image_blocks/page_01_img_025_xref_38.png,8421516,2026-04-30T19:57:18,"PDF 内嵌图块 page=1, xref=38, 568x293"
pdf_embedded_image,raw_image_block,C:/Users/SWH/WPSDrive/1755855549/WPS企业云盘/四川大学WPS/我的企业文档/应用/输出为PDF/肺结节实时检测系统设计与实现(1)_20260430195714.pdf,attachments/01_source_pdf/extracted_image_blocks/page_01_img_026_xref_40.png,8421516,2026-04-30T19:57:18,"PDF 内嵌图块 page=1, xref=40, 458x474"
pdf_embedded_image,raw_image_block,C:/Users/SWH/WPSDrive/1755855549/WPS企业云盘/四川大学WPS/我的企业文档/应用/输出为PDF/肺结节实时检测系统设计与实现(1)_20260430195714.pdf,attachments/01_source_pdf/extracted_image_blocks/page_01_img_027_xref_42.png,8421516,2026-04-30T19:57:18,"PDF 内嵌图块 page=1, xref=42, 581x550"
pdf_embedded_image,raw_image_block,C:/Users/SWH/WPSDrive/1755855549/WPS企业云盘/四川大学WPS/我的企业文档/应用/输出为PDF/肺结节实时检测系统设计与实现(1)_20260430195714.pdf,attachments/01_source_pdf/extracted_image_blocks/page_01_img_028_xref_44.png,8421516,2026-04-30T19:57:18,"PDF 内嵌图块 page=1, xref=44, 2744x218"
pdf_embedded_image,raw_image_block,C:/Users/SWH/WPSDrive/1755855549/WPS企业云盘/四川大学WPS/我的企业文档/应用/输出为PDF/肺结节实时检测系统设计与实现(1)_20260430195714.pdf,attachments/01_source_pdf/extracted_image_blocks/page_01_img_029_xref_51.png,8421516,2026-04-30T19:57:18,"PDF 内嵌图块 page=1, xref=51, 801x1092"
pdf_embedded_image,raw_image_block,C:/Users/SWH/WPSDrive/1755855549/WPS企业云盘/四川大学WPS/我的企业文档/应用/输出为PDF/肺结节实时检测系统设计与实现(1)_20260430195714.pdf,attachments/01_source_pdf/extracted_image_blocks/page_01_img_030_xref_52.png,8421516,2026-04-30T19:57:18,"PDF 内嵌图块 page=1, xref=52, 46x29"
pdf_embedded_image,raw_image_block,C:/Users/SWH/WPSDrive/1755855549/WPS企业云盘/四川大学WPS/我的企业文档/应用/输出为PDF/肺结节实时检测系统设计与实现(1)_20260430195714.pdf,attachments/01_source_pdf/extracted_image_blocks/page_01_img_031_xref_54.png,8421516,2026-04-30T19:57:18,"PDF 内嵌图块 page=1, xref=54, 137x110"
pdf_embedded_image,raw_image_block,C:/Users/SWH/WPSDrive/1755855549/WPS企业云盘/四川大学WPS/我的企业文档/应用/输出为PDF/肺结节实时检测系统设计与实现(1)_20260430195714.pdf,attachments/01_source_pdf/extracted_image_blocks/page_01_img_032_xref_56.png,8421516,2026-04-30T19:57:18,"PDF 内嵌图块 page=1, xref=56, 73x70"
pdf_embedded_image,raw_image_block,C:/Users/SWH/WPSDrive/1755855549/WPS企业云盘/四川大学WPS/我的企业文档/应用/输出为PDF/肺结节实时检测系统设计与实现(1)_20260430195714.pdf,attachments/01_source_pdf/extracted_image_blocks/page_01_img_033_xref_63.png,8421516,2026-04-30T19:57:18,"PDF 内嵌图块 page=1, xref=63, 301x341"
pdf_embedded_image,raw_image_block,C:/Users/SWH/WPSDrive/1755855549/WPS企业云盘/四川大学WPS/我的企业文档/应用/输出为PDF/肺结节实时检测系统设计与实现(1)_20260430195714.pdf,attachments/01_source_pdf/extracted_image_blocks/page_01_img_034_xref_65.png,8421516,2026-04-30T19:57:18,"PDF 内嵌图块 page=1, xref=65, 615x439"
pdf_embedded_image,raw_image_block,C:/Users/SWH/WPSDrive/1755855549/WPS企业云盘/四川大学WPS/我的企业文档/应用/输出为PDF/肺结节实时检测系统设计与实现(1)_20260430195714.pdf,attachments/01_source_pdf/extracted_image_blocks/page_01_img_035_xref_67.png,8421516,2026-04-30T19:57:18,"PDF 内嵌图块 page=1, xref=67, 1085x538"
pdf_embedded_image,raw_image_block,C:/Users/SWH/WPSDrive/1755855549/WPS企业云盘/四川大学WPS/我的企业文档/应用/输出为PDF/肺结节实时检测系统设计与实现(1)_20260430195714.pdf,attachments/01_source_pdf/extracted_image_blocks/page_01_img_036_xref_69.png,8421516,2026-04-30T19:57:18,"PDF 内嵌图块 page=1, xref=69, 42x96"
pdf_embedded_image,raw_image_block,C:/Users/SWH/WPSDrive/1755855549/WPS企业云盘/四川大学WPS/我的企业文档/应用/输出为PDF/肺结节实时检测系统设计与实现(1)_20260430195714.pdf,attachments/01_source_pdf/extracted_image_blocks/page_01_img_037_xref_71.png,8421516,2026-04-30T19:57:18,"PDF 内嵌图块 page=1, xref=71, 144x249"
pdf_embedded_image,raw_image_block,C:/Users/SWH/WPSDrive/1755855549/WPS企业云盘/四川大学WPS/我的企业文档/应用/输出为PDF/肺结节实时检测系统设计与实现(1)_20260430195714.pdf,attachments/01_source_pdf/extracted_image_blocks/page_01_img_038_xref_73.png,8421516,2026-04-30T19:57:18,"PDF 内嵌图块 page=1, xref=73, 141x72"
pdf_embedded_image,raw_image_block,C:/Users/SWH/WPSDrive/1755855549/WPS企业云盘/四川大学WPS/我的企业文档/应用/输出为PDF/肺结节实时检测系统设计与实现(1)_20260430195714.pdf,attachments/01_source_pdf/extracted_image_blocks/page_01_img_039_xref_80.png,8421516,2026-04-30T19:57:18,"PDF 内嵌图块 page=1, xref=80, 731x263"
pdf_embedded_image,raw_image_block,C:/Users/SWH/WPSDrive/1755855549/WPS企业云盘/四川大学WPS/我的企业文档/应用/输出为PDF/肺结节实时检测系统设计与实现(1)_20260430195714.pdf,attachments/01_source_pdf/extracted_image_blocks/page_01_img_040_xref_81.png,8421516,2026-04-30T19:57:18,"PDF 内嵌图块 page=1, xref=81, 179x145"
pdf_embedded_image,raw_image_block,C:/Users/SWH/WPSDrive/1755855549/WPS企业云盘/四川大学WPS/我的企业文档/应用/输出为PDF/肺结节实时检测系统设计与实现(1)_20260430195714.pdf,attachments/01_source_pdf/extracted_image_blocks/page_01_img_041_xref_83.png,8421516,2026-04-30T19:57:18,"PDF 内嵌图块 page=1, xref=83, 203x91"
pdf_embedded_image,raw_image_block,C:/Users/SWH/WPSDrive/1755855549/WPS企业云盘/四川大学WPS/我的企业文档/应用/输出为PDF/肺结节实时检测系统设计与实现(1)_20260430195714.pdf,attachments/01_source_pdf/extracted_image_blocks/page_01_img_042_xref_85.png,8421516,2026-04-30T19:57:18,"PDF 内嵌图块 page=1, xref=85, 114x86"
pdf_embedded_image,raw_image_block,C:/Users/SWH/WPSDrive/1755855549/WPS企业云盘/四川大学WPS/我的企业文档/应用/输出为PDF/肺结节实时检测系统设计与实现(1)_20260430195714.pdf,attachments/01_source_pdf/extracted_image_blocks/page_01_img_043_xref_87.png,8421516,2026-04-30T19:57:18,"PDF 内嵌图块 page=1, xref=87, 110x90"
pdf_embedded_image,raw_image_block,C:/Users/SWH/WPSDrive/1755855549/WPS企业云盘/四川大学WPS/我的企业文档/应用/输出为PDF/肺结节实时检测系统设计与实现(1)_20260430195714.pdf,attachments/01_source_pdf/extracted_image_blocks/page_01_img_044_xref_89.png,8421516,2026-04-30T19:57:18,"PDF 内嵌图块 page=1, xref=89, 1416x939"
pdf_embedded_image,raw_image_block,C:/Users/SWH/WPSDrive/1755855549/WPS企业云盘/四川大学WPS/我的企业文档/应用/输出为PDF/肺结节实时检测系统设计与实现(1)_20260430195714.pdf,attachments/01_source_pdf/extracted_image_blocks/page_01_img_045_xref_9.png,8421516,2026-04-30T19:57:18,"PDF 内嵌图块 page=1, xref=9, 234x243"
pdf_embedded_image,raw_image_block,C:/Users/SWH/WPSDrive/1755855549/WPS企业云盘/四川大学WPS/我的企业文档/应用/输出为PDF/肺结节实时检测系统设计与实现(1)_20260430195714.pdf,attachments/01_source_pdf/extracted_image_blocks/page_01_img_046_xref_90.png,8421516,2026-04-30T19:57:18,"PDF 内嵌图块 page=1, xref=90, 158x127"
pdf_embedded_image,raw_image_block,C:/Users/SWH/WPSDrive/1755855549/WPS企业云盘/四川大学WPS/我的企业文档/应用/输出为PDF/肺结节实时检测系统设计与实现(1)_20260430195714.pdf,attachments/01_source_pdf/extracted_image_blocks/page_01_img_047_xref_92.png,8421516,2026-04-30T19:57:18,"PDF 内嵌图块 page=1, xref=92, 51x82"
pdf_embedded_image,raw_image_block,C:/Users/SWH/WPSDrive/1755855549/WPS企业云盘/四川大学WPS/我的企业文档/应用/输出为PDF/肺结节实时检测系统设计与实现(1)_20260430195714.pdf,attachments/01_source_pdf/extracted_image_blocks/page_01_img_048_xref_94.png,8421516,2026-04-30T19:57:18,"PDF 内嵌图块 page=1, xref=94, 724x52"
pdf_embedded_image,raw_image_block,C:/Users/SWH/WPSDrive/1755855549/WPS企业云盘/四川大学WPS/我的企业文档/应用/输出为PDF/肺结节实时检测系统设计与实现(1)_20260430195714.pdf,attachments/01_source_pdf/extracted_image_blocks/page_01_img_049_xref_96.png,8421516,2026-04-30T19:57:18,"PDF 内嵌图块 page=1, xref=96, 72x249"
pdf_page_render,context_page,C:/Users/SWH/WPSDrive/1755855549/WPS企业云盘/四川大学WPS/我的企业文档/应用/输出为PDF/肺结节实时检测系统设计与实现(1)_20260430195714.pdf,attachments/01_source_pdf/rendered_pages/page_02.png,8421516,2026-04-30T19:57:18,PDF 第 2 页整页渲染图
pdf_page_text,context_text,C:/Users/SWH/WPSDrive/1755855549/WPS企业云盘/四川大学WPS/我的企业文档/应用/输出为PDF/肺结节实时检测系统设计与实现(1)_20260430195714.pdf,attachments/01_source_pdf/extracted_text/page_02.txt,8421516,2026-04-30T19:57:18,PDF 第 2 页抽取文本
pdf_embedded_image,raw_image_block,C:/Users/SWH/WPSDrive/1755855549/WPS企业云盘/四川大学WPS/我的企业文档/应用/输出为PDF/肺结节实时检测系统设计与实现(1)_20260430195714.pdf,attachments/01_source_pdf/extracted_image_blocks/page_02_img_001_xref_138.png,8421516,2026-04-30T19:57:18,"PDF 内嵌图块 page=2, xref=138, 660x581"
pdf_embedded_image,raw_image_block,C:/Users/SWH/WPSDrive/1755855549/WPS企业云盘/四川大学WPS/我的企业文档/应用/输出为PDF/肺结节实时检测系统设计与实现(1)_20260430195714.pdf,attachments/01_source_pdf/extracted_image_blocks/page_02_img_002_xref_140.png,8421516,2026-04-30T19:57:18,"PDF 内嵌图块 page=2, xref=140, 419x65"
pdf_embedded_image,raw_image_block,C:/Users/SWH/WPSDrive/1755855549/WPS企业云盘/四川大学WPS/我的企业文档/应用/输出为PDF/肺结节实时检测系统设计与实现(1)_20260430195714.pdf,attachments/01_source_pdf/extracted_image_blocks/page_02_img_003_xref_142.png,8421516,2026-04-30T19:57:18,"PDF 内嵌图块 page=2, xref=142, 1108x1180"
pdf_embedded_image,raw_image_block,C:/Users/SWH/WPSDrive/1755855549/WPS企业云盘/四川大学WPS/我的企业文档/应用/输出为PDF/肺结节实时检测系统设计与实现(1)_20260430195714.pdf,attachments/01_source_pdf/extracted_image_blocks/page_02_img_004_xref_143.png,8421516,2026-04-30T19:57:18,"PDF 内嵌图块 page=2, xref=143, 913x65"
pdf_embedded_image,raw_image_block,C:/Users/SWH/WPSDrive/1755855549/WPS企业云盘/四川大学WPS/我的企业文档/应用/输出为PDF/肺结节实时检测系统设计与实现(1)_20260430195714.pdf,attachments/01_source_pdf/extracted_image_blocks/page_02_img_005_xref_145.png,8421516,2026-04-30T19:57:18,"PDF 内嵌图块 page=2, xref=145, 374x469"
pdf_embedded_image,raw_image_block,C:/Users/SWH/WPSDrive/1755855549/WPS企业云盘/四川大学WPS/我的企业文档/应用/输出为PDF/肺结节实时检测系统设计与实现(1)_20260430195714.pdf,attachments/01_source_pdf/extracted_image_blocks/page_02_img_006_xref_147.png,8421516,2026-04-30T19:57:18,"PDF 内嵌图块 page=2, xref=147, 376x476"
pdf_embedded_image,raw_image_block,C:/Users/SWH/WPSDrive/1755855549/WPS企业云盘/四川大学WPS/我的企业文档/应用/输出为PDF/肺结节实时检测系统设计与实现(1)_20260430195714.pdf,attachments/01_source_pdf/extracted_image_blocks/page_02_img_007_xref_149.png,8421516,2026-04-30T19:57:18,"PDF 内嵌图块 page=2, xref=149, 381x484"
pdf_embedded_image,raw_image_block,C:/Users/SWH/WPSDrive/1755855549/WPS企业云盘/四川大学WPS/我的企业文档/应用/输出为PDF/肺结节实时检测系统设计与实现(1)_20260430195714.pdf,attachments/01_source_pdf/extracted_image_blocks/page_02_img_008_xref_151.png,8421516,2026-04-30T19:57:18,"PDF 内嵌图块 page=2, xref=151, 1502x65"
pdf_embedded_image,raw_image_block,C:/Users/SWH/WPSDrive/1755855549/WPS企业云盘/四川大学WPS/我的企业文档/应用/输出为PDF/肺结节实时检测系统设计与实现(1)_20260430195714.pdf,attachments/01_source_pdf/extracted_image_blocks/page_02_img_009_xref_153.png,8421516,2026-04-30T19:57:18,"PDF 内嵌图块 page=2, xref=153, 88x227"
pdf_embedded_image,raw_image_block,C:/Users/SWH/WPSDrive/1755855549/WPS企业云盘/四川大学WPS/我的企业文档/应用/输出为PDF/肺结节实时检测系统设计与实现(1)_20260430195714.pdf,attachments/01_source_pdf/extracted_image_blocks/page_02_img_010_xref_154.png,8421516,2026-04-30T19:57:18,"PDF 内嵌图块 page=2, xref=154, 366x328"
pdf_embedded_image,raw_image_block,C:/Users/SWH/WPSDrive/1755855549/WPS企业云盘/四川大学WPS/我的企业文档/应用/输出为PDF/肺结节实时检测系统设计与实现(1)_20260430195714.pdf,attachments/01_source_pdf/extracted_image_blocks/page_02_img_011_xref_155.png,8421516,2026-04-30T19:57:18,"PDF 内嵌图块 page=2, xref=155, 375x338"
pdf_embedded_image,raw_image_block,C:/Users/SWH/WPSDrive/1755855549/WPS企业云盘/四川大学WPS/我的企业文档/应用/输出为PDF/肺结节实时检测系统设计与实现(1)_20260430195714.pdf,attachments/01_source_pdf/extracted_image_blocks/page_02_img_012_xref_156.png,8421516,2026-04-30T19:57:18,"PDF 内嵌图块 page=2, xref=156, 351x315"
pdf_embedded_image,raw_image_block,C:/Users/SWH/WPSDrive/1755855549/WPS企业云盘/四川大学WPS/我的企业文档/应用/输出为PDF/肺结节实时检测系统设计与实现(1)_20260430195714.pdf,attachments/01_source_pdf/extracted_image_blocks/page_02_img_013_xref_157.png,8421516,2026-04-30T19:57:18,"PDF 内嵌图块 page=2, xref=157, 473x425"
pdf_embedded_image,raw_image_block,C:/Users/SWH/WPSDrive/1755855549/WPS企业云盘/四川大学WPS/我的企业文档/应用/输出为PDF/肺结节实时检测系统设计与实现(1)_20260430195714.pdf,attachments/01_source_pdf/extracted_image_blocks/page_02_img_014_xref_158.png,8421516,2026-04-30T19:57:18,"PDF 内嵌图块 page=2, xref=158, 116x299"
pdf_embedded_image,raw_image_block,C:/Users/SWH/WPSDrive/1755855549/WPS企业云盘/四川大学WPS/我的企业文档/应用/输出为PDF/肺结节实时检测系统设计与实现(1)_20260430195714.pdf,attachments/01_source_pdf/extracted_image_blocks/page_02_img_015_xref_159.png,8421516,2026-04-30T19:57:18,"PDF 内嵌图块 page=2, xref=159, 160x144"
pdf_embedded_image,raw_image_block,C:/Users/SWH/WPSDrive/1755855549/WPS企业云盘/四川大学WPS/我的企业文档/应用/输出为PDF/肺结节实时检测系统设计与实现(1)_20260430195714.pdf,attachments/01_source_pdf/extracted_image_blocks/page_02_img_016_xref_160.png,8421516,2026-04-30T19:57:18,"PDF 内嵌图块 page=2, xref=160, 3x3"
pdf_embedded_image,raw_image_block,C:/Users/SWH/WPSDrive/1755855549/WPS企业云盘/四川大学WPS/我的企业文档/应用/输出为PDF/肺结节实时检测系统设计与实现(1)_20260430195714.pdf,attachments/01_source_pdf/extracted_image_blocks/page_02_img_017_xref_162.png,8421516,2026-04-30T19:57:18,"PDF 内嵌图块 page=2, xref=162, 257x136"
pdf_embedded_image,raw_image_block,C:/Users/SWH/WPSDrive/1755855549/WPS企业云盘/四川大学WPS/我的企业文档/应用/输出为PDF/肺结节实时检测系统设计与实现(1)_20260430195714.pdf,attachments/01_source_pdf/extracted_image_blocks/page_02_img_018_xref_164.png,8421516,2026-04-30T19:57:18,"PDF 内嵌图块 page=2, xref=164, 218x98"
pdf_embedded_image,raw_image_block,C:/Users/SWH/WPSDrive/1755855549/WPS企业云盘/四川大学WPS/我的企业文档/应用/输出为PDF/肺结节实时检测系统设计与实现(1)_20260430195714.pdf,attachments/01_source_pdf/extracted_image_blocks/page_02_img_019_xref_166.png,8421516,2026-04-30T19:57:18,"PDF 内嵌图块 page=2, xref=166, 197x124"
pdf_embedded_image,raw_image_block,C:/Users/SWH/WPSDrive/1755855549/WPS企业云盘/四川大学WPS/我的企业文档/应用/输出为PDF/肺结节实时检测系统设计与实现(1)_20260430195714.pdf,attachments/01_source_pdf/extracted_image_blocks/page_02_img_020_xref_168.png,8421516,2026-04-30T19:57:18,"PDF 内嵌图块 page=2, xref=168, 189x130"
pdf_embedded_image,raw_image_block,C:/Users/SWH/WPSDrive/1755855549/WPS企业云盘/四川大学WPS/我的企业文档/应用/输出为PDF/肺结节实时检测系统设计与实现(1)_20260430195714.pdf,attachments/01_source_pdf/extracted_image_blocks/page_02_img_021_xref_170.png,8421516,2026-04-30T19:57:18,"PDF 内嵌图块 page=2, xref=170, 35x52"
pdf_embedded_image,raw_image_block,C:/Users/SWH/WPSDrive/1755855549/WPS企业云盘/四川大学WPS/我的企业文档/应用/输出为PDF/肺结节实时检测系统设计与实现(1)_20260430195714.pdf,attachments/01_source_pdf/extracted_image_blocks/page_02_img_022_xref_172.png,8421516,2026-04-30T19:57:18,"PDF 内嵌图块 page=2, xref=172, 83x138"
pdf_embedded_image,raw_image_block,C:/Users/SWH/WPSDrive/1755855549/WPS企业云盘/四川大学WPS/我的企业文档/应用/输出为PDF/肺结节实时检测系统设计与实现(1)_20260430195714.pdf,attachments/01_source_pdf/extracted_image_blocks/page_02_img_023_xref_174.png,8421516,2026-04-30T19:57:18,"PDF 内嵌图块 page=2, xref=174, 135x272"
pdf_embedded_image,raw_image_block,C:/Users/SWH/WPSDrive/1755855549/WPS企业云盘/四川大学WPS/我的企业文档/应用/输出为PDF/肺结节实时检测系统设计与实现(1)_20260430195714.pdf,attachments/01_source_pdf/extracted_image_blocks/page_02_img_024_xref_176.png,8421516,2026-04-30T19:57:18,"PDF 内嵌图块 page=2, xref=176, 759x498"
pdf_embedded_image,raw_image_block,C:/Users/SWH/WPSDrive/1755855549/WPS企业云盘/四川大学WPS/我的企业文档/应用/输出为PDF/肺结节实时检测系统设计与实现(1)_20260430195714.pdf,attachments/01_source_pdf/extracted_image_blocks/page_02_img_025_xref_178.png,8421516,2026-04-30T19:57:18,"PDF 内嵌图块 page=2, xref=178, 182x182"
pdf_embedded_image,raw_image_block,C:/Users/SWH/WPSDrive/1755855549/WPS企业云盘/四川大学WPS/我的企业文档/应用/输出为PDF/肺结节实时检测系统设计与实现(1)_20260430195714.pdf,attachments/01_source_pdf/extracted_image_blocks/page_02_img_026_xref_180.png,8421516,2026-04-30T19:57:18,"PDF 内嵌图块 page=2, xref=180, 230x259"
pdf_embedded_image,raw_image_block,C:/Users/SWH/WPSDrive/1755855549/WPS企业云盘/四川大学WPS/我的企业文档/应用/输出为PDF/肺结节实时检测系统设计与实现(1)_20260430195714.pdf,attachments/01_source_pdf/extracted_image_blocks/page_02_img_027_xref_181.png,8421516,2026-04-30T19:57:18,"PDF 内嵌图块 page=2, xref=181, 489x364"
pdf_embedded_image,raw_image_block,C:/Users/SWH/WPSDrive/1755855549/WPS企业云盘/四川大学WPS/我的企业文档/应用/输出为PDF/肺结节实时检测系统设计与实现(1)_20260430195714.pdf,attachments/01_source_pdf/extracted_image_blocks/page_02_img_028_xref_182.png,8421516,2026-04-30T19:57:18,"PDF 内嵌图块 page=2, xref=182, 3078x1470"
pdf_embedded_image,raw_image_block,C:/Users/SWH/WPSDrive/1755855549/WPS企业云盘/四川大学WPS/我的企业文档/应用/输出为PDF/肺结节实时检测系统设计与实现(1)_20260430195714.pdf,attachments/01_source_pdf/extracted_image_blocks/page_02_img_029_xref_183.png,8421516,2026-04-30T19:57:18,"PDF 内嵌图块 page=2, xref=183, 689x65"
pdf_embedded_image,raw_image_block,C:/Users/SWH/WPSDrive/1755855549/WPS企业云盘/四川大学WPS/我的企业文档/应用/输出为PDF/肺结节实时检测系统设计与实现(1)_20260430195714.pdf,attachments/01_source_pdf/extracted_image_blocks/page_02_img_030_xref_185.png,8421516,2026-04-30T19:57:18,"PDF 内嵌图块 page=2, xref=185, 734x460"
pdf_embedded_image,raw_image_block,C:/Users/SWH/WPSDrive/1755855549/WPS企业云盘/四川大学WPS/我的企业文档/应用/输出为PDF/肺结节实时检测系统设计与实现(1)_20260430195714.pdf,attachments/01_source_pdf/extracted_image_blocks/page_02_img_031_xref_187.png,8421516,2026-04-30T19:57:18,"PDF 内嵌图块 page=2, xref=187, 252x227"
pdf_embedded_image,raw_image_block,C:/Users/SWH/WPSDrive/1755855549/WPS企业云盘/四川大学WPS/我的企业文档/应用/输出为PDF/肺结节实时检测系统设计与实现(1)_20260430195714.pdf,attachments/01_source_pdf/extracted_image_blocks/page_02_img_032_xref_194.png,8421516,2026-04-30T19:57:18,"PDF 内嵌图块 page=2, xref=194, 253x227"
pdf_embedded_image,raw_image_block,C:/Users/SWH/WPSDrive/1755855549/WPS企业云盘/四川大学WPS/我的企业文档/应用/输出为PDF/肺结节实时检测系统设计与实现(1)_20260430195714.pdf,attachments/01_source_pdf/extracted_image_blocks/page_02_img_033_xref_196.png,8421516,2026-04-30T19:57:18,"PDF 内嵌图块 page=2, xref=196, 473x425"
pdf_embedded_image,raw_image_block,C:/Users/SWH/WPSDrive/1755855549/WPS企业云盘/四川大学WPS/我的企业文档/应用/输出为PDF/肺结节实时检测系统设计与实现(1)_20260430195714.pdf,attachments/01_source_pdf/extracted_image_blocks/page_02_img_034_xref_197.png,8421516,2026-04-30T19:57:18,"PDF 内嵌图块 page=2, xref=197, 665x54"
pdf_embedded_image,raw_image_block,C:/Users/SWH/WPSDrive/1755855549/WPS企业云盘/四川大学WPS/我的企业文档/应用/输出为PDF/肺结节实时检测系统设计与实现(1)_20260430195714.pdf,attachments/01_source_pdf/extracted_image_blocks/page_02_img_035_xref_199.png,8421516,2026-04-30T19:57:18,"PDF 内嵌图块 page=2, xref=199, 287x54"
pdf_embedded_image,raw_image_block,C:/Users/SWH/WPSDrive/1755855549/WPS企业云盘/四川大学WPS/我的企业文档/应用/输出为PDF/肺结节实时检测系统设计与实现(1)_20260430195714.pdf,attachments/01_source_pdf/extracted_image_blocks/page_02_img_036_xref_201.png,8421516,2026-04-30T19:57:18,"PDF 内嵌图块 page=2, xref=201, 413x65"
pdf_embedded_image,raw_image_block,C:/Users/SWH/WPSDrive/1755855549/WPS企业云盘/四川大学WPS/我的企业文档/应用/输出为PDF/肺结节实时检测系统设计与实现(1)_20260430195714.pdf,attachments/01_source_pdf/extracted_image_blocks/page_02_img_037_xref_203.png,8421516,2026-04-30T19:57:18,"PDF 内嵌图块 page=2, xref=203, 386x65"
pdf_embedded_image,raw_image_block,C:/Users/SWH/WPSDrive/1755855549/WPS企业云盘/四川大学WPS/我的企业文档/应用/输出为PDF/肺结节实时检测系统设计与实现(1)_20260430195714.pdf,attachments/01_source_pdf/extracted_image_blocks/page_02_img_038_xref_205.png,8421516,2026-04-30T19:57:18,"PDF 内嵌图块 page=2, xref=205, 213x48"
pdf_embedded_image,raw_image_block,C:/Users/SWH/WPSDrive/1755855549/WPS企业云盘/四川大学WPS/我的企业文档/应用/输出为PDF/肺结节实时检测系统设计与实现(1)_20260430195714.pdf,attachments/01_source_pdf/extracted_image_blocks/page_02_img_039_xref_207.png,8421516,2026-04-30T19:57:18,"PDF 内嵌图块 page=2, xref=207, 645x54"
pdf_embedded_image,raw_image_block,C:/Users/SWH/WPSDrive/1755855549/WPS企业云盘/四川大学WPS/我的企业文档/应用/输出为PDF/肺结节实时检测系统设计与实现(1)_20260430195714.pdf,attachments/01_source_pdf/extracted_image_blocks/page_02_img_040_xref_209.png,8421516,2026-04-30T19:57:18,"PDF 内嵌图块 page=2, xref=209, 1052x54"
pdf_page_render,context_page,C:/Users/SWH/WPSDrive/1755855549/WPS企业云盘/四川大学WPS/我的企业文档/应用/输出为PDF/肺结节实时检测系统设计与实现(1)_20260430195714.pdf,attachments/01_source_pdf/rendered_pages/page_03.png,8421516,2026-04-30T19:57:18,PDF 第 3 页整页渲染图
pdf_page_text,context_text,C:/Users/SWH/WPSDrive/1755855549/WPS企业云盘/四川大学WPS/我的企业文档/应用/输出为PDF/肺结节实时检测系统设计与实现(1)_20260430195714.pdf,attachments/01_source_pdf/extracted_text/page_03.txt,8421516,2026-04-30T19:57:18,PDF 第 3 页抽取文本
pdf_embedded_image,raw_image_block,C:/Users/SWH/WPSDrive/1755855549/WPS企业云盘/四川大学WPS/我的企业文档/应用/输出为PDF/肺结节实时检测系统设计与实现(1)_20260430195714.pdf,attachments/01_source_pdf/extracted_image_blocks/page_03_img_002_xref_213.png,8421516,2026-04-30T19:57:18,"PDF 内嵌图块 page=3, xref=213, 434x54"
pdf_embedded_image,raw_image_block,C:/Users/SWH/WPSDrive/1755855549/WPS企业云盘/四川大学WPS/我的企业文档/应用/输出为PDF/肺结节实时检测系统设计与实现(1)_20260430195714.pdf,attachments/01_source_pdf/extracted_image_blocks/page_03_img_003_xref_215.png,8421516,2026-04-30T19:57:18,"PDF 内嵌图块 page=3, xref=215, 1043x1561"
pdf_embedded_image,raw_image_block,C:/Users/SWH/WPSDrive/1755855549/WPS企业云盘/四川大学WPS/我的企业文档/应用/输出为PDF/肺结节实时检测系统设计与实现(1)_20260430195714.pdf,attachments/01_source_pdf/extracted_image_blocks/page_03_img_004_xref_216.png,8421516,2026-04-30T19:57:18,"PDF 内嵌图块 page=3, xref=216, 120x3362"
pdf_embedded_image,raw_image_block,C:/Users/SWH/WPSDrive/1755855549/WPS企业云盘/四川大学WPS/我的企业文档/应用/输出为PDF/肺结节实时检测系统设计与实现(1)_20260430195714.pdf,attachments/01_source_pdf/extracted_image_blocks/page_03_img_005_xref_218.png,8421516,2026-04-30T19:57:18,"PDF 内嵌图块 page=3, xref=218, 1043x1559"
pdf_embedded_image,raw_image_block,C:/Users/SWH/WPSDrive/1755855549/WPS企业云盘/四川大学WPS/我的企业文档/应用/输出为PDF/肺结节实时检测系统设计与实现(1)_20260430195714.pdf,attachments/01_source_pdf/extracted_image_blocks/page_03_img_006_xref_219.png,8421516,2026-04-30T19:57:18,"PDF 内嵌图块 page=3, xref=219, 1109x884"
pdf_embedded_image,raw_image_block,C:/Users/SWH/WPSDrive/1755855549/WPS企业云盘/四川大学WPS/我的企业文档/应用/输出为PDF/肺结节实时检测系统设计与实现(1)_20260430195714.pdf,attachments/01_source_pdf/extracted_image_blocks/page_03_img_007_xref_220.png,8421516,2026-04-30T19:57:18,"PDF 内嵌图块 page=3, xref=220, 1109x884"
pdf_embedded_image,raw_image_block,C:/Users/SWH/WPSDrive/1755855549/WPS企业云盘/四川大学WPS/我的企业文档/应用/输出为PDF/肺结节实时检测系统设计与实现(1)_20260430195714.pdf,attachments/01_source_pdf/extracted_image_blocks/page_03_img_008_xref_221.png,8421516,2026-04-30T19:57:18,"PDF 内嵌图块 page=3, xref=221, 1109x884"
pdf_embedded_image,raw_image_block,C:/Users/SWH/WPSDrive/1755855549/WPS企业云盘/四川大学WPS/我的企业文档/应用/输出为PDF/肺结节实时检测系统设计与实现(1)_20260430195714.pdf,attachments/01_source_pdf/extracted_image_blocks/page_03_img_009_xref_222.png,8421516,2026-04-30T19:57:18,"PDF 内嵌图块 page=3, xref=222, 1109x884"
pdf_embedded_image,raw_image_block,C:/Users/SWH/WPSDrive/1755855549/WPS企业云盘/四川大学WPS/我的企业文档/应用/输出为PDF/肺结节实时检测系统设计与实现(1)_20260430195714.pdf,attachments/01_source_pdf/extracted_image_blocks/page_03_img_010_xref_223.png,8421516,2026-04-30T19:57:18,"PDF 内嵌图块 page=3, xref=223, 1109x884"
pdf_embedded_image,raw_image_block,C:/Users/SWH/WPSDrive/1755855549/WPS企业云盘/四川大学WPS/我的企业文档/应用/输出为PDF/肺结节实时检测系统设计与实现(1)_20260430195714.pdf,attachments/01_source_pdf/extracted_image_blocks/page_03_img_011_xref_224.png,8421516,2026-04-30T19:57:18,"PDF 内嵌图块 page=3, xref=224, 1153x884"
pdf_embedded_image,raw_image_block,C:/Users/SWH/WPSDrive/1755855549/WPS企业云盘/四川大学WPS/我的企业文档/应用/输出为PDF/肺结节实时检测系统设计与实现(1)_20260430195714.pdf,attachments/01_source_pdf/extracted_image_blocks/page_03_img_012_xref_225.png,8421516,2026-04-30T19:57:18,"PDF 内嵌图块 page=3, xref=225, 681x639"
pdf_embedded_image,raw_image_block,C:/Users/SWH/WPSDrive/1755855549/WPS企业云盘/四川大学WPS/我的企业文档/应用/输出为PDF/肺结节实时检测系统设计与实现(1)_20260430195714.pdf,attachments/01_source_pdf/extracted_image_blocks/page_03_img_013_xref_226.png,8421516,2026-04-30T19:57:18,"PDF 内嵌图块 page=3, xref=226, 681x644"
pdf_embedded_image,raw_image_block,C:/Users/SWH/WPSDrive/1755855549/WPS企业云盘/四川大学WPS/我的企业文档/应用/输出为PDF/肺结节实时检测系统设计与实现(1)_20260430195714.pdf,attachments/01_source_pdf/extracted_image_blocks/page_03_img_014_xref_227.png,8421516,2026-04-30T19:57:18,"PDF 内嵌图块 page=3, xref=227, 524x65"
pdf_embedded_image,raw_image_block,C:/Users/SWH/WPSDrive/1755855549/WPS企业云盘/四川大学WPS/我的企业文档/应用/输出为PDF/肺结节实时检测系统设计与实现(1)_20260430195714.pdf,attachments/01_source_pdf/extracted_image_blocks/page_03_img_015_xref_229.png,8421516,2026-04-30T19:57:18,"PDF 内嵌图块 page=3, xref=229, 904x454"
pdf_embedded_image,raw_image_block,C:/Users/SWH/WPSDrive/1755855549/WPS企业云盘/四川大学WPS/我的企业文档/应用/输出为PDF/肺结节实时检测系统设计与实现(1)_20260430195714.pdf,attachments/01_source_pdf/extracted_image_blocks/page_03_img_016_xref_231.png,8421516,2026-04-30T19:57:18,"PDF 内嵌图块 page=3, xref=231, 899x449"
pdf_embedded_image,raw_image_block,C:/Users/SWH/WPSDrive/1755855549/WPS企业云盘/四川大学WPS/我的企业文档/应用/输出为PDF/肺结节实时检测系统设计与实现(1)_20260430195714.pdf,attachments/01_source_pdf/extracted_image_blocks/page_03_img_017_xref_238.png,8421516,2026-04-30T19:57:18,"PDF 内嵌图块 page=3, xref=238, 794x54"
pdf_embedded_image,raw_image_block,C:/Users/SWH/WPSDrive/1755855549/WPS企业云盘/四川大学WPS/我的企业文档/应用/输出为PDF/肺结节实时检测系统设计与实现(1)_20260430195714.pdf,attachments/01_source_pdf/extracted_image_blocks/page_03_img_018_xref_240.png,8421516,2026-04-30T19:57:18,"PDF 内嵌图块 page=3, xref=240, 1509x51"
pdf_embedded_image,raw_image_block,C:/Users/SWH/WPSDrive/1755855549/WPS企业云盘/四川大学WPS/我的企业文档/应用/输出为PDF/肺结节实时检测系统设计与实现(1)_20260430195714.pdf,attachments/01_source_pdf/extracted_image_blocks/page_03_img_019_xref_242.png,8421516,2026-04-30T19:57:18,"PDF 内嵌图块 page=3, xref=242, 51x1627"
pdf_embedded_image,raw_image_block,C:/Users/SWH/WPSDrive/1755855549/WPS企业云盘/四川大学WPS/我的企业文档/应用/输出为PDF/肺结节实时检测系统设计与实现(1)_20260430195714.pdf,attachments/01_source_pdf/extracted_image_blocks/page_03_img_020_xref_244.png,8421516,2026-04-30T19:57:18,"PDF 内嵌图块 page=3, xref=244, 734x65"
pdf_embedded_image,raw_image_block,C:/Users/SWH/WPSDrive/1755855549/WPS企业云盘/四川大学WPS/我的企业文档/应用/输出为PDF/肺结节实时检测系统设计与实现(1)_20260430195714.pdf,attachments/01_source_pdf/extracted_image_blocks/page_03_img_021_xref_246.png,8421516,2026-04-30T19:57:18,"PDF 内嵌图块 page=3, xref=246, 1280x1162"
pdf_embedded_image,raw_image_block,C:/Users/SWH/WPSDrive/1755855549/WPS企业云盘/四川大学WPS/我的企业文档/应用/输出为PDF/肺结节实时检测系统设计与实现(1)_20260430195714.pdf,attachments/01_source_pdf/extracted_image_blocks/page_03_img_022_xref_247.png,8421516,2026-04-30T19:57:18,"PDF 内嵌图块 page=3, xref=247, 233x411"
pdf_embedded_image,raw_image_block,C:/Users/SWH/WPSDrive/1755855549/WPS企业云盘/四川大学WPS/我的企业文档/应用/输出为PDF/肺结节实时检测系统设计与实现(1)_20260430195714.pdf,attachments/01_source_pdf/extracted_image_blocks/page_03_img_023_xref_249.png,8421516,2026-04-30T19:57:18,"PDF 内嵌图块 page=3, xref=249, 250x407"
pdf_embedded_image,raw_image_block,C:/Users/SWH/WPSDrive/1755855549/WPS企业云盘/四川大学WPS/我的企业文档/应用/输出为PDF/肺结节实时检测系统设计与实现(1)_20260430195714.pdf,attachments/01_source_pdf/extracted_image_blocks/page_03_img_024_xref_251.png,8421516,2026-04-30T19:57:18,"PDF 内嵌图块 page=3, xref=251, 241x412"
pdf_embedded_image,raw_image_block,C:/Users/SWH/WPSDrive/1755855549/WPS企业云盘/四川大学WPS/我的企业文档/应用/输出为PDF/肺结节实时检测系统设计与实现(1)_20260430195714.pdf,attachments/01_source_pdf/extracted_image_blocks/page_03_img_025_xref_253.png,8421516,2026-04-30T19:57:18,"PDF 内嵌图块 page=3, xref=253, 239x423"
pdf_embedded_image,raw_image_block,C:/Users/SWH/WPSDrive/1755855549/WPS企业云盘/四川大学WPS/我的企业文档/应用/输出为PDF/肺结节实时检测系统设计与实现(1)_20260430195714.pdf,attachments/01_source_pdf/extracted_image_blocks/page_03_img_026_xref_255.png,8421516,2026-04-30T19:57:18,"PDF 内嵌图块 page=3, xref=255, 257x430"
pdf_embedded_image,raw_image_block,C:/Users/SWH/WPSDrive/1755855549/WPS企业云盘/四川大学WPS/我的企业文档/应用/输出为PDF/肺结节实时检测系统设计与实现(1)_20260430195714.pdf,attachments/01_source_pdf/extracted_image_blocks/page_03_img_027_xref_257.png,8421516,2026-04-30T19:57:18,"PDF 内嵌图块 page=3, xref=257, 255x426"
pdf_embedded_image,raw_image_block,C:/Users/SWH/WPSDrive/1755855549/WPS企业云盘/四川大学WPS/我的企业文档/应用/输出为PDF/肺结节实时检测系统设计与实现(1)_20260430195714.pdf,attachments/01_source_pdf/extracted_image_blocks/page_03_img_028_xref_259.png,8421516,2026-04-30T19:57:18,"PDF 内嵌图块 page=3, xref=259, 332x264"
pdf_embedded_image,raw_image_block,C:/Users/SWH/WPSDrive/1755855549/WPS企业云盘/四川大学WPS/我的企业文档/应用/输出为PDF/肺结节实时检测系统设计与实现(1)_20260430195714.pdf,attachments/01_source_pdf/extracted_image_blocks/page_03_img_029_xref_261.png,8421516,2026-04-30T19:57:18,"PDF 内嵌图块 page=3, xref=261, 325x255"
pdf_embedded_image,raw_image_block,C:/Users/SWH/WPSDrive/1755855549/WPS企业云盘/四川大学WPS/我的企业文档/应用/输出为PDF/肺结节实时检测系统设计与实现(1)_20260430195714.pdf,attachments/01_source_pdf/extracted_image_blocks/page_03_img_030_xref_263.png,8421516,2026-04-30T19:57:18,"PDF 内嵌图块 page=3, xref=263, 343x232"
pdf_embedded_image,raw_image_block,C:/Users/SWH/WPSDrive/1755855549/WPS企业云盘/四川大学WPS/我的企业文档/应用/输出为PDF/肺结节实时检测系统设计与实现(1)_20260430195714.pdf,attachments/01_source_pdf/extracted_image_blocks/page_03_img_031_xref_265.png,8421516,2026-04-30T19:57:18,"PDF 内嵌图块 page=3, xref=265, 331x228"
pdf_embedded_image,raw_image_block,C:/Users/SWH/WPSDrive/1755855549/WPS企业云盘/四川大学WPS/我的企业文档/应用/输出为PDF/肺结节实时检测系统设计与实现(1)_20260430195714.pdf,attachments/01_source_pdf/extracted_image_blocks/page_03_img_032_xref_267.png,8421516,2026-04-30T19:57:18,"PDF 内嵌图块 page=3, xref=267, 347x232"
pdf_embedded_image,raw_image_block,C:/Users/SWH/WPSDrive/1755855549/WPS企业云盘/四川大学WPS/我的企业文档/应用/输出为PDF/肺结节实时检测系统设计与实现(1)_20260430195714.pdf,attachments/01_source_pdf/extracted_image_blocks/page_03_img_033_xref_269.png,8421516,2026-04-30T19:57:18,"PDF 内嵌图块 page=3, xref=269, 349x234"
pdf_embedded_image,raw_image_block,C:/Users/SWH/WPSDrive/1755855549/WPS企业云盘/四川大学WPS/我的企业文档/应用/输出为PDF/肺结节实时检测系统设计与实现(1)_20260430195714.pdf,attachments/01_source_pdf/extracted_image_blocks/page_03_img_034_xref_271.png,8421516,2026-04-30T19:57:18,"PDF 内嵌图块 page=3, xref=271, 777x65"
pdf_embedded_image,raw_image_block,C:/Users/SWH/WPSDrive/1755855549/WPS企业云盘/四川大学WPS/我的企业文档/应用/输出为PDF/肺结节实时检测系统设计与实现(1)_20260430195714.pdf,attachments/01_source_pdf/extracted_image_blocks/page_03_img_035_xref_273.png,8421516,2026-04-30T19:57:18,"PDF 内嵌图块 page=3, xref=273, 615x65"
pdf_embedded_image,raw_image_block,C:/Users/SWH/WPSDrive/1755855549/WPS企业云盘/四川大学WPS/我的企业文档/应用/输出为PDF/肺结节实时检测系统设计与实现(1)_20260430195714.pdf,attachments/01_source_pdf/extracted_image_blocks/page_03_img_036_xref_275.png,8421516,2026-04-30T19:57:18,"PDF 内嵌图块 page=3, xref=275, 1422x1333"
pdf_embedded_image,raw_image_block,C:/Users/SWH/WPSDrive/1755855549/WPS企业云盘/四川大学WPS/我的企业文档/应用/输出为PDF/肺结节实时检测系统设计与实现(1)_20260430195714.pdf,attachments/01_source_pdf/extracted_image_blocks/page_03_img_037_xref_277.png,8421516,2026-04-30T19:57:18,"PDF 内嵌图块 page=3, xref=277, 165x133"
pdf_embedded_image,raw_image_block,C:/Users/SWH/WPSDrive/1755855549/WPS企业云盘/四川大学WPS/我的企业文档/应用/输出为PDF/肺结节实时检测系统设计与实现(1)_20260430195714.pdf,attachments/01_source_pdf/extracted_image_blocks/page_03_img_038_xref_279.png,8421516,2026-04-30T19:57:18,"PDF 内嵌图块 page=3, xref=279, 116x239"
pdf_embedded_image,raw_image_block,C:/Users/SWH/WPSDrive/1755855549/WPS企业云盘/四川大学WPS/我的企业文档/应用/输出为PDF/肺结节实时检测系统设计与实现(1)_20260430195714.pdf,attachments/01_source_pdf/extracted_image_blocks/page_03_img_039_xref_281.png,8421516,2026-04-30T19:57:18,"PDF 内嵌图块 page=3, xref=281, 108x125"
pdf_embedded_image,raw_image_block,C:/Users/SWH/WPSDrive/1755855549/WPS企业云盘/四川大学WPS/我的企业文档/应用/输出为PDF/肺结节实时检测系统设计与实现(1)_20260430195714.pdf,attachments/01_source_pdf/extracted_image_blocks/page_03_img_040_xref_283.png,8421516,2026-04-30T19:57:18,"PDF 内嵌图块 page=3, xref=283, 134x110"
pdf_embedded_image,raw_image_block,C:/Users/SWH/WPSDrive/1755855549/WPS企业云盘/四川大学WPS/我的企业文档/应用/输出为PDF/肺结节实时检测系统设计与实现(1)_20260430195714.pdf,attachments/01_source_pdf/extracted_image_blocks/page_03_img_041_xref_285.png,8421516,2026-04-30T19:57:18,"PDF 内嵌图块 page=3, xref=285, 151x130"
pdf_embedded_image,raw_image_block,C:/Users/SWH/WPSDrive/1755855549/WPS企业云盘/四川大学WPS/我的企业文档/应用/输出为PDF/肺结节实时检测系统设计与实现(1)_20260430195714.pdf,attachments/01_source_pdf/extracted_image_blocks/page_03_img_042_xref_287.png,8421516,2026-04-30T19:57:18,"PDF 内嵌图块 page=3, xref=287, 1004x533"
pdf_embedded_image,raw_image_block,C:/Users/SWH/WPSDrive/1755855549/WPS企业云盘/四川大学WPS/我的企业文档/应用/输出为PDF/肺结节实时检测系统设计与实现(1)_20260430195714.pdf,attachments/01_source_pdf/extracted_image_blocks/page_03_img_043_xref_288.png,8421516,2026-04-30T19:57:18,"PDF 内嵌图块 page=3, xref=288, 395x313"
pdf_embedded_image,raw_image_block,C:/Users/SWH/WPSDrive/1755855549/WPS企业云盘/四川大学WPS/我的企业文档/应用/输出为PDF/肺结节实时检测系统设计与实现(1)_20260430195714.pdf,attachments/01_source_pdf/extracted_image_blocks/page_03_img_044_xref_289.png,8421516,2026-04-30T19:57:18,"PDF 内嵌图块 page=3, xref=289, 42x11"
pdf_embedded_image,raw_image_block,C:/Users/SWH/WPSDrive/1755855549/WPS企业云盘/四川大学WPS/我的企业文档/应用/输出为PDF/肺结节实时检测系统设计与实现(1)_20260430195714.pdf,attachments/01_source_pdf/extracted_image_blocks/page_03_img_045_xref_291.png,8421516,2026-04-30T19:57:18,"PDF 内嵌图块 page=3, xref=291, 406x340"
pdf_embedded_image,raw_image_block,C:/Users/SWH/WPSDrive/1755855549/WPS企业云盘/四川大学WPS/我的企业文档/应用/输出为PDF/肺结节实时检测系统设计与实现(1)_20260430195714.pdf,attachments/01_source_pdf/extracted_image_blocks/page_03_img_046_xref_293.png,8421516,2026-04-30T19:57:18,"PDF 内嵌图块 page=3, xref=293, 103x112"
pdf_embedded_image,raw_image_block,C:/Users/SWH/WPSDrive/1755855549/WPS企业云盘/四川大学WPS/我的企业文档/应用/输出为PDF/肺结节实时检测系统设计与实现(1)_20260430195714.pdf,attachments/01_source_pdf/extracted_image_blocks/page_03_img_047_xref_296.png,8421516,2026-04-30T19:57:18,"PDF 内嵌图块 page=3, xref=296, 91x98"
pdf_embedded_image,raw_image_block,C:/Users/SWH/WPSDrive/1755855549/WPS企业云盘/四川大学WPS/我的企业文档/应用/输出为PDF/肺结节实时检测系统设计与实现(1)_20260430195714.pdf,attachments/01_source_pdf/extracted_image_blocks/page_03_img_048_xref_299.png,8421516,2026-04-30T19:57:18,"PDF 内嵌图块 page=3, xref=299, 429x137"
pdf_embedded_image,raw_image_block,C:/Users/SWH/WPSDrive/1755855549/WPS企业云盘/四川大学WPS/我的企业文档/应用/输出为PDF/肺结节实时检测系统设计与实现(1)_20260430195714.pdf,attachments/01_source_pdf/extracted_image_blocks/page_03_img_049_xref_301.png,8421516,2026-04-30T19:57:18,"PDF 内嵌图块 page=3, xref=301, 430x134"
pdf_embedded_image,raw_image_block,C:/Users/SWH/WPSDrive/1755855549/WPS企业云盘/四川大学WPS/我的企业文档/应用/输出为PDF/肺结节实时检测系统设计与实现(1)_20260430195714.pdf,attachments/01_source_pdf/extracted_image_blocks/page_03_img_050_xref_303.png,8421516,2026-04-30T19:57:18,"PDF 内嵌图块 page=3, xref=303, 433x62"
pdf_embedded_image,raw_image_block,C:/Users/SWH/WPSDrive/1755855549/WPS企业云盘/四川大学WPS/我的企业文档/应用/输出为PDF/肺结节实时检测系统设计与实现(1)_20260430195714.pdf,attachments/01_source_pdf/extracted_image_blocks/page_03_img_051_xref_305.png,8421516,2026-04-30T19:57:18,"PDF 内嵌图块 page=3, xref=305, 91x98"
pdf_embedded_image,raw_image_block,C:/Users/SWH/WPSDrive/1755855549/WPS企业云盘/四川大学WPS/我的企业文档/应用/输出为PDF/肺结节实时检测系统设计与实现(1)_20260430195714.pdf,attachments/01_source_pdf/extracted_image_blocks/page_03_img_052_xref_307.png,8421516,2026-04-30T19:57:18,"PDF 内嵌图块 page=3, xref=307, 978x72"
pdf_embedded_image,raw_image_block,C:/Users/SWH/WPSDrive/1755855549/WPS企业云盘/四川大学WPS/我的企业文档/应用/输出为PDF/肺结节实时检测系统设计与实现(1)_20260430195714.pdf,attachments/01_source_pdf/extracted_image_blocks/page_03_img_053_xref_309.png,8421516,2026-04-30T19:57:18,"PDF 内嵌图块 page=3, xref=309, 978x72"
pdf_embedded_image,raw_image_block,C:/Users/SWH/WPSDrive/1755855549/WPS企业云盘/四川大学WPS/我的企业文档/应用/输出为PDF/肺结节实时检测系统设计与实现(1)_20260430195714.pdf,attachments/01_source_pdf/extracted_image_blocks/page_03_img_054_xref_311.png,8421516,2026-04-30T19:57:18,"PDF 内嵌图块 page=3, xref=311, 304x228"
pdf_embedded_image,raw_image_block,C:/Users/SWH/WPSDrive/1755855549/WPS企业云盘/四川大学WPS/我的企业文档/应用/输出为PDF/肺结节实时检测系统设计与实现(1)_20260430195714.pdf,attachments/01_source_pdf/extracted_image_blocks/page_03_img_055_xref_312.png,8421516,2026-04-30T19:57:18,"PDF 内嵌图块 page=3, xref=312, 72x209"
pdf_embedded_image,raw_image_block,C:/Users/SWH/WPSDrive/1755855549/WPS企业云盘/四川大学WPS/我的企业文档/应用/输出为PDF/肺结节实时检测系统设计与实现(1)_20260430195714.pdf,attachments/01_source_pdf/extracted_image_blocks/page_03_img_056_xref_314.png,8421516,2026-04-30T19:57:18,"PDF 内嵌图块 page=3, xref=314, 1280x278"
pdf_embedded_image,raw_image_block,C:/Users/SWH/WPSDrive/1755855549/WPS企业云盘/四川大学WPS/我的企业文档/应用/输出为PDF/肺结节实时检测系统设计与实现(1)_20260430195714.pdf,attachments/01_source_pdf/extracted_image_blocks/page_03_img_057_xref_315.png,8421516,2026-04-30T19:57:18,"PDF 内嵌图块 page=3, xref=315, 67x61"
pdf_embedded_image,raw_image_block,C:/Users/SWH/WPSDrive/1755855549/WPS企业云盘/四川大学WPS/我的企业文档/应用/输出为PDF/肺结节实时检测系统设计与实现(1)_20260430195714.pdf,attachments/01_source_pdf/extracted_image_blocks/page_03_img_058_xref_317.png,8421516,2026-04-30T19:57:18,"PDF 内嵌图块 page=3, xref=317, 67x61"
pdf_embedded_image,raw_image_block,C:/Users/SWH/WPSDrive/1755855549/WPS企业云盘/四川大学WPS/我的企业文档/应用/输出为PDF/肺结节实时检测系统设计与实现(1)_20260430195714.pdf,attachments/01_source_pdf/extracted_image_blocks/page_03_img_059_xref_319.png,8421516,2026-04-30T19:57:18,"PDF 内嵌图块 page=3, xref=319, 68x60"
pdf_embedded_image,raw_image_block,C:/Users/SWH/WPSDrive/1755855549/WPS企业云盘/四川大学WPS/我的企业文档/应用/输出为PDF/肺结节实时检测系统设计与实现(1)_20260430195714.pdf,attachments/01_source_pdf/extracted_image_blocks/page_03_img_060_xref_321.png,8421516,2026-04-30T19:57:18,"PDF 内嵌图块 page=3, xref=321, 59x66"
pdf_embedded_image,raw_image_block,C:/Users/SWH/WPSDrive/1755855549/WPS企业云盘/四川大学WPS/我的企业文档/应用/输出为PDF/肺结节实时检测系统设计与实现(1)_20260430195714.pdf,attachments/01_source_pdf/extracted_image_blocks/page_03_img_061_xref_323.png,8421516,2026-04-30T19:57:18,"PDF 内嵌图块 page=3, xref=323, 58x66"
pdf_embedded_image,raw_image_block,C:/Users/SWH/WPSDrive/1755855549/WPS企业云盘/四川大学WPS/我的企业文档/应用/输出为PDF/肺结节实时检测系统设计与实现(1)_20260430195714.pdf,attachments/01_source_pdf/extracted_image_blocks/page_03_img_062_xref_325.png,8421516,2026-04-30T19:57:18,"PDF 内嵌图块 page=3, xref=325, 58x65"
pdf_embedded_image,raw_image_block,C:/Users/SWH/WPSDrive/1755855549/WPS企业云盘/四川大学WPS/我的企业文档/应用/输出为PDF/肺结节实时检测系统设计与实现(1)_20260430195714.pdf,attachments/01_source_pdf/extracted_image_blocks/page_03_img_063_xref_327.png,8421516,2026-04-30T19:57:18,"PDF 内嵌图块 page=3, xref=327, 103x51"
pdf_embedded_image,raw_image_block,C:/Users/SWH/WPSDrive/1755855549/WPS企业云盘/四川大学WPS/我的企业文档/应用/输出为PDF/肺结节实时检测系统设计与实现(1)_20260430195714.pdf,attachments/01_source_pdf/extracted_image_blocks/page_03_img_064_xref_329.png,8421516,2026-04-30T19:57:18,"PDF 内嵌图块 page=3, xref=329, 51x123"
pdf_embedded_image,raw_image_block,C:/Users/SWH/WPSDrive/1755855549/WPS企业云盘/四川大学WPS/我的企业文档/应用/输出为PDF/肺结节实时检测系统设计与实现(1)_20260430195714.pdf,attachments/01_source_pdf/extracted_image_blocks/page_03_img_065_xref_331.png,8421516,2026-04-30T19:57:18,"PDF 内嵌图块 page=3, xref=331, 105x51"
pdf_page_render,context_page,C:/Users/SWH/WPSDrive/1755855549/WPS企业云盘/四川大学WPS/我的企业文档/应用/输出为PDF/肺结节实时检测系统设计与实现(1)_20260430195714.pdf,attachments/01_source_pdf/rendered_pages/page_04.png,8421516,2026-04-30T19:57:18,PDF 第 4 页整页渲染图
pdf_page_text,context_text,C:/Users/SWH/WPSDrive/1755855549/WPS企业云盘/四川大学WPS/我的企业文档/应用/输出为PDF/肺结节实时检测系统设计与实现(1)_20260430195714.pdf,attachments/01_source_pdf/extracted_text/page_04.txt,8421516,2026-04-30T19:57:18,PDF 第 4 页抽取文本
pdf_embedded_image,raw_image_block,C:/Users/SWH/WPSDrive/1755855549/WPS企业云盘/四川大学WPS/我的企业文档/应用/输出为PDF/肺结节实时检测系统设计与实现(1)_20260430195714.pdf,attachments/01_source_pdf/extracted_image_blocks/page_04_img_002_xref_335.png,8421516,2026-04-30T19:57:18,"PDF 内嵌图块 page=4, xref=335, 1517x1169"
pdf_embedded_image,raw_image_block,C:/Users/SWH/WPSDrive/1755855549/WPS企业云盘/四川大学WPS/我的企业文档/应用/输出为PDF/肺结节实时检测系统设计与实现(1)_20260430195714.pdf,attachments/01_source_pdf/extracted_image_blocks/page_04_img_003_xref_342.png,8421516,2026-04-30T19:57:18,"PDF 内嵌图块 page=4, xref=342, 595x276"
pdf_embedded_image,raw_image_block,C:/Users/SWH/WPSDrive/1755855549/WPS企业云盘/四川大学WPS/我的企业文档/应用/输出为PDF/肺结节实时检测系统设计与实现(1)_20260430195714.pdf,attachments/01_source_pdf/extracted_image_blocks/page_04_img_004_xref_355.png,8421516,2026-04-30T19:57:18,"PDF 内嵌图块 page=4, xref=355, 39x156"
pdf_embedded_image,raw_image_block,C:/Users/SWH/WPSDrive/1755855549/WPS企业云盘/四川大学WPS/我的企业文档/应用/输出为PDF/肺结节实时检测系统设计与实现(1)_20260430195714.pdf,attachments/01_source_pdf/extracted_image_blocks/page_04_img_005_xref_357.png,8421516,2026-04-30T19:57:18,"PDF 内嵌图块 page=4, xref=357, 44x39"
pdf_embedded_image,raw_image_block,C:/Users/SWH/WPSDrive/1755855549/WPS企业云盘/四川大学WPS/我的企业文档/应用/输出为PDF/肺结节实时检测系统设计与实现(1)_20260430195714.pdf,attachments/01_source_pdf/extracted_image_blocks/page_04_img_006_xref_359.png,8421516,2026-04-30T19:57:18,"PDF 内嵌图块 page=4, xref=359, 39x148"
pdf_embedded_image,raw_image_block,C:/Users/SWH/WPSDrive/1755855549/WPS企业云盘/四川大学WPS/我的企业文档/应用/输出为PDF/肺结节实时检测系统设计与实现(1)_20260430195714.pdf,attachments/01_source_pdf/extracted_image_blocks/page_04_img_007_xref_361.png,8421516,2026-04-30T19:57:18,"PDF 内嵌图块 page=4, xref=361, 44x39"
pdf_embedded_image,raw_image_block,C:/Users/SWH/WPSDrive/1755855549/WPS企业云盘/四川大学WPS/我的企业文档/应用/输出为PDF/肺结节实时检测系统设计与实现(1)_20260430195714.pdf,attachments/01_source_pdf/extracted_image_blocks/page_04_img_008_xref_362.png,8421516,2026-04-30T19:57:18,"PDF 内嵌图块 page=4, xref=362, 38x148"
pdf_embedded_image,raw_image_block,C:/Users/SWH/WPSDrive/1755855549/WPS企业云盘/四川大学WPS/我的企业文档/应用/输出为PDF/肺结节实时检测系统设计与实现(1)_20260430195714.pdf,attachments/01_source_pdf/extracted_image_blocks/page_04_img_009_xref_364.png,8421516,2026-04-30T19:57:18,"PDF 内嵌图块 page=4, xref=364, 44x39"
pdf_embedded_image,raw_image_block,C:/Users/SWH/WPSDrive/1755855549/WPS企业云盘/四川大学WPS/我的企业文档/应用/输出为PDF/肺结节实时检测系统设计与实现(1)_20260430195714.pdf,attachments/01_source_pdf/extracted_image_blocks/page_04_img_010_xref_366.png,8421516,2026-04-30T19:57:18,"PDF 内嵌图块 page=4, xref=366, 37x134"
pdf_embedded_image,raw_image_block,C:/Users/SWH/WPSDrive/1755855549/WPS企业云盘/四川大学WPS/我的企业文档/应用/输出为PDF/肺结节实时检测系统设计与实现(1)_20260430195714.pdf,attachments/01_source_pdf/extracted_image_blocks/page_04_img_011_xref_368.png,8421516,2026-04-30T19:57:18,"PDF 内嵌图块 page=4, xref=368, 42x37"
pdf_embedded_image,raw_image_block,C:/Users/SWH/WPSDrive/1755855549/WPS企业云盘/四川大学WPS/我的企业文档/应用/输出为PDF/肺结节实时检测系统设计与实现(1)_20260430195714.pdf,attachments/01_source_pdf/extracted_image_blocks/page_04_img_012_xref_370.png,8421516,2026-04-30T19:57:18,"PDF 内嵌图块 page=4, xref=370, 37x127"
pdf_embedded_image,raw_image_block,C:/Users/SWH/WPSDrive/1755855549/WPS企业云盘/四川大学WPS/我的企业文档/应用/输出为PDF/肺结节实时检测系统设计与实现(1)_20260430195714.pdf,attachments/01_source_pdf/extracted_image_blocks/page_04_img_013_xref_372.png,8421516,2026-04-30T19:57:18,"PDF 内嵌图块 page=4, xref=372, 42x37"
pdf_embedded_image,raw_image_block,C:/Users/SWH/WPSDrive/1755855549/WPS企业云盘/四川大学WPS/我的企业文档/应用/输出为PDF/肺结节实时检测系统设计与实现(1)_20260430195714.pdf,attachments/01_source_pdf/extracted_image_blocks/page_04_img_014_xref_373.png,8421516,2026-04-30T19:57:18,"PDF 内嵌图块 page=4, xref=373, 37x127"
pdf_embedded_image,raw_image_block,C:/Users/SWH/WPSDrive/1755855549/WPS企业云盘/四川大学WPS/我的企业文档/应用/输出为PDF/肺结节实时检测系统设计与实现(1)_20260430195714.pdf,attachments/01_source_pdf/extracted_image_blocks/page_04_img_015_xref_375.png,8421516,2026-04-30T19:57:18,"PDF 内嵌图块 page=4, xref=375, 42x37"
pdf_embedded_image,raw_image_block,C:/Users/SWH/WPSDrive/1755855549/WPS企业云盘/四川大学WPS/我的企业文档/应用/输出为PDF/肺结节实时检测系统设计与实现(1)_20260430195714.pdf,attachments/01_source_pdf/extracted_image_blocks/page_04_img_016_xref_377.png,8421516,2026-04-30T19:57:18,"PDF 内嵌图块 page=4, xref=377, 37x131"
pdf_embedded_image,raw_image_block,C:/Users/SWH/WPSDrive/1755855549/WPS企业云盘/四川大学WPS/我的企业文档/应用/输出为PDF/肺结节实时检测系统设计与实现(1)_20260430195714.pdf,attachments/01_source_pdf/extracted_image_blocks/page_04_img_017_xref_379.png,8421516,2026-04-30T19:57:18,"PDF 内嵌图块 page=4, xref=379, 37x124"
pdf_embedded_image,raw_image_block,C:/Users/SWH/WPSDrive/1755855549/WPS企业云盘/四川大学WPS/我的企业文档/应用/输出为PDF/肺结节实时检测系统设计与实现(1)_20260430195714.pdf,attachments/01_source_pdf/extracted_image_blocks/page_04_img_018_xref_381.png,8421516,2026-04-30T19:57:18,"PDF 内嵌图块 page=4, xref=381, 37x124"
pdf_embedded_image,raw_image_block,C:/Users/SWH/WPSDrive/1755855549/WPS企业云盘/四川大学WPS/我的企业文档/应用/输出为PDF/肺结节实时检测系统设计与实现(1)_20260430195714.pdf,attachments/01_source_pdf/extracted_image_blocks/page_04_img_019_xref_383.png,8421516,2026-04-30T19:57:18,"PDF 内嵌图块 page=4, xref=383, 42x37"
pdf_embedded_image,raw_image_block,C:/Users/SWH/WPSDrive/1755855549/WPS企业云盘/四川大学WPS/我的企业文档/应用/输出为PDF/肺结节实时检测系统设计与实现(1)_20260430195714.pdf,attachments/01_source_pdf/extracted_image_blocks/page_04_img_020_xref_385.png,8421516,2026-04-30T19:57:18,"PDF 内嵌图块 page=4, xref=385, 38x158"
pdf_embedded_image,raw_image_block,C:/Users/SWH/WPSDrive/1755855549/WPS企业云盘/四川大学WPS/我的企业文档/应用/输出为PDF/肺结节实时检测系统设计与实现(1)_20260430195714.pdf,attachments/01_source_pdf/extracted_image_blocks/page_04_img_021_xref_387.png,8421516,2026-04-30T19:57:18,"PDF 内嵌图块 page=4, xref=387, 43x38"
pdf_embedded_image,raw_image_block,C:/Users/SWH/WPSDrive/1755855549/WPS企业云盘/四川大学WPS/我的企业文档/应用/输出为PDF/肺结节实时检测系统设计与实现(1)_20260430195714.pdf,attachments/01_source_pdf/extracted_image_blocks/page_04_img_022_xref_389.png,8421516,2026-04-30T19:57:18,"PDF 内嵌图块 page=4, xref=389, 38x150"
pdf_embedded_image,raw_image_block,C:/Users/SWH/WPSDrive/1755855549/WPS企业云盘/四川大学WPS/我的企业文档/应用/输出为PDF/肺结节实时检测系统设计与实现(1)_20260430195714.pdf,attachments/01_source_pdf/extracted_image_blocks/page_04_img_023_xref_391.png,8421516,2026-04-30T19:57:18,"PDF 内嵌图块 page=4, xref=391, 43x38"
pdf_embedded_image,raw_image_block,C:/Users/SWH/WPSDrive/1755855549/WPS企业云盘/四川大学WPS/我的企业文档/应用/输出为PDF/肺结节实时检测系统设计与实现(1)_20260430195714.pdf,attachments/01_source_pdf/extracted_image_blocks/page_04_img_024_xref_392.png,8421516,2026-04-30T19:57:18,"PDF 内嵌图块 page=4, xref=392, 38x149"
pdf_embedded_image,raw_image_block,C:/Users/SWH/WPSDrive/1755855549/WPS企业云盘/四川大学WPS/我的企业文档/应用/输出为PDF/肺结节实时检测系统设计与实现(1)_20260430195714.pdf,attachments/01_source_pdf/extracted_image_blocks/page_04_img_025_xref_394.png,8421516,2026-04-30T19:57:18,"PDF 内嵌图块 page=4, xref=394, 43x38"
pdf_embedded_image,raw_image_block,C:/Users/SWH/WPSDrive/1755855549/WPS企业云盘/四川大学WPS/我的企业文档/应用/输出为PDF/肺结节实时检测系统设计与实现(1)_20260430195714.pdf,attachments/01_source_pdf/extracted_image_blocks/page_04_img_026_xref_396.png,8421516,2026-04-30T19:57:18,"PDF 内嵌图块 page=4, xref=396, 38x158"
pdf_embedded_image,raw_image_block,C:/Users/SWH/WPSDrive/1755855549/WPS企业云盘/四川大学WPS/我的企业文档/应用/输出为PDF/肺结节实时检测系统设计与实现(1)_20260430195714.pdf,attachments/01_source_pdf/extracted_image_blocks/page_04_img_027_xref_398.png,8421516,2026-04-30T19:57:18,"PDF 内嵌图块 page=4, xref=398, 38x149"
pdf_embedded_image,raw_image_block,C:/Users/SWH/WPSDrive/1755855549/WPS企业云盘/四川大学WPS/我的企业文档/应用/输出为PDF/肺结节实时检测系统设计与实现(1)_20260430195714.pdf,attachments/01_source_pdf/extracted_image_blocks/page_04_img_028_xref_400.png,8421516,2026-04-30T19:57:18,"PDF 内嵌图块 page=4, xref=400, 43x38"
pdf_embedded_image,raw_image_block,C:/Users/SWH/WPSDrive/1755855549/WPS企业云盘/四川大学WPS/我的企业文档/应用/输出为PDF/肺结节实时检测系统设计与实现(1)_20260430195714.pdf,attachments/01_source_pdf/extracted_image_blocks/page_04_img_029_xref_402.png,8421516,2026-04-30T19:57:18,"PDF 内嵌图块 page=4, xref=402, 362x320"
pdf_embedded_image,raw_image_block,C:/Users/SWH/WPSDrive/1755855549/WPS企业云盘/四川大学WPS/我的企业文档/应用/输出为PDF/肺结节实时检测系统设计与实现(1)_20260430195714.pdf,attachments/01_source_pdf/extracted_image_blocks/page_04_img_030_xref_403.png,8421516,2026-04-30T19:57:18,"PDF 内嵌图块 page=4, xref=403, 149x50"
pdf_embedded_image,raw_image_block,C:/Users/SWH/WPSDrive/1755855549/WPS企业云盘/四川大学WPS/我的企业文档/应用/输出为PDF/肺结节实时检测系统设计与实现(1)_20260430195714.pdf,attachments/01_source_pdf/extracted_image_blocks/page_04_img_031_xref_405.png,8421516,2026-04-30T19:57:18,"PDF 内嵌图块 page=4, xref=405, 142x44"
pdf_embedded_image,raw_image_block,C:/Users/SWH/WPSDrive/1755855549/WPS企业云盘/四川大学WPS/我的企业文档/应用/输出为PDF/肺结节实时检测系统设计与实现(1)_20260430195714.pdf,attachments/01_source_pdf/extracted_image_blocks/page_04_img_032_xref_407.png,8421516,2026-04-30T19:57:18,"PDF 内嵌图块 page=4, xref=407, 142x44"
pdf_embedded_image,raw_image_block,C:/Users/SWH/WPSDrive/1755855549/WPS企业云盘/四川大学WPS/我的企业文档/应用/输出为PDF/肺结节实时检测系统设计与实现(1)_20260430195714.pdf,attachments/01_source_pdf/extracted_image_blocks/page_04_img_033_xref_409.png,8421516,2026-04-30T19:57:18,"PDF 内嵌图块 page=4, xref=409, 274x249"
pdf_embedded_image,raw_image_block,C:/Users/SWH/WPSDrive/1755855549/WPS企业云盘/四川大学WPS/我的企业文档/应用/输出为PDF/肺结节实时检测系统设计与实现(1)_20260430195714.pdf,attachments/01_source_pdf/extracted_image_blocks/page_04_img_034_xref_410.png,8421516,2026-04-30T19:57:18,"PDF 内嵌图块 page=4, xref=410, 286x251"
pdf_embedded_image,raw_image_block,C:/Users/SWH/WPSDrive/1755855549/WPS企业云盘/四川大学WPS/我的企业文档/应用/输出为PDF/肺结节实时检测系统设计与实现(1)_20260430195714.pdf,attachments/01_source_pdf/extracted_image_blocks/page_04_img_035_xref_411.png,8421516,2026-04-30T19:57:18,"PDF 内嵌图块 page=4, xref=411, 288x258"
pdf_embedded_image,raw_image_block,C:/Users/SWH/WPSDrive/1755855549/WPS企业云盘/四川大学WPS/我的企业文档/应用/输出为PDF/肺结节实时检测系统设计与实现(1)_20260430195714.pdf,attachments/01_source_pdf/extracted_image_blocks/page_04_img_036_xref_412.png,8421516,2026-04-30T19:57:18,"PDF 内嵌图块 page=4, xref=412, 152x50"
pdf_embedded_image,raw_image_block,C:/Users/SWH/WPSDrive/1755855549/WPS企业云盘/四川大学WPS/我的企业文档/应用/输出为PDF/肺结节实时检测系统设计与实现(1)_20260430195714.pdf,attachments/01_source_pdf/extracted_image_blocks/page_04_img_037_xref_414.png,8421516,2026-04-30T19:57:18,"PDF 内嵌图块 page=4, xref=414, 146x44"
pdf_embedded_image,raw_image_block,C:/Users/SWH/WPSDrive/1755855549/WPS企业云盘/四川大学WPS/我的企业文档/应用/输出为PDF/肺结节实时检测系统设计与实现(1)_20260430195714.pdf,attachments/01_source_pdf/extracted_image_blocks/page_04_img_038_xref_416.png,8421516,2026-04-30T19:57:18,"PDF 内嵌图块 page=4, xref=416, 146x44"
pdf_embedded_image,raw_image_block,C:/Users/SWH/WPSDrive/1755855549/WPS企业云盘/四川大学WPS/我的企业文档/应用/输出为PDF/肺结节实时检测系统设计与实现(1)_20260430195714.pdf,attachments/01_source_pdf/extracted_image_blocks/page_04_img_039_xref_418.png,8421516,2026-04-30T19:57:18,"PDF 内嵌图块 page=4, xref=418, 246x42"
pdf_embedded_image,raw_image_block,C:/Users/SWH/WPSDrive/1755855549/WPS企业云盘/四川大学WPS/我的企业文档/应用/输出为PDF/肺结节实时检测系统设计与实现(1)_20260430195714.pdf,attachments/01_source_pdf/extracted_image_blocks/page_04_img_040_xref_425.png,8421516,2026-04-30T19:57:18,"PDF 内嵌图块 page=4, xref=425, 479x42"
pdf_embedded_image,raw_image_block,C:/Users/SWH/WPSDrive/1755855549/WPS企业云盘/四川大学WPS/我的企业文档/应用/输出为PDF/肺结节实时检测系统设计与实现(1)_20260430195714.pdf,attachments/01_source_pdf/extracted_image_blocks/page_04_img_041_xref_427.png,8421516,2026-04-30T19:57:18,"PDF 内嵌图块 page=4, xref=427, 1902x1671"
pdf_embedded_image,raw_image_block,C:/Users/SWH/WPSDrive/1755855549/WPS企业云盘/四川大学WPS/我的企业文档/应用/输出为PDF/肺结节实时检测系统设计与实现(1)_20260430195714.pdf,attachments/01_source_pdf/extracted_image_blocks/page_04_img_042_xref_428.png,8421516,2026-04-30T19:57:18,"PDF 内嵌图块 page=4, xref=428, 1516x1234"
pdf_page_render,context_page,C:/Users/SWH/WPSDrive/1755855549/WPS企业云盘/四川大学WPS/我的企业文档/应用/输出为PDF/肺结节实时检测系统设计与实现(1)_20260430195714.pdf,attachments/01_source_pdf/rendered_pages/page_05.png,8421516,2026-04-30T19:57:18,PDF 第 5 页整页渲染图
pdf_page_text,context_text,C:/Users/SWH/WPSDrive/1755855549/WPS企业云盘/四川大学WPS/我的企业文档/应用/输出为PDF/肺结节实时检测系统设计与实现(1)_20260430195714.pdf,attachments/01_source_pdf/extracted_text/page_05.txt,8421516,2026-04-30T19:57:18,PDF 第 5 页抽取文本
pdf_embedded_image,raw_image_block,C:/Users/SWH/WPSDrive/1755855549/WPS企业云盘/四川大学WPS/我的企业文档/应用/输出为PDF/肺结节实时检测系统设计与实现(1)_20260430195714.pdf,attachments/01_source_pdf/extracted_image_blocks/page_05_img_008_xref_431.png,8421516,2026-04-30T19:57:18,"PDF 内嵌图块 page=5, xref=431, 2901x51"
pdf_embedded_image,raw_image_block,C:/Users/SWH/WPSDrive/1755855549/WPS企业云盘/四川大学WPS/我的企业文档/应用/输出为PDF/肺结节实时检测系统设计与实现(1)_20260430195714.pdf,attachments/01_source_pdf/extracted_image_blocks/page_05_img_009_xref_433.png,8421516,2026-04-30T19:57:18,"PDF 内嵌图块 page=5, xref=433, 202x53"
pdf_embedded_image,raw_image_block,C:/Users/SWH/WPSDrive/1755855549/WPS企业云盘/四川大学WPS/我的企业文档/应用/输出为PDF/肺结节实时检测系统设计与实现(1)_20260430195714.pdf,attachments/01_source_pdf/extracted_image_blocks/page_05_img_010_xref_435.png,8421516,2026-04-30T19:57:18,"PDF 内嵌图块 page=5, xref=435, 1739x56"
pdf_embedded_image,raw_image_block,C:/Users/SWH/WPSDrive/1755855549/WPS企业云盘/四川大学WPS/我的企业文档/应用/输出为PDF/肺结节实时检测系统设计与实现(1)_20260430195714.pdf,attachments/01_source_pdf/extracted_image_blocks/page_05_img_011_xref_437.png,8421516,2026-04-30T19:57:18,"PDF 内嵌图块 page=5, xref=437, 1894x53"
pdf_embedded_image,raw_image_block,C:/Users/SWH/WPSDrive/1755855549/WPS企业云盘/四川大学WPS/我的企业文档/应用/输出为PDF/肺结节实时检测系统设计与实现(1)_20260430195714.pdf,attachments/01_source_pdf/extracted_image_blocks/page_05_img_012_xref_439.png,8421516,2026-04-30T19:57:18,"PDF 内嵌图块 page=5, xref=439, 1894x61"
pdf_embedded_image,raw_image_block,C:/Users/SWH/WPSDrive/1755855549/WPS企业云盘/四川大学WPS/我的企业文档/应用/输出为PDF/肺结节实时检测系统设计与实现(1)_20260430195714.pdf,attachments/01_source_pdf/extracted_image_blocks/page_05_img_013_xref_441.png,8421516,2026-04-30T19:57:18,"PDF 内嵌图块 page=5, xref=441, 1892x51"
pdf_embedded_image,raw_image_block,C:/Users/SWH/WPSDrive/1755855549/WPS企业云盘/四川大学WPS/我的企业文档/应用/输出为PDF/肺结节实时检测系统设计与实现(1)_20260430195714.pdf,attachments/01_source_pdf/extracted_image_blocks/page_05_img_014_xref_443.png,8421516,2026-04-30T19:57:18,"PDF 内嵌图块 page=5, xref=443, 1886x53"
pdf_embedded_image,raw_image_block,C:/Users/SWH/WPSDrive/1755855549/WPS企业云盘/四川大学WPS/我的企业文档/应用/输出为PDF/肺结节实时检测系统设计与实现(1)_20260430195714.pdf,attachments/01_source_pdf/extracted_image_blocks/page_05_img_015_xref_445.png,8421516,2026-04-30T19:57:18,"PDF 内嵌图块 page=5, xref=445, 1890x53"
pdf_embedded_image,raw_image_block,C:/Users/SWH/WPSDrive/1755855549/WPS企业云盘/四川大学WPS/我的企业文档/应用/输出为PDF/肺结节实时检测系统设计与实现(1)_20260430195714.pdf,attachments/01_source_pdf/extracted_image_blocks/page_05_img_016_xref_447.png,8421516,2026-04-30T19:57:18,"PDF 内嵌图块 page=5, xref=447, 930x65"
pdf_embedded_image,raw_image_block,C:/Users/SWH/WPSDrive/1755855549/WPS企业云盘/四川大学WPS/我的企业文档/应用/输出为PDF/肺结节实时检测系统设计与实现(1)_20260430195714.pdf,attachments/01_source_pdf/extracted_image_blocks/page_05_img_017_xref_449.png,8421516,2026-04-30T19:57:18,"PDF 内嵌图块 page=5, xref=449, 1890x52"
pdf_embedded_image,raw_image_block,C:/Users/SWH/WPSDrive/1755855549/WPS企业云盘/四川大学WPS/我的企业文档/应用/输出为PDF/肺结节实时检测系统设计与实现(1)_20260430195714.pdf,attachments/01_source_pdf/extracted_image_blocks/page_05_img_018_xref_451.png,8421516,2026-04-30T19:57:18,"PDF 内嵌图块 page=5, xref=451, 4507x1095"
pdf_embedded_image,raw_image_block,C:/Users/SWH/WPSDrive/1755855549/WPS企业云盘/四川大学WPS/我的企业文档/应用/输出为PDF/肺结节实时检测系统设计与实现(1)_20260430195714.pdf,attachments/01_source_pdf/extracted_image_blocks/page_05_img_019_xref_452.png,8421516,2026-04-30T19:57:18,"PDF 内嵌图块 page=5, xref=452, 4507x1095"
pdf_embedded_image,raw_image_block,C:/Users/SWH/WPSDrive/1755855549/WPS企业云盘/四川大学WPS/我的企业文档/应用/输出为PDF/肺结节实时检测系统设计与实现(1)_20260430195714.pdf,attachments/01_source_pdf/extracted_image_blocks/page_05_img_020_xref_453.png,8421516,2026-04-30T19:57:18,"PDF 内嵌图块 page=5, xref=453, 1266x307"
pdf_embedded_image,raw_image_block,C:/Users/SWH/WPSDrive/1755855549/WPS企业云盘/四川大学WPS/我的企业文档/应用/输出为PDF/肺结节实时检测系统设计与实现(1)_20260430195714.pdf,attachments/01_source_pdf/extracted_image_blocks/page_05_img_021_xref_454.png,8421516,2026-04-30T19:57:18,"PDF 内嵌图块 page=5, xref=454, 978x1069"
pdf_all_text,context_text,C:/Users/SWH/WPSDrive/1755855549/WPS企业云盘/四川大学WPS/我的企业文档/应用/输出为PDF/肺结节实时检测系统设计与实现(1)_20260430195714.pdf,attachments/01_source_pdf/extracted_text/all_pages_extracted_text.txt,8421516,2026-04-30T19:57:18,PDF 全文抽取文本
pdf_extracted_table,raw_pdf_table,C:/Users/SWH/WPSDrive/1755855549/WPS企业云盘/四川大学WPS/我的企业文档/应用/输出为PDF/肺结节实时检测系统设计与实现(1)_20260430195714.pdf,attachments/01_source_pdf/extracted_pdf_tables/page_01_table_01.csv,8421516,2026-04-30T19:57:18,"pdfplumber 自动抽表 page=1, table=1, shape=4x2"
pdf_extracted_table,raw_pdf_table,C:/Users/SWH/WPSDrive/1755855549/WPS企业云盘/四川大学WPS/我的企业文档/应用/输出为PDF/肺结节实时检测系统设计与实现(1)_20260430195714.pdf,attachments/01_source_pdf/extracted_pdf_tables/page_01_table_02.csv,8421516,2026-04-30T19:57:18,"pdfplumber 自动抽表 page=1, table=2, shape=3x1"
pdf_extracted_table,raw_pdf_table,C:/Users/SWH/WPSDrive/1755855549/WPS企业云盘/四川大学WPS/我的企业文档/应用/输出为PDF/肺结节实时检测系统设计与实现(1)_20260430195714.pdf,attachments/01_source_pdf/extracted_pdf_tables/page_02_table_01.csv,8421516,2026-04-30T19:57:18,"pdfplumber 自动抽表 page=2, table=1, shape=3x3"
pdf_extracted_table,raw_pdf_table,C:/Users/SWH/WPSDrive/1755855549/WPS企业云盘/四川大学WPS/我的企业文档/应用/输出为PDF/肺结节实时检测系统设计与实现(1)_20260430195714.pdf,attachments/01_source_pdf/extracted_pdf_tables/page_02_table_02.csv,8421516,2026-04-30T19:57:18,"pdfplumber 自动抽表 page=2, table=2, shape=3x1"
pdf_extracted_table,raw_pdf_table,C:/Users/SWH/WPSDrive/1755855549/WPS企业云盘/四川大学WPS/我的企业文档/应用/输出为PDF/肺结节实时检测系统设计与实现(1)_20260430195714.pdf,attachments/01_source_pdf/extracted_pdf_tables/page_02_table_03.csv,8421516,2026-04-30T19:57:18,"pdfplumber 自动抽表 page=2, table=3, shape=5x9"
pdf_extracted_table,raw_pdf_table,C:/Users/SWH/WPSDrive/1755855549/WPS企业云盘/四川大学WPS/我的企业文档/应用/输出为PDF/肺结节实时检测系统设计与实现(1)_20260430195714.pdf,attachments/01_source_pdf/extracted_pdf_tables/page_02_table_04.csv,8421516,2026-04-30T19:57:18,"pdfplumber 自动抽表 page=2, table=4, shape=3x4"
pdf_extracted_table,raw_pdf_table,C:/Users/SWH/WPSDrive/1755855549/WPS企业云盘/四川大学WPS/我的企业文档/应用/输出为PDF/肺结节实时检测系统设计与实现(1)_20260430195714.pdf,attachments/01_source_pdf/extracted_pdf_tables/page_02_table_05.csv,8421516,2026-04-30T19:57:18,"pdfplumber 自动抽表 page=2, table=5, shape=1x2"
pdf_extracted_table,raw_pdf_table,C:/Users/SWH/WPSDrive/1755855549/WPS企业云盘/四川大学WPS/我的企业文档/应用/输出为PDF/肺结节实时检测系统设计与实现(1)_20260430195714.pdf,attachments/01_source_pdf/extracted_pdf_tables/page_02_table_06.csv,8421516,2026-04-30T19:57:18,"pdfplumber 自动抽表 page=2, table=6, shape=2x1"
pdf_extracted_table,raw_pdf_table,C:/Users/SWH/WPSDrive/1755855549/WPS企业云盘/四川大学WPS/我的企业文档/应用/输出为PDF/肺结节实时检测系统设计与实现(1)_20260430195714.pdf,attachments/01_source_pdf/extracted_pdf_tables/page_02_table_07.csv,8421516,2026-04-30T19:57:18,"pdfplumber 自动抽表 page=2, table=7, shape=3x1"
pdf_extracted_table,raw_pdf_table,C:/Users/SWH/WPSDrive/1755855549/WPS企业云盘/四川大学WPS/我的企业文档/应用/输出为PDF/肺结节实时检测系统设计与实现(1)_20260430195714.pdf,attachments/01_source_pdf/extracted_pdf_tables/page_02_table_08.csv,8421516,2026-04-30T19:57:18,"pdfplumber 自动抽表 page=2, table=8, shape=6x7"
pdf_extracted_table,raw_pdf_table,C:/Users/SWH/WPSDrive/1755855549/WPS企业云盘/四川大学WPS/我的企业文档/应用/输出为PDF/肺结节实时检测系统设计与实现(1)_20260430195714.pdf,attachments/01_source_pdf/extracted_pdf_tables/page_02_table_09.csv,8421516,2026-04-30T19:57:18,"pdfplumber 自动抽表 page=2, table=9, shape=2x1"
pdf_extracted_table,raw_pdf_table,C:/Users/SWH/WPSDrive/1755855549/WPS企业云盘/四川大学WPS/我的企业文档/应用/输出为PDF/肺结节实时检测系统设计与实现(1)_20260430195714.pdf,attachments/01_source_pdf/extracted_pdf_tables/page_02_table_10.csv,8421516,2026-04-30T19:57:18,"pdfplumber 自动抽表 page=2, table=10, shape=2x2"
pdf_extracted_table,raw_pdf_table,C:/Users/SWH/WPSDrive/1755855549/WPS企业云盘/四川大学WPS/我的企业文档/应用/输出为PDF/肺结节实时检测系统设计与实现(1)_20260430195714.pdf,attachments/01_source_pdf/extracted_pdf_tables/page_02_table_11.csv,8421516,2026-04-30T19:57:18,"pdfplumber 自动抽表 page=2, table=11, shape=1x2"
pdf_extracted_table,raw_pdf_table,C:/Users/SWH/WPSDrive/1755855549/WPS企业云盘/四川大学WPS/我的企业文档/应用/输出为PDF/肺结节实时检测系统设计与实现(1)_20260430195714.pdf,attachments/01_source_pdf/extracted_pdf_tables/page_02_table_12.csv,8421516,2026-04-30T19:57:18,"pdfplumber 自动抽表 page=2, table=12, shape=4x2"
pdf_extracted_table,raw_pdf_table,C:/Users/SWH/WPSDrive/1755855549/WPS企业云盘/四川大学WPS/我的企业文档/应用/输出为PDF/肺结节实时检测系统设计与实现(1)_20260430195714.pdf,attachments/01_source_pdf/extracted_pdf_tables/page_02_table_13.csv,8421516,2026-04-30T19:57:18,"pdfplumber 自动抽表 page=2, table=13, shape=4x4"
pdf_extracted_table,raw_pdf_table,C:/Users/SWH/WPSDrive/1755855549/WPS企业云盘/四川大学WPS/我的企业文档/应用/输出为PDF/肺结节实时检测系统设计与实现(1)_20260430195714.pdf,attachments/01_source_pdf/extracted_pdf_tables/page_02_table_14.csv,8421516,2026-04-30T19:57:18,"pdfplumber 自动抽表 page=2, table=14, shape=1x2"
pdf_extracted_table,raw_pdf_table,C:/Users/SWH/WPSDrive/1755855549/WPS企业云盘/四川大学WPS/我的企业文档/应用/输出为PDF/肺结节实时检测系统设计与实现(1)_20260430195714.pdf,attachments/01_source_pdf/extracted_pdf_tables/page_02_table_15.csv,8421516,2026-04-30T19:57:18,"pdfplumber 自动抽表 page=2, table=15, shape=1x2"
pdf_extracted_table,raw_pdf_table,C:/Users/SWH/WPSDrive/1755855549/WPS企业云盘/四川大学WPS/我的企业文档/应用/输出为PDF/肺结节实时检测系统设计与实现(1)_20260430195714.pdf,attachments/01_source_pdf/extracted_pdf_tables/page_02_table_16.csv,8421516,2026-04-30T19:57:18,"pdfplumber 自动抽表 page=2, table=16, shape=1x2"
pdf_extracted_table,raw_pdf_table,C:/Users/SWH/WPSDrive/1755855549/WPS企业云盘/四川大学WPS/我的企业文档/应用/输出为PDF/肺结节实时检测系统设计与实现(1)_20260430195714.pdf,attachments/01_source_pdf/extracted_pdf_tables/page_02_table_17.csv,8421516,2026-04-30T19:57:18,"pdfplumber 自动抽表 page=2, table=17, shape=2x3"
pdf_extracted_table,raw_pdf_table,C:/Users/SWH/WPSDrive/1755855549/WPS企业云盘/四川大学WPS/我的企业文档/应用/输出为PDF/肺结节实时检测系统设计与实现(1)_20260430195714.pdf,attachments/01_source_pdf/extracted_pdf_tables/page_02_table_18.csv,8421516,2026-04-30T19:57:18,"pdfplumber 自动抽表 page=2, table=18, shape=2x1"
pdf_extracted_table,raw_pdf_table,C:/Users/SWH/WPSDrive/1755855549/WPS企业云盘/四川大学WPS/我的企业文档/应用/输出为PDF/肺结节实时检测系统设计与实现(1)_20260430195714.pdf,attachments/01_source_pdf/extracted_pdf_tables/page_02_table_19.csv,8421516,2026-04-30T19:57:18,"pdfplumber 自动抽表 page=2, table=19, shape=2x1"
pdf_extracted_table,raw_pdf_table,C:/Users/SWH/WPSDrive/1755855549/WPS企业云盘/四川大学WPS/我的企业文档/应用/输出为PDF/肺结节实时检测系统设计与实现(1)_20260430195714.pdf,attachments/01_source_pdf/extracted_pdf_tables/page_02_table_20.csv,8421516,2026-04-30T19:57:18,"pdfplumber 自动抽表 page=2, table=20, shape=5x10"
pdf_extracted_table,raw_pdf_table,C:/Users/SWH/WPSDrive/1755855549/WPS企业云盘/四川大学WPS/我的企业文档/应用/输出为PDF/肺结节实时检测系统设计与实现(1)_20260430195714.pdf,attachments/01_source_pdf/extracted_pdf_tables/page_02_table_21.csv,8421516,2026-04-30T19:57:18,"pdfplumber 自动抽表 page=2, table=21, shape=1x3"
pdf_extracted_table,raw_pdf_table,C:/Users/SWH/WPSDrive/1755855549/WPS企业云盘/四川大学WPS/我的企业文档/应用/输出为PDF/肺结节实时检测系统设计与实现(1)_20260430195714.pdf,attachments/01_source_pdf/extracted_pdf_tables/page_04_table_01.csv,8421516,2026-04-30T19:57:18,"pdfplumber 自动抽表 page=4, table=1, shape=3x3"
pdf_extracted_table,raw_pdf_table,C:/Users/SWH/WPSDrive/1755855549/WPS企业云盘/四川大学WPS/我的企业文档/应用/输出为PDF/肺结节实时检测系统设计与实现(1)_20260430195714.pdf,attachments/01_source_pdf/extracted_pdf_tables/page_05_table_01.csv,8421516,2026-04-30T19:57:18,"pdfplumber 自动抽表 page=5, table=1, shape=3x1"
paper_source,paper_pdf,paper/main.pdf,attachments/02_project_paper/paper_main.pdf,20805577,2026-04-27T16:59:23,项目论文编译 PDF
paper_source,paper_context,paper/main.tex,attachments/02_project_paper/main.tex,659,2026-04-27T16:18:58,论文源文件/图表计划
paper_source,paper_context,paper/references.bib,attachments/02_project_paper/references.bib,5866,2026-04-09T12:53:27,论文源文件/图表计划
paper_source,paper_context,paper/FIGURE_TABLE_PLAN_TBME.md,attachments/02_project_paper/FIGURE_TABLE_PLAN_TBME.md,7293,2026-04-09T16:09:33,论文源文件/图表计划
paper_source,paper_context,paper/sections/abstract.tex,attachments/02_project_paper/sections/abstract.tex,2989,2026-04-27T16:18:58,
paper_source,paper_context,paper/sections/conclusion.tex,attachments/02_project_paper/sections/conclusion.tex,1415,2026-04-27T16:18:58,
paper_source,paper_context,paper/sections/discussion.tex,attachments/02_project_paper/sections/discussion.tex,5174,2026-04-27T16:26:47,
paper_source,paper_context,paper/sections/introduction.tex,attachments/02_project_paper/sections/introduction.tex,5800,2026-04-27T16:18:58,
paper_source,paper_context,paper/sections/methods.tex,attachments/02_project_paper/sections/methods.tex,15939,2026-04-27T16:58:56,
paper_source,paper_context,paper/sections/results.tex,attachments/02_project_paper/sections/results.tex,13986,2026-04-27T16:56:35,
paper_source,paper_context,paper/manuscript/sections/abstract.tex,attachments/02_project_paper/manuscript_sections/abstract.tex,2548,2026-04-12T16:09:29,
paper_source,paper_context,paper/manuscript/sections/discussion.tex,attachments/02_project_paper/manuscript_sections/discussion.tex,4246,2026-04-12T16:10:23,
paper_source,paper_context,paper/manuscript/sections/methods.tex,attachments/02_project_paper/manuscript_sections/methods.tex,15461,2026-04-27T16:29:01,
paper_source,paper_context,paper/manuscript/sections/results.tex,attachments/02_project_paper/manuscript_sections/results.tex,5372,2026-04-27T16:29:01,
original_figure,paper_original_figure,paper/figures/Fig1_positive_mean_files12_compact_turbo.png,attachments/03_original_figures/paper_figures/Fig1_positive_mean_files12_compact_turbo.png,829294,2026-04-09T16:09:33,
original_figure,paper_original_figure,paper/figures/Fig2b_grouped_positive_trends_tnr.png,attachments/03_original_figures/paper_figures/Fig2b_grouped_positive_trends_tnr.png,922850,2026-04-09T10:52:28,
original_figure,paper_original_figure,paper/figures/Fig2_negative_mean_files12_compact_turbo.png,attachments/03_original_figures/paper_figures/Fig2_negative_mean_files12_compact_turbo.png,756977,2026-04-09T10:52:28,
original_figure,paper_original_figure,paper/figures/Fig2_selected_feature_significance_tnr.png,attachments/03_original_figures/paper_figures/Fig2_selected_feature_significance_tnr.png,1115774,2026-04-09T10:52:28,
original_figure,paper_original_figure,paper/figures/Fig3a_xgb_shap_detection.png,attachments/03_original_figures/paper_figures/Fig3a_xgb_shap_detection.png,299506,2026-04-09T10:52:28,
original_figure,paper_original_figure,paper/figures/Fig3b_xgb_shap_size.png,attachments/03_original_figures/paper_figures/Fig3b_xgb_shap_size.png,377807,2026-04-09T10:52:28,
original_figure,paper_original_figure,paper/figures/Fig3c_xgb_shap_depth.png,attachments/03_original_figures/paper_figures/Fig3c_xgb_shap_depth.png,253063,2026-04-09T10:52:28,
original_figure,paper_original_figure,paper/figures/Fig3_best_detected_test_windows_compact_turbo.png,attachments/03_original_figures/paper_figures/Fig3_best_detected_test_windows_compact_turbo.png,923485,2026-04-09T10:52:28,
original_figure,paper_original_figure,paper/figures/Fig3_quantitative_comparison_tnr.png,attachments/03_original_figures/paper_figures/Fig3_quantitative_comparison_tnr.png,884845,2026-04-09T10:52:28,
original_figure,paper_original_figure,paper/figures/Fig4_interpretability_tnr.png,attachments/03_original_figures/paper_figures/Fig4_interpretability_tnr.png,650638,2026-04-09T10:52:28,
original_figure,paper_original_figure,paper/figures/Fig4_physics_evidence_tbme_20260409.png,attachments/03_original_figures/paper_figures/Fig4_physics_evidence_tbme_20260409.png,456989,2026-04-24T14:23:47,
original_figure,paper_original_figure,paper/figures/Fig5_stage3_depth_gt_route.png,attachments/03_original_figures/paper_figures/Fig5_stage3_depth_gt_route.png,121255,2026-04-09T10:52:28,
original_figure,paper_original_figure,paper/figures/Fig5_topjournal_realtime_evidence_20260430.pdf,attachments/03_original_figures/paper_figures/Fig5_topjournal_realtime_evidence_20260430.pdf,636834,2026-04-30T17:27:14,
original_figure,paper_original_figure,paper/figures/Fig5_topjournal_realtime_evidence_20260430.png,attachments/03_original_figures/paper_figures/Fig5_topjournal_realtime_evidence_20260430.png,449729,2026-04-30T17:27:14,
original_figure,paper_original_figure,paper/figures/Fig6_residual_inversion_scorecam_20260427.pdf,attachments/03_original_figures/paper_figures/Fig6_residual_inversion_scorecam_20260427.pdf,296023,2026-04-27T16:47:43,
original_figure,paper_original_figure,paper/figures/Fig6_residual_inversion_scorecam_20260427.png,attachments/03_original_figures/paper_figures/Fig6_residual_inversion_scorecam_20260427.png,879519,2026-04-27T16:47:41,
original_figure,paper_original_figure,paper/figures/FigI_intro_overview_from_master.png,attachments/03_original_figures/paper_figures/FigI_intro_overview_from_master.png,2958726,2026-04-09T11:42:31,
original_figure,paper_original_figure,paper/figures/FigM1_method_experiment_ab_20260409.png,attachments/03_original_figures/paper_figures/FigM1_method_experiment_ab_20260409.png,5163545,2026-04-09T11:19:22,
original_figure,paper_original_figure,paper/figures/FigM1_method_experiment_from_master.png,attachments/03_original_figures/paper_figures/FigM1_method_experiment_from_master.png,5163545,2026-04-09T11:42:18,
original_figure,paper_original_figure,paper/figures/FigM2_method_model_c_20260409.png,attachments/03_original_figures/paper_figures/FigM2_method_model_c_20260409.png,1994784,2026-04-09T11:19:56,
original_figure,paper_original_figure,paper/figures/FigM2_method_model_from_master.png,attachments/03_original_figures/paper_figures/FigM2_method_model_from_master.png,1994784,2026-04-09T11:42:19,
original_figure,paper_original_figure,paper/figures/FigR1_top_tactile_stats_from_master.png,attachments/03_original_figures/paper_figures/FigR1_top_tactile_stats_from_master.png,8522613,2026-04-09T11:42:26,
original_figure,paper_original_figure,paper/figures/FigR2_mid_quant_confusion_from_master.png,attachments/03_original_figures/paper_figures/FigR2_mid_quant_confusion_from_master.png,1615002,2026-04-09T11:42:28,
original_figure,paper_original_figure,paper/figures/FigR3_bottom_cam_from_master.png,attachments/03_original_figures/paper_figures/FigR3_bottom_cam_from_master.png,653529,2026-04-09T11:42:29,
original_figure,paper_original_figure,paper/figures/fig5_individual_evidence_20260430/A_realtime_gate_sequence.pdf,attachments/03_original_figures/paper_figures/fig5_individual_evidence_20260430/A_realtime_gate_sequence.pdf,66287,2026-04-30T17:37:32,
original_figure,paper_original_figure,paper/figures/fig5_individual_evidence_20260430/A_realtime_gate_sequence.png,attachments/03_original_figures/paper_figures/fig5_individual_evidence_20260430/A_realtime_gate_sequence.png,425406,2026-04-30T17:37:32,
original_figure,paper_original_figure,paper/figures/fig5_individual_evidence_20260430/B_gated_cascade_decision.pdf,attachments/03_original_figures/paper_figures/fig5_individual_evidence_20260430/B_gated_cascade_decision.pdf,51024,2026-04-30T17:37:33,
original_figure,paper_original_figure,paper/figures/fig5_individual_evidence_20260430/B_gated_cascade_decision.png,attachments/03_original_figures/paper_figures/fig5_individual_evidence_20260430/B_gated_cascade_decision.png,283923,2026-04-30T17:37:33,
original_figure,paper_original_figure,paper/figures/fig5_individual_evidence_20260430/C_task_guided_scorecam_mechanism.pdf,attachments/03_original_figures/paper_figures/fig5_individual_evidence_20260430/C_task_guided_scorecam_mechanism.pdf,214432,2026-04-30T17:37:36,
original_figure,paper_original_figure,paper/figures/fig5_individual_evidence_20260430/C_task_guided_scorecam_mechanism.png,attachments/03_original_figures/paper_figures/fig5_individual_evidence_20260430/C_task_guided_scorecam_mechanism.png,382437,2026-04-30T17:37:35,
original_figure,paper_original_figure,paper/figures/fig5_individual_evidence_20260430/D_locked_quantitative_evidence.pdf,attachments/03_original_figures/paper_figures/fig5_individual_evidence_20260430/D_locked_quantitative_evidence.pdf,174205,2026-04-30T17:37:41,
original_figure,paper_original_figure,paper/figures/fig5_individual_evidence_20260430/D_locked_quantitative_evidence.png,attachments/03_original_figures/paper_figures/fig5_individual_evidence_20260430/D_locked_quantitative_evidence.png,642006,2026-04-30T17:37:38,
original_figure,paper_original_figure,paper/figures/fig5_individual_evidence_20260430/E_physical_matrix_generalization.pdf,attachments/03_original_figures/paper_figures/fig5_individual_evidence_20260430/E_physical_matrix_generalization.pdf,136421,2026-04-30T17:37:47,
original_figure,paper_original_figure,paper/figures/fig5_individual_evidence_20260430/E_physical_matrix_generalization.png,attachments/03_original_figures/paper_figures/fig5_individual_evidence_20260430/E_physical_matrix_generalization.png,530239,2026-04-30T17:37:44,
original_figure,paper_original_figure,paper/figures/fig5_individual_evidence_20260430/Fig5_component_contact_sheet.png,attachments/03_original_figures/paper_figures/fig5_individual_evidence_20260430/Fig5_component_contact_sheet.png,594294,2026-04-30T17:37:52,
original_figure,paper_original_figure,paper/figures/fig5_individual_evidence_20260430/F_boundary_failure_audit.pdf,attachments/03_original_figures/paper_figures/fig5_individual_evidence_20260430/F_boundary_failure_audit.pdf,54559,2026-04-30T17:37:50,
original_figure,paper_original_figure,paper/figures/fig5_individual_evidence_20260430/F_boundary_failure_audit.png,attachments/03_original_figures/paper_figures/fig5_individual_evidence_20260430/F_boundary_failure_audit.png,264699,2026-04-30T17:37:49,
original_figure,workspace_original_figure,figures/ai_v5r5_modular_topjournal_candidate.png,attachments/03_original_figures/figures_workspace/ai_v5r5_modular_topjournal_candidate.png,1419852,2026-04-28T20:46:44,
original_figure,workspace_original_figure,figures/algorithm_flow_abc_topjournal.pdf,attachments/03_original_figures/figures_workspace/algorithm_flow_abc_topjournal.pdf,71505,2026-04-29T20:22:34,
original_figure,workspace_original_figure,figures/algorithm_flow_abc_topjournal.png,attachments/03_original_figures/figures_workspace/algorithm_flow_abc_topjournal.png,748468,2026-04-29T20:22:33,
original_figure,workspace_original_figure,figures/algorithm_flow_abc_topjournal.svg,attachments/03_original_figures/figures_workspace/algorithm_flow_abc_topjournal.svg,91435,2026-04-29T20:22:34,
original_figure,workspace_original_figure,figures/Fig1_positive_mean_files12_compact_turbo.png,attachments/03_original_figures/figures_workspace/Fig1_positive_mean_files12_compact_turbo.png,829294,2026-04-09T16:09:33,
original_figure,workspace_original_figure,figures/Fig2b_grouped_positive_trends_tnr.png,attachments/03_original_figures/figures_workspace/Fig2b_grouped_positive_trends_tnr.png,922850,2026-04-09T16:09:33,
original_figure,workspace_original_figure,figures/Fig2_negative_mean_files12_compact_turbo.png,attachments/03_original_figures/figures_workspace/Fig2_negative_mean_files12_compact_turbo.png,756977,2026-04-09T16:09:33,
original_figure,workspace_original_figure,figures/Fig2_selected_feature_significance_tnr.png,attachments/03_original_figures/figures_workspace/Fig2_selected_feature_significance_tnr.png,1115774,2026-04-09T16:09:33,
original_figure,workspace_original_figure,figures/Fig3a_xgb_shap_detection.png,attachments/03_original_figures/figures_workspace/Fig3a_xgb_shap_detection.png,299506,2026-04-09T16:09:33,
original_figure,workspace_original_figure,figures/Fig3b_xgb_shap_size.png,attachments/03_original_figures/figures_workspace/Fig3b_xgb_shap_size.png,377807,2026-04-09T16:09:33,
original_figure,workspace_original_figure,figures/Fig3c_xgb_shap_depth.png,attachments/03_original_figures/figures_workspace/Fig3c_xgb_shap_depth.png,253063,2026-04-09T16:09:33,
original_figure,workspace_original_figure,figures/Fig3_best_detected_test_windows_compact_turbo.png,attachments/03_original_figures/figures_workspace/Fig3_best_detected_test_windows_compact_turbo.png,923485,2026-04-09T16:09:33,
original_figure,workspace_original_figure,figures/Fig3_quantitative_comparison_tnr.png,attachments/03_original_figures/figures_workspace/Fig3_quantitative_comparison_tnr.png,884845,2026-04-09T16:09:33,
original_figure,workspace_original_figure,figures/Fig4_interpretability_tnr.png,attachments/03_original_figures/figures_workspace/Fig4_interpretability_tnr.png,650638,2026-04-09T16:09:33,
original_figure,workspace_original_figure,figures/Fig5_stage3_depth_gt_route.png,attachments/03_original_figures/figures_workspace/Fig5_stage3_depth_gt_route.png,121255,2026-04-09T16:09:33,
original_figure,workspace_original_figure,figures/Fig5_topjournal_realtime_evidence_20260430.pdf,attachments/03_original_figures/figures_workspace/Fig5_topjournal_realtime_evidence_20260430.pdf,636834,2026-04-30T17:27:14,
original_figure,workspace_original_figure,figures/Fig5_topjournal_realtime_evidence_20260430.png,attachments/03_original_figures/figures_workspace/Fig5_topjournal_realtime_evidence_20260430.png,449729,2026-04-30T17:27:13,
original_figure,workspace_original_figure,figures/FigD_V5_R5_algorithm_publication_v3.pdf,attachments/03_original_figures/figures_workspace/FigD_V5_R5_algorithm_publication_v3.pdf,120057,2026-04-28T19:38:38,
original_figure,workspace_original_figure,figures/FigD_V5_R5_algorithm_publication_v3.png,attachments/03_original_figures/figures_workspace/FigD_V5_R5_algorithm_publication_v3.png,717067,2026-04-28T19:38:37,
original_figure,workspace_original_figure,figures/FigD_V5_R5_algorithm_publication_v3.svg,attachments/03_original_figures/figures_workspace/FigD_V5_R5_algorithm_publication_v3.svg,236053,2026-04-28T19:38:37,
original_figure,workspace_original_figure,figures/FigD_V5_R5_algorithm_publication_v4.pdf,attachments/03_original_figures/figures_workspace/FigD_V5_R5_algorithm_publication_v4.pdf,123232,2026-04-28T19:46:09,
original_figure,workspace_original_figure,figures/FigD_V5_R5_algorithm_publication_v4.png,attachments/03_original_figures/figures_workspace/FigD_V5_R5_algorithm_publication_v4.png,703476,2026-04-28T19:46:08,
original_figure,workspace_original_figure,figures/FigD_V5_R5_algorithm_publication_v4.svg,attachments/03_original_figures/figures_workspace/FigD_V5_R5_algorithm_publication_v4.svg,235068,2026-04-28T19:46:08,
original_figure,workspace_original_figure,figures/FigD_V5_R5_algorithm_publication_v5.pdf,attachments/03_original_figures/figures_workspace/FigD_V5_R5_algorithm_publication_v5.pdf,114380,2026-04-28T19:52:20,
original_figure,workspace_original_figure,figures/FigD_V5_R5_algorithm_publication_v5.png,attachments/03_original_figures/figures_workspace/FigD_V5_R5_algorithm_publication_v5.png,632489,2026-04-28T19:52:19,
original_figure,workspace_original_figure,figures/FigD_V5_R5_algorithm_publication_v5.svg,attachments/03_original_figures/figures_workspace/FigD_V5_R5_algorithm_publication_v5.svg,222330,2026-04-28T19:52:19,
original_figure,workspace_original_figure,figures/FigI_intro_overview_from_master.png,attachments/03_original_figures/figures_workspace/FigI_intro_overview_from_master.png,2958726,2026-04-09T11:42:31,
original_figure,workspace_original_figure,figures/FigM1_method_experiment_ab_20260409.png,attachments/03_original_figures/figures_workspace/FigM1_method_experiment_ab_20260409.png,5163545,2026-04-09T11:19:22,
original_figure,workspace_original_figure,figures/FigM1_method_experiment_from_master.png,attachments/03_original_figures/figures_workspace/FigM1_method_experiment_from_master.png,5163545,2026-04-09T11:42:18,
original_figure,workspace_original_figure,figures/FigM2_method_model_c_20260409.png,attachments/03_original_figures/figures_workspace/FigM2_method_model_c_20260409.png,1994784,2026-04-09T11:19:56,
original_figure,workspace_original_figure,figures/FigM2_method_model_from_master.png,attachments/03_original_figures/figures_workspace/FigM2_method_model_from_master.png,1994784,2026-04-09T11:42:19,
original_figure,workspace_original_figure,figures/FigM3_R5_hybrid_architecture.pdf,attachments/03_original_figures/figures_workspace/FigM3_R5_hybrid_architecture.pdf,35759,2026-04-27T21:08:38,
original_figure,workspace_original_figure,figures/FigM3_R5_hybrid_architecture.png,attachments/03_original_figures/figures_workspace/FigM3_R5_hybrid_architecture.png,709448,2026-04-27T21:08:38,
original_figure,workspace_original_figure,figures/FigM3_R5_hybrid_architecture.svg,attachments/03_original_figures/figures_workspace/FigM3_R5_hybrid_architecture.svg,41944,2026-04-27T21:08:38,
original_figure,workspace_original_figure,figures/FigR1_top_tactile_stats_from_master.png,attachments/03_original_figures/figures_workspace/FigR1_top_tactile_stats_from_master.png,8522613,2026-04-09T11:42:26,
original_figure,workspace_original_figure,figures/FigR2_mid_quant_confusion_from_master.png,attachments/03_original_figures/figures_workspace/FigR2_mid_quant_confusion_from_master.png,1615002,2026-04-09T11:42:28,
original_figure,workspace_original_figure,figures/FigR3_bottom_cam_from_master.png,attachments/03_original_figures/figures_workspace/FigR3_bottom_cam_from_master.png,653529,2026-04-09T11:42:29,
original_figure,workspace_original_figure,figures/image2_combined_inference_and_modules_20260430.pdf,attachments/03_original_figures/figures_workspace/image2_combined_inference_and_modules_20260430.pdf,389377,2026-04-30T09:02:06,
original_figure,workspace_original_figure,figures/image2_combined_inference_and_modules_20260430.png,attachments/03_original_figures/figures_workspace/image2_combined_inference_and_modules_20260430.png,2979034,2026-04-30T09:02:06,
original_figure,workspace_original_figure,figures/image2_combined_inference_and_modules_times_20260430.pdf,attachments/03_original_figures/figures_workspace/image2_combined_inference_and_modules_times_20260430.pdf,306035,2026-04-30T09:16:49,
original_figure,workspace_original_figure,figures/image2_combined_inference_and_modules_times_20260430.png,attachments/03_original_figures/figures_workspace/image2_combined_inference_and_modules_times_20260430.png,1784181,2026-04-30T09:16:48,
original_figure,workspace_original_figure,figures/image2_fig4B_data_format_20260430.pdf,attachments/03_original_figures/figures_workspace/image2_fig4B_data_format_20260430.pdf,300132,2026-04-30T17:15:54,
original_figure,workspace_original_figure,figures/image2_fig4B_data_format_20260430.png,attachments/03_original_figures/figures_workspace/image2_fig4B_data_format_20260430.png,203688,2026-04-30T17:15:54,
original_figure,workspace_original_figure,figures/image2_forward_propagation_cnn_mstcn.png,attachments/03_original_figures/figures_workspace/image2_forward_propagation_cnn_mstcn.png,344807,2026-04-29T10:33:30,
original_figure,workspace_original_figure,figures/image2_module_details_times_20260430.png,attachments/03_original_figures/figures_workspace/image2_module_details_times_20260430.png,225594,2026-04-30T09:16:48,
original_figure,workspace_original_figure,figures/image2_real_modules_final_algorithm.png,attachments/03_original_figures/figures_workspace/image2_real_modules_final_algorithm.png,488738,2026-04-29T12:49:59,
original_figure,workspace_original_figure,figures/image2_real_tactile_window_3d.pdf,attachments/03_original_figures/figures_workspace/image2_real_tactile_window_3d.pdf,3096900,2026-04-29T13:15:48,
original_figure,workspace_original_figure,figures/image2_real_tactile_window_3d.png,attachments/03_original_figures/figures_workspace/image2_real_tactile_window_3d.png,1441110,2026-04-29T13:15:36,
original_figure,workspace_original_figure,figures/image2_real_tactile_window_3d_clean.pdf,attachments/03_original_figures/figures_workspace/image2_real_tactile_window_3d_clean.pdf,2167089,2026-04-29T13:16:04,
original_figure,workspace_original_figure,figures/image2_real_tactile_window_3d_clean.png,attachments/03_original_figures/figures_workspace/image2_real_tactile_window_3d_clean.png,1129361,2026-04-29T13:15:56,
original_figure,workspace_original_figure,figures/image2_real_tactile_window_exploded.png,attachments/03_original_figures/figures_workspace/image2_real_tactile_window_exploded.png,272684,2026-04-29T13:20:23,
original_figure,workspace_original_figure,figures/image2_real_tactile_window_tensor_stack.png,attachments/03_original_figures/figures_workspace/image2_real_tactile_window_tensor_stack.png,184114,2026-04-29T13:36:51,
original_figure,workspace_original_figure,figures/image2_real_tactile_window_tensor_stack_clean.png,attachments/03_original_figures/figures_workspace/image2_real_tactile_window_tensor_stack_clean.png,220721,2026-04-29T13:37:47,
original_figure,workspace_original_figure,figures/image2_selected_two_panel_combined_20260430.pdf,attachments/03_original_figures/figures_workspace/image2_selected_two_panel_combined_20260430.pdf,374903,2026-04-30T09:20:48,
original_figure,workspace_original_figure,figures/image2_selected_two_panel_combined_20260430.png,attachments/03_original_figures/figures_workspace/image2_selected_two_panel_combined_20260430.png,2864647,2026-04-30T09:20:48,
original_figure,workspace_original_figure,figures/image2_top_journal_algorithm_20260429.pdf,attachments/03_original_figures/figures_workspace/image2_top_journal_algorithm_20260429.pdf,524425,2026-04-29T22:54:39,
original_figure,workspace_original_figure,figures/image2_top_journal_algorithm_20260429.png,attachments/03_original_figures/figures_workspace/image2_top_journal_algorithm_20260429.png,312564,2026-04-29T22:54:39,
original_figure,workspace_original_figure,figures/image2_v5r5_hybrid_borrowed_style.pdf,attachments/03_original_figures/figures_workspace/image2_v5r5_hybrid_borrowed_style.pdf,322879,2026-04-29T14:02:31,
original_figure,workspace_original_figure,figures/image2_v5r5_hybrid_borrowed_style.png,attachments/03_original_figures/figures_workspace/image2_v5r5_hybrid_borrowed_style.png,209493,2026-04-29T14:02:31,
original_figure,workspace_original_figure,figures/image2_v5r5_hybrid_real3d_25d_architecture.png,attachments/03_original_figures/figures_workspace/image2_v5r5_hybrid_real3d_25d_architecture.png,215183,2026-04-29T13:57:34,
original_figure,workspace_original_figure,figures/image2_v5r5_stacked_tensor_architecture.png,attachments/03_original_figures/figures_workspace/image2_v5r5_stacked_tensor_architecture.png,235451,2026-04-29T13:54:19,
original_figure,workspace_original_figure,figures/scorecam_3d_dpanel_clean.pdf,attachments/03_original_figures/figures_workspace/scorecam_3d_dpanel_clean.pdf,1704530,2026-04-29T21:27:32,
original_figure,workspace_original_figure,figures/scorecam_3d_dpanel_clean.png,attachments/03_original_figures/figures_workspace/scorecam_3d_dpanel_clean.png,895205,2026-04-29T21:27:24,
original_figure,workspace_original_figure,figures/scorecam_3d_evidence_metadata.json,attachments/03_original_figures/figures_workspace/scorecam_3d_evidence_metadata.json,1583,2026-04-29T21:27:51,
original_figure,workspace_original_figure,figures/scorecam_3d_front_stack_clean.pdf,attachments/03_original_figures/figures_workspace/scorecam_3d_front_stack_clean.pdf,93892,2026-04-29T21:27:38,
original_figure,workspace_original_figure,figures/scorecam_3d_front_stack_clean.png,attachments/03_original_figures/figures_workspace/scorecam_3d_front_stack_clean.png,226174,2026-04-29T21:27:34,
original_figure,workspace_original_figure,figures/scorecam_3d_front_stack_depth.pdf,attachments/03_original_figures/figures_workspace/scorecam_3d_front_stack_depth.pdf,53363,2026-04-29T21:27:51,
original_figure,workspace_original_figure,figures/scorecam_3d_front_stack_depth.png,attachments/03_original_figures/figures_workspace/scorecam_3d_front_stack_depth.png,70330,2026-04-29T21:27:49,
original_figure,workspace_original_figure,figures/scorecam_3d_front_stack_detection.pdf,attachments/03_original_figures/figures_workspace/scorecam_3d_front_stack_detection.pdf,54030,2026-04-29T21:27:42,
original_figure,workspace_original_figure,figures/scorecam_3d_front_stack_detection.png,attachments/03_original_figures/figures_workspace/scorecam_3d_front_stack_detection.png,73587,2026-04-29T21:27:40,
original_figure,workspace_original_figure,figures/scorecam_3d_front_stack_size.pdf,attachments/03_original_figures/figures_workspace/scorecam_3d_front_stack_size.pdf,55900,2026-04-29T21:27:47,
original_figure,workspace_original_figure,figures/scorecam_3d_front_stack_size.png,attachments/03_original_figures/figures_workspace/scorecam_3d_front_stack_size.png,74715,2026-04-29T21:27:44,
original_figure,workspace_original_figure,figures/scorecam_3d_task_evidence.pdf,attachments/03_original_figures/figures_workspace/scorecam_3d_task_evidence.pdf,1720579,2026-04-29T21:26:09,
original_figure,workspace_original_figure,figures/scorecam_3d_task_evidence.png,attachments/03_original_figures/figures_workspace/scorecam_3d_task_evidence.png,1287402,2026-04-29T21:26:00,
original_figure,workspace_original_figure,figures/scorecam_3d_temporal_stack_depth.pdf,attachments/03_original_figures/figures_workspace/scorecam_3d_temporal_stack_depth.pdf,2938479,2026-04-29T21:27:19,
original_figure,workspace_original_figure,figures/scorecam_3d_temporal_stack_depth.png,attachments/03_original_figures/figures_workspace/scorecam_3d_temporal_stack_depth.png,842734,2026-04-29T21:27:05,
original_figure,workspace_original_figure,figures/scorecam_3d_temporal_stack_detection.pdf,attachments/03_original_figures/figures_workspace/scorecam_3d_temporal_stack_detection.pdf,3104393,2026-04-29T21:26:33,
original_figure,workspace_original_figure,figures/scorecam_3d_temporal_stack_detection.png,attachments/03_original_figures/figures_workspace/scorecam_3d_temporal_stack_detection.png,821948,2026-04-29T21:26:19,
original_figure,workspace_original_figure,figures/scorecam_3d_temporal_stack_size.pdf,attachments/03_original_figures/figures_workspace/scorecam_3d_temporal_stack_size.pdf,3160656,2026-04-29T21:26:56,
original_figure,workspace_original_figure,figures/scorecam_3d_temporal_stack_size.png,attachments/03_original_figures/figures_workspace/scorecam_3d_temporal_stack_size.png,845249,2026-04-29T21:26:41,
original_figure,workspace_original_figure,figures/v5r5_representative_response_curves.pdf,attachments/03_original_figures/figures_workspace/v5r5_representative_response_curves.pdf,53905,2026-04-28T21:42:40,
original_figure,workspace_original_figure,figures/v5r5_representative_response_curves.png,attachments/03_original_figures/figures_workspace/v5r5_representative_response_curves.png,308297,2026-04-28T21:42:39,
original_figure,workspace_original_figure,figures/v5r5_representative_response_curves.svg,attachments/03_original_figures/figures_workspace/v5r5_representative_response_curves.svg,53591,2026-04-28T21:42:39,
original_figure,workspace_original_figure,figures/fig5_individual_evidence_20260430/A_realtime_gate_sequence.pdf,attachments/03_original_figures/figures_workspace/fig5_individual_evidence_20260430/A_realtime_gate_sequence.pdf,66287,2026-04-30T17:37:32,
original_figure,workspace_original_figure,figures/fig5_individual_evidence_20260430/A_realtime_gate_sequence.png,attachments/03_original_figures/figures_workspace/fig5_individual_evidence_20260430/A_realtime_gate_sequence.png,425406,2026-04-30T17:37:32,
original_figure,workspace_original_figure,figures/fig5_individual_evidence_20260430/B_gated_cascade_decision.pdf,attachments/03_original_figures/figures_workspace/fig5_individual_evidence_20260430/B_gated_cascade_decision.pdf,51024,2026-04-30T17:37:33,
original_figure,workspace_original_figure,figures/fig5_individual_evidence_20260430/B_gated_cascade_decision.png,attachments/03_original_figures/figures_workspace/fig5_individual_evidence_20260430/B_gated_cascade_decision.png,283923,2026-04-30T17:37:33,
original_figure,workspace_original_figure,figures/fig5_individual_evidence_20260430/C_task_guided_scorecam_mechanism.pdf,attachments/03_original_figures/figures_workspace/fig5_individual_evidence_20260430/C_task_guided_scorecam_mechanism.pdf,214432,2026-04-30T17:37:36,
original_figure,workspace_original_figure,figures/fig5_individual_evidence_20260430/C_task_guided_scorecam_mechanism.png,attachments/03_original_figures/figures_workspace/fig5_individual_evidence_20260430/C_task_guided_scorecam_mechanism.png,382437,2026-04-30T17:37:35,
original_figure,workspace_original_figure,figures/fig5_individual_evidence_20260430/D_locked_quantitative_evidence.pdf,attachments/03_original_figures/figures_workspace/fig5_individual_evidence_20260430/D_locked_quantitative_evidence.pdf,174205,2026-04-30T17:37:41,
original_figure,workspace_original_figure,figures/fig5_individual_evidence_20260430/D_locked_quantitative_evidence.png,attachments/03_original_figures/figures_workspace/fig5_individual_evidence_20260430/D_locked_quantitative_evidence.png,642006,2026-04-30T17:37:38,
original_figure,workspace_original_figure,figures/fig5_individual_evidence_20260430/E_physical_matrix_generalization.pdf,attachments/03_original_figures/figures_workspace/fig5_individual_evidence_20260430/E_physical_matrix_generalization.pdf,136421,2026-04-30T17:37:47,
original_figure,workspace_original_figure,figures/fig5_individual_evidence_20260430/E_physical_matrix_generalization.png,attachments/03_original_figures/figures_workspace/fig5_individual_evidence_20260430/E_physical_matrix_generalization.png,530239,2026-04-30T17:37:44,
original_figure,workspace_original_figure,figures/fig5_individual_evidence_20260430/Fig5_component_contact_sheet.png,attachments/03_original_figures/figures_workspace/fig5_individual_evidence_20260430/Fig5_component_contact_sheet.png,594294,2026-04-30T17:37:52,
original_figure,workspace_original_figure,figures/fig5_individual_evidence_20260430/F_boundary_failure_audit.pdf,attachments/03_original_figures/figures_workspace/fig5_individual_evidence_20260430/F_boundary_failure_audit.pdf,54559,2026-04-30T17:37:50,
original_figure,workspace_original_figure,figures/fig5_individual_evidence_20260430/F_boundary_failure_audit.png,attachments/03_original_figures/figures_workspace/fig5_individual_evidence_20260430/F_boundary_failure_audit.png,264699,2026-04-30T17:37:49,
original_figure,workspace_original_figure,figures/image2_topjournal_variants/image2A_two_level_topjournal.pdf,attachments/03_original_figures/figures_workspace/image2_topjournal_variants/image2A_two_level_topjournal.pdf,40293,2026-04-29T15:49:26,
original_figure,workspace_original_figure,figures/image2_topjournal_variants/image2A_two_level_topjournal.png,attachments/03_original_figures/figures_workspace/image2_topjournal_variants/image2A_two_level_topjournal.png,397066,2026-04-29T15:49:26,
original_figure,workspace_original_figure,figures/image2_topjournal_variants/image2A_two_level_topjournal.svg,attachments/03_original_figures/figures_workspace/image2_topjournal_variants/image2A_two_level_topjournal.svg,149829,2026-04-29T15:49:26,
original_figure,workspace_original_figure,figures/image2_topjournal_variants/image2B_evidence_architecture_topjournal.pdf,attachments/03_original_figures/figures_workspace/image2_topjournal_variants/image2B_evidence_architecture_topjournal.pdf,42392,2026-04-29T15:49:27,
original_figure,workspace_original_figure,figures/image2_topjournal_variants/image2B_evidence_architecture_topjournal.png,attachments/03_original_figures/figures_workspace/image2_topjournal_variants/image2B_evidence_architecture_topjournal.png,466267,2026-04-29T15:49:27,
original_figure,workspace_original_figure,figures/image2_topjournal_variants/image2B_evidence_architecture_topjournal.svg,attachments/03_original_figures/figures_workspace/image2_topjournal_variants/image2B_evidence_architecture_topjournal.svg,158730,2026-04-29T15:49:27,
original_figure,workspace_original_figure,figures/image2_topjournal_variants/image2C_compact_topjournal.pdf,attachments/03_original_figures/figures_workspace/image2_topjournal_variants/image2C_compact_topjournal.pdf,37732,2026-04-29T15:49:27,
original_figure,workspace_original_figure,figures/image2_topjournal_variants/image2C_compact_topjournal.png,attachments/03_original_figures/figures_workspace/image2_topjournal_variants/image2C_compact_topjournal.png,331056,2026-04-29T15:49:27,
original_figure,workspace_original_figure,figures/image2_topjournal_variants/image2C_compact_topjournal.svg,attachments/03_original_figures/figures_workspace/image2_topjournal_variants/image2C_compact_topjournal.svg,124727,2026-04-29T15:49:28,
original_figure,workspace_original_figure,figures/master_from_user/intro_master.png,attachments/03_original_figures/figures_workspace/master_from_user/intro_master.png,3145001,2026-04-06T04:10:14,
original_figure,workspace_original_figure,figures/master_from_user/method_master.png,attachments/03_original_figures/figures_workspace/master_from_user/method_master.png,8056438,2026-04-07T19:51:56,
original_figure,workspace_original_figure,figures/master_from_user/result_master.png,attachments/03_original_figures/figures_workspace/master_from_user/result_master.png,10453342,2026-04-08T16:55:42,
original_figure,workspace_original_figure,figures/v5r5_curve_options/v5r5_depth_aligned_mean_sem.pdf,attachments/03_original_figures/figures_workspace/v5r5_curve_options/v5r5_depth_aligned_mean_sem.pdf,47125,2026-04-28T21:48:30,
original_figure,workspace_original_figure,figures/v5r5_curve_options/v5r5_depth_aligned_mean_sem.png,attachments/03_original_figures/figures_workspace/v5r5_curve_options/v5r5_depth_aligned_mean_sem.png,175904,2026-04-28T21:48:30,
original_figure,workspace_original_figure,figures/v5r5_curve_options/v5r5_depth_aligned_mean_sem.svg,attachments/03_original_figures/figures_workspace/v5r5_curve_options/v5r5_depth_aligned_mean_sem.svg,38698,2026-04-28T21:48:30,
original_figure,workspace_original_figure,figures/v5r5_curve_options/v5r5_feature_decomposition.pdf,attachments/03_original_figures/figures_workspace/v5r5_curve_options/v5r5_feature_decomposition.pdf,42121,2026-04-28T21:48:31,
original_figure,workspace_original_figure,figures/v5r5_curve_options/v5r5_feature_decomposition.png,attachments/03_original_figures/figures_workspace/v5r5_curve_options/v5r5_feature_decomposition.png,181481,2026-04-28T21:48:31,
original_figure,workspace_original_figure,figures/v5r5_curve_options/v5r5_feature_decomposition.svg,attachments/03_original_figures/figures_workspace/v5r5_curve_options/v5r5_feature_decomposition.svg,20564,2026-04-28T21:48:31,
original_figure,workspace_original_figure,figures/v5r5_curve_options/v5r5_size_depth_peak_contrast.pdf,attachments/03_original_figures/figures_workspace/v5r5_curve_options/v5r5_size_depth_peak_contrast.pdf,40482,2026-04-28T21:48:31,
original_figure,workspace_original_figure,figures/v5r5_curve_options/v5r5_size_depth_peak_contrast.png,attachments/03_original_figures/figures_workspace/v5r5_curve_options/v5r5_size_depth_peak_contrast.png,143120,2026-04-28T21:48:30,
original_figure,workspace_original_figure,figures/v5r5_curve_options/v5r5_size_depth_peak_contrast.svg,attachments/03_original_figures/figures_workspace/v5r5_curve_options/v5r5_size_depth_peak_contrast.svg,17185,2026-04-28T21:48:30,
original_figure,workspace_original_figure,figures/v5r5_curve_options/v5r5_smoothed_representative_units.pdf,attachments/03_original_figures/figures_workspace/v5r5_curve_options/v5r5_smoothed_representative_units.pdf,47940,2026-04-28T21:48:29,
original_figure,workspace_original_figure,figures/v5r5_curve_options/v5r5_smoothed_representative_units.png,attachments/03_original_figures/figures_workspace/v5r5_curve_options/v5r5_smoothed_representative_units.png,229714,2026-04-28T21:48:29,
original_figure,workspace_original_figure,figures/v5r5_curve_options/v5r5_smoothed_representative_units.svg,attachments/03_original_figures/figures_workspace/v5r5_curve_options/v5r5_smoothed_representative_units.svg,42291,2026-04-28T21:48:29,
original_figure,workspace_original_figure,figures/v5r5_curve_options/v5r5_useful_smoothed_curve_gallery.pdf,attachments/03_original_figures/figures_workspace/v5r5_curve_options/v5r5_useful_smoothed_curve_gallery.pdf,65143,2026-04-28T21:48:33,
original_figure,workspace_original_figure,figures/v5r5_curve_options/v5r5_useful_smoothed_curve_gallery.png,attachments/03_original_figures/figures_workspace/v5r5_curve_options/v5r5_useful_smoothed_curve_gallery.png,635920,2026-04-28T21:48:32,
original_figure,workspace_original_figure,figures/v5r5_curve_options/v5r5_useful_smoothed_curve_gallery.svg,attachments/03_original_figures/figures_workspace/v5r5_curve_options/v5r5_useful_smoothed_curve_gallery.svg,94171,2026-04-28T21:48:32,
original_figure,workspace_original_figure,figures/v5r5_total_pressure_options/v5r5_total_pressure_by_coarse_depth.pdf,attachments/03_original_figures/figures_workspace/v5r5_total_pressure_options/v5r5_total_pressure_by_coarse_depth.pdf,49574,2026-04-28T21:54:39,
original_figure,workspace_original_figure,figures/v5r5_total_pressure_options/v5r5_total_pressure_by_coarse_depth.png,attachments/03_original_figures/figures_workspace/v5r5_total_pressure_options/v5r5_total_pressure_by_coarse_depth.png,176497,2026-04-28T21:54:38,
original_figure,workspace_original_figure,figures/v5r5_total_pressure_options/v5r5_total_pressure_by_coarse_depth.svg,attachments/03_original_figures/figures_workspace/v5r5_total_pressure_options/v5r5_total_pressure_by_coarse_depth.svg,45960,2026-04-28T21:54:38,
original_figure,workspace_original_figure,figures/v5r5_total_pressure_options/v5r5_total_pressure_by_size.pdf,attachments/03_original_figures/figures_workspace/v5r5_total_pressure_options/v5r5_total_pressure_by_size.pdf,41304,2026-04-28T21:54:39,
original_figure,workspace_original_figure,figures/v5r5_total_pressure_options/v5r5_total_pressure_by_size.png,attachments/03_original_figures/figures_workspace/v5r5_total_pressure_options/v5r5_total_pressure_by_size.png,214195,2026-04-28T21:54:39,
original_figure,workspace_original_figure,figures/v5r5_total_pressure_options/v5r5_total_pressure_by_size.svg,attachments/03_original_figures/figures_workspace/v5r5_total_pressure_options/v5r5_total_pressure_by_size.svg,25642,2026-04-28T21:54:39,
original_figure,workspace_original_figure,figures/v5r5_total_pressure_options/v5r5_total_pressure_curve_gallery.pdf,attachments/03_original_figures/figures_workspace/v5r5_total_pressure_options/v5r5_total_pressure_curve_gallery.pdf,73330,2026-04-28T21:54:42,
original_figure,workspace_original_figure,figures/v5r5_total_pressure_options/v5r5_total_pressure_curve_gallery.png,attachments/03_original_figures/figures_workspace/v5r5_total_pressure_options/v5r5_total_pressure_curve_gallery.png,694212,2026-04-28T21:54:41,
original_figure,workspace_original_figure,figures/v5r5_total_pressure_options/v5r5_total_pressure_curve_gallery.svg,attachments/03_original_figures/figures_workspace/v5r5_total_pressure_options/v5r5_total_pressure_curve_gallery.svg,126200,2026-04-28T21:54:42,
original_figure,workspace_original_figure,figures/v5r5_total_pressure_options/v5r5_total_pressure_curve_manifest.json,attachments/03_original_figures/figures_workspace/v5r5_total_pressure_options/v5r5_total_pressure_curve_manifest.json,530,2026-04-28T21:54:42,
original_figure,workspace_original_figure,figures/v5r5_total_pressure_options/v5r5_total_pressure_peak_size_depth_lines.pdf,attachments/03_original_figures/figures_workspace/v5r5_total_pressure_options/v5r5_total_pressure_peak_size_depth_lines.pdf,42794,2026-04-28T21:54:41,
original_figure,workspace_original_figure,figures/v5r5_total_pressure_options/v5r5_total_pressure_peak_size_depth_lines.png,attachments/03_original_figures/figures_workspace/v5r5_total_pressure_options/v5r5_total_pressure_peak_size_depth_lines.png,246432,2026-04-28T21:54:41,
original_figure,workspace_original_figure,figures/v5r5_total_pressure_options/v5r5_total_pressure_peak_size_depth_lines.svg,attachments/03_original_figures/figures_workspace/v5r5_total_pressure_options/v5r5_total_pressure_peak_size_depth_lines.svg,23327,2026-04-28T21:54:41,
original_figure,workspace_original_figure,figures/v5r5_total_pressure_options/v5r5_total_pressure_positive_vs_nonpositive.pdf,attachments/03_original_figures/figures_workspace/v5r5_total_pressure_options/v5r5_total_pressure_positive_vs_nonpositive.pdf,44762,2026-04-28T21:54:38,
original_figure,workspace_original_figure,figures/v5r5_total_pressure_options/v5r5_total_pressure_positive_vs_nonpositive.png,attachments/03_original_figures/figures_workspace/v5r5_total_pressure_options/v5r5_total_pressure_positive_vs_nonpositive.png,149382,2026-04-28T21:54:38,
original_figure,workspace_original_figure,figures/v5r5_total_pressure_options/v5r5_total_pressure_positive_vs_nonpositive.svg,attachments/03_original_figures/figures_workspace/v5r5_total_pressure_options/v5r5_total_pressure_positive_vs_nonpositive.svg,30873,2026-04-28T21:54:38,
original_figure,workspace_original_figure,figures/v5r5_total_pressure_options/v5r5_total_pressure_size_curves_by_depth_panel.pdf,attachments/03_original_figures/figures_workspace/v5r5_total_pressure_options/v5r5_total_pressure_size_curves_by_depth_panel.pdf,60082,2026-04-28T21:54:40,
original_figure,workspace_original_figure,figures/v5r5_total_pressure_options/v5r5_total_pressure_size_curves_by_depth_panel.png,attachments/03_original_figures/figures_workspace/v5r5_total_pressure_options/v5r5_total_pressure_size_curves_by_depth_panel.png,695556,2026-04-28T21:54:40,
original_figure,workspace_original_figure,figures/v5r5_total_pressure_options/v5r5_total_pressure_size_curves_by_depth_panel.svg,attachments/03_original_figures/figures_workspace/v5r5_total_pressure_options/v5r5_total_pressure_size_curves_by_depth_panel.svg,100969,2026-04-28T21:54:40,
original_table,paper_original_table,paper/tables/table_algorithm_hparams.tex,attachments/04_original_tables/paper_tables/table_algorithm_hparams.tex,1705,2026-04-27T16:58:12,
original_table,paper_original_table,paper/tables/table_baseline_shortlist_compact25.tex,attachments/04_original_tables/paper_tables/table_baseline_shortlist_compact25.tex,721,2026-04-09T10:52:24,
original_table,paper_original_table,paper/tables/table_dataset_split_stagewise.tex,attachments/04_original_tables/paper_tables/table_dataset_split_stagewise.tex,572,2026-04-09T10:52:24,
original_table,paper_original_table,paper/tables/table_feature_significance_summary.tex,attachments/04_original_tables/paper_tables/table_feature_significance_summary.tex,1455,2026-04-09T10:52:24,
original_table,paper_original_table,paper/tables/table_protocol.tex,attachments/04_original_tables/paper_tables/table_protocol.tex,1122,2026-04-09T10:52:24,
original_table,paper_original_table,paper/tables/table_stage3_route_comparison.tex,attachments/04_original_tables/paper_tables/table_stage3_route_comparison.tex,566,2026-04-09T10:52:24,
original_table,paper_original_table,paper/tables/table_triplet_head_error_summary.tex,attachments/04_original_tables/paper_tables/table_triplet_head_error_summary.tex,567,2026-04-09T10:52:24,
original_table,paper_original_table,paper/tables/table_xgb_vs_dl_tbme.tex,attachments/04_original_tables/paper_tables/table_xgb_vs_dl_tbme.tex,1064,2026-04-09T10:52:24,
original_table,paper_original_table,paper/manuscript/tables/table_algorithm_hparams.tex,attachments/04_original_tables/manuscript_tables/table_algorithm_hparams.tex,2304,2026-04-12T16:10:48,
original_table,paper_original_table,paper/manuscript/tables/table_stage3_route_comparison.tex,attachments/04_original_tables/manuscript_tables/table_stage3_route_comparison.tex,552,2026-04-12T16:10:52,
latex_table_preview,table_preview,paper/tables/table_algorithm_hparams.tex,attachments/04_original_tables/converted_previews/table_algorithm_hparams.txt,1705,2026-04-27T16:58:12,LaTeX 表格转写文本预览
latex_table_preview,table_preview,paper/tables/table_algorithm_hparams.tex,attachments/04_original_tables/converted_previews/table_algorithm_hparams.csv,1705,2026-04-27T16:58:12,LaTeX 表格转写 CSV 预览
latex_table_preview,table_preview,paper/tables/table_baseline_shortlist_compact25.tex,attachments/04_original_tables/converted_previews/table_baseline_shortlist_compact25.txt,721,2026-04-09T10:52:24,LaTeX 表格转写文本预览
latex_table_preview,table_preview,paper/tables/table_baseline_shortlist_compact25.tex,attachments/04_original_tables/converted_previews/table_baseline_shortlist_compact25.csv,721,2026-04-09T10:52:24,LaTeX 表格转写 CSV 预览
latex_table_preview,table_preview,paper/tables/table_dataset_split_stagewise.tex,attachments/04_original_tables/converted_previews/table_dataset_split_stagewise.txt,572,2026-04-09T10:52:24,LaTeX 表格转写文本预览
latex_table_preview,table_preview,paper/tables/table_dataset_split_stagewise.tex,attachments/04_original_tables/converted_previews/table_dataset_split_stagewise.csv,572,2026-04-09T10:52:24,LaTeX 表格转写 CSV 预览
latex_table_preview,table_preview,paper/tables/table_feature_significance_summary.tex,attachments/04_original_tables/converted_previews/table_feature_significance_summary.txt,1455,2026-04-09T10:52:24,LaTeX 表格转写文本预览
latex_table_preview,table_preview,paper/tables/table_feature_significance_summary.tex,attachments/04_original_tables/converted_previews/table_feature_significance_summary.csv,1455,2026-04-09T10:52:24,LaTeX 表格转写 CSV 预览
latex_table_preview,table_preview,paper/tables/table_protocol.tex,attachments/04_original_tables/converted_previews/table_protocol.txt,1122,2026-04-09T10:52:24,LaTeX 表格转写文本预览
latex_table_preview,table_preview,paper/tables/table_protocol.tex,attachments/04_original_tables/converted_previews/table_protocol.csv,1122,2026-04-09T10:52:24,LaTeX 表格转写 CSV 预览
latex_table_preview,table_preview,paper/tables/table_stage3_route_comparison.tex,attachments/04_original_tables/converted_previews/table_stage3_route_comparison.txt,566,2026-04-09T10:52:24,LaTeX 表格转写文本预览
latex_table_preview,table_preview,paper/tables/table_stage3_route_comparison.tex,attachments/04_original_tables/converted_previews/table_stage3_route_comparison.csv,566,2026-04-09T10:52:24,LaTeX 表格转写 CSV 预览
latex_table_preview,table_preview,paper/tables/table_triplet_head_error_summary.tex,attachments/04_original_tables/converted_previews/table_triplet_head_error_summary.txt,567,2026-04-09T10:52:24,LaTeX 表格转写文本预览
latex_table_preview,table_preview,paper/tables/table_triplet_head_error_summary.tex,attachments/04_original_tables/converted_previews/table_triplet_head_error_summary.csv,567,2026-04-09T10:52:24,LaTeX 表格转写 CSV 预览
latex_table_preview,table_preview,paper/tables/table_xgb_vs_dl_tbme.tex,attachments/04_original_tables/converted_previews/table_xgb_vs_dl_tbme.txt,1064,2026-04-09T10:52:24,LaTeX 表格转写文本预览
latex_table_preview,table_preview,paper/tables/table_xgb_vs_dl_tbme.tex,attachments/04_original_tables/converted_previews/table_xgb_vs_dl_tbme.csv,1064,2026-04-09T10:52:24,LaTeX 表格转写 CSV 预览
raw_data,raw_tactile_data,data/raw_tactile_data/detection_config.json,attachments/05_data_and_metrics/raw_tactile_data/detection_config.json,134,2026-04-09T16:09:33,
raw_data,raw_tactile_data,data/raw_tactile_data/manual_keyframe_labels_file2.json,attachments/05_data_and_metrics/raw_tactile_data/manual_keyframe_labels_file2.json,11632,2026-04-09T16:09:33,
raw_data,raw_tactile_data,data/raw_tactile_data/manual_keyframe_labels_file3.backup_before_restore_20260407.json,attachments/05_data_and_metrics/raw_tactile_data/manual_keyframe_labels_file3.backup_before_restore_20260407.json,10680,2026-04-09T16:09:33,
raw_data,raw_tactile_data,data/raw_tactile_data/manual_keyframe_labels_file3.json,attachments/05_data_and_metrics/raw_tactile_data/manual_keyframe_labels_file3.json,41958,2026-04-09T16:09:33,
raw_data,raw_tactile_data,data/raw_tactile_data/0.25cm大/0.5cm深/1.CSV,attachments/05_data_and_metrics/raw_tactile_data/0.25cm大/0.5cm深/1.CSV,165945,2026-04-09T16:09:32,
raw_data,raw_tactile_data,data/raw_tactile_data/0.25cm大/0.5cm深/2.CSV,attachments/05_data_and_metrics/raw_tactile_data/0.25cm大/0.5cm深/2.CSV,429300,2026-04-09T16:09:32,
raw_data,raw_tactile_data,data/raw_tactile_data/0.25cm大/0.5cm深/3.CSV,attachments/05_data_and_metrics/raw_tactile_data/0.25cm大/0.5cm深/3.CSV,429036,2026-04-09T16:09:32,
raw_data,raw_tactile_data,data/raw_tactile_data/0.25cm大/1.0cm深/1.CSV,attachments/05_data_and_metrics/raw_tactile_data/0.25cm大/1.0cm深/1.CSV,163868,2026-04-09T16:09:32,
raw_data,raw_tactile_data,data/raw_tactile_data/0.25cm大/1.0cm深/2.CSV,attachments/05_data_and_metrics/raw_tactile_data/0.25cm大/1.0cm深/2.CSV,425444,2026-04-09T16:09:32,
raw_data,raw_tactile_data,data/raw_tactile_data/0.25cm大/1.0cm深/3.CSV,attachments/05_data_and_metrics/raw_tactile_data/0.25cm大/1.0cm深/3.CSV,425732,2026-04-09T16:09:32,
raw_data,raw_tactile_data,data/raw_tactile_data/0.25cm大/1.5cm深/1.CSV,attachments/05_data_and_metrics/raw_tactile_data/0.25cm大/1.5cm深/1.CSV,469743,2026-04-09T16:09:32,
raw_data,raw_tactile_data,data/raw_tactile_data/0.25cm大/1.5cm深/2.CSV,attachments/05_data_and_metrics/raw_tactile_data/0.25cm大/1.5cm深/2.CSV,1207518,2026-04-09T16:09:32,
raw_data,raw_tactile_data,data/raw_tactile_data/0.25cm大/1.5cm深/3.CSV,attachments/05_data_and_metrics/raw_tactile_data/0.25cm大/1.5cm深/3.CSV,1209853,2026-04-09T16:09:32,
raw_data,raw_tactile_data,data/raw_tactile_data/0.25cm大/2.0cm深/1.CSV,attachments/05_data_and_metrics/raw_tactile_data/0.25cm大/2.0cm深/1.CSV,125750,2026-04-09T16:09:32,
raw_data,raw_tactile_data,data/raw_tactile_data/0.25cm大/2.0cm深/2.CSV,attachments/05_data_and_metrics/raw_tactile_data/0.25cm大/2.0cm深/2.CSV,306085,2026-04-09T16:09:32,
raw_data,raw_tactile_data,data/raw_tactile_data/0.25cm大/2.0cm深/3.CSV,attachments/05_data_and_metrics/raw_tactile_data/0.25cm大/2.0cm深/3.CSV,306066,2026-04-09T16:09:32,
raw_data,raw_tactile_data,data/raw_tactile_data/0.25cm大/2.5cm深/1.CSV,attachments/05_data_and_metrics/raw_tactile_data/0.25cm大/2.5cm深/1.CSV,263166,2026-04-09T16:09:32,
raw_data,raw_tactile_data,data/raw_tactile_data/0.25cm大/2.5cm深/2.CSV,attachments/05_data_and_metrics/raw_tactile_data/0.25cm大/2.5cm深/2.CSV,681236,2026-04-09T16:09:32,
raw_data,raw_tactile_data,data/raw_tactile_data/0.25cm大/2.5cm深/3.CSV,attachments/05_data_and_metrics/raw_tactile_data/0.25cm大/2.5cm深/3.CSV,680934,2026-04-09T16:09:32,
raw_data,raw_tactile_data,data/raw_tactile_data/0.25cm大/3.0cm深/1.CSV,attachments/05_data_and_metrics/raw_tactile_data/0.25cm大/3.0cm深/1.CSV,110041,2026-04-09T16:09:32,
raw_data,raw_tactile_data,data/raw_tactile_data/0.25cm大/3.0cm深/2.CSV,attachments/05_data_and_metrics/raw_tactile_data/0.25cm大/3.0cm深/2.CSV,279553,2026-04-09T16:09:32,
raw_data,raw_tactile_data,data/raw_tactile_data/0.25cm大/3.0cm深/3.CSV,attachments/05_data_and_metrics/raw_tactile_data/0.25cm大/3.0cm深/3.CSV,279523,2026-04-09T16:09:32,
raw_data,raw_tactile_data,data/raw_tactile_data/0.5cm大/0.5cm深/1.CSV,attachments/05_data_and_metrics/raw_tactile_data/0.5cm大/0.5cm深/1.CSV,86789,2026-04-09T16:09:32,
raw_data,raw_tactile_data,data/raw_tactile_data/0.5cm大/0.5cm深/2.CSV,attachments/05_data_and_metrics/raw_tactile_data/0.5cm大/0.5cm深/2.CSV,100681,2026-04-09T16:09:32,
raw_data,raw_tactile_data,data/raw_tactile_data/0.5cm大/0.5cm深/3.CSV,attachments/05_data_and_metrics/raw_tactile_data/0.5cm大/0.5cm深/3.CSV,74769,2026-04-09T16:09:32,
raw_data,raw_tactile_data,data/raw_tactile_data/0.5cm大/1.0cm深/1.CSV,attachments/05_data_and_metrics/raw_tactile_data/0.5cm大/1.0cm深/1.CSV,249613,2026-04-09T16:09:32,
raw_data,raw_tactile_data,data/raw_tactile_data/0.5cm大/1.0cm深/2.CSV,attachments/05_data_and_metrics/raw_tactile_data/0.5cm大/1.0cm深/2.CSV,66864,2026-04-09T16:09:32,
raw_data,raw_tactile_data,data/raw_tactile_data/0.5cm大/1.0cm深/3.CSV,attachments/05_data_and_metrics/raw_tactile_data/0.5cm大/1.0cm深/3.CSV,484197,2026-04-09T16:09:32,
raw_data,raw_tactile_data,data/raw_tactile_data/0.5cm大/1.5cm深/1.CSV,attachments/05_data_and_metrics/raw_tactile_data/0.5cm大/1.5cm深/1.CSV,125620,2026-04-09T16:09:32,
raw_data,raw_tactile_data,data/raw_tactile_data/0.5cm大/1.5cm深/2.CSV,attachments/05_data_and_metrics/raw_tactile_data/0.5cm大/1.5cm深/2.CSV,98017,2026-04-09T16:09:32,
raw_data,raw_tactile_data,data/raw_tactile_data/0.5cm大/1.5cm深/3.CSV,attachments/05_data_and_metrics/raw_tactile_data/0.5cm大/1.5cm深/3.CSV,150343,2026-04-09T16:09:32,
raw_data,raw_tactile_data,data/raw_tactile_data/0.5cm大/2.0cm深/1.CSV,attachments/05_data_and_metrics/raw_tactile_data/0.5cm大/2.0cm深/1.CSV,218691,2026-04-09T16:09:32,
raw_data,raw_tactile_data,data/raw_tactile_data/0.5cm大/2.0cm深/2.CSV,attachments/05_data_and_metrics/raw_tactile_data/0.5cm大/2.0cm深/2.CSV,590758,2026-04-09T16:09:32,
raw_data,raw_tactile_data,data/raw_tactile_data/0.5cm大/2.0cm深/3.CSV,attachments/05_data_and_metrics/raw_tactile_data/0.5cm大/2.0cm深/3.CSV,171455,2026-04-09T16:09:32,
raw_data,raw_tactile_data,data/raw_tactile_data/0.5cm大/2.5cm深/1.CSV,attachments/05_data_and_metrics/raw_tactile_data/0.5cm大/2.5cm深/1.CSV,179681,2026-04-09T16:09:32,
raw_data,raw_tactile_data,data/raw_tactile_data/0.5cm大/2.5cm深/2.CSV,attachments/05_data_and_metrics/raw_tactile_data/0.5cm大/2.5cm深/2.CSV,194670,2026-04-09T16:09:32,
raw_data,raw_tactile_data,data/raw_tactile_data/0.5cm大/2.5cm深/3.CSV,attachments/05_data_and_metrics/raw_tactile_data/0.5cm大/2.5cm深/3.CSV,183060,2026-04-09T16:09:32,
raw_data,raw_tactile_data,data/raw_tactile_data/0.5cm大/3.0cm深/1.CSV,attachments/05_data_and_metrics/raw_tactile_data/0.5cm大/3.0cm深/1.CSV,104144,2026-04-09T16:09:32,
raw_data,raw_tactile_data,data/raw_tactile_data/0.5cm大/3.0cm深/2.CSV,attachments/05_data_and_metrics/raw_tactile_data/0.5cm大/3.0cm深/2.CSV,163153,2026-04-09T16:09:32,
raw_data,raw_tactile_data,data/raw_tactile_data/0.5cm大/3.0cm深/3.CSV,attachments/05_data_and_metrics/raw_tactile_data/0.5cm大/3.0cm深/3.CSV,80318,2026-04-09T16:09:32,
raw_data,raw_tactile_data,data/raw_tactile_data/0.75cm大/0.5cm深/1.CSV,attachments/05_data_and_metrics/raw_tactile_data/0.75cm大/0.5cm深/1.CSV,112857,2026-04-09T16:09:32,
raw_data,raw_tactile_data,data/raw_tactile_data/0.75cm大/0.5cm深/2.CSV,attachments/05_data_and_metrics/raw_tactile_data/0.75cm大/0.5cm深/2.CSV,122765,2026-04-09T16:09:32,
raw_data,raw_tactile_data,data/raw_tactile_data/0.75cm大/0.5cm深/3.CSV,attachments/05_data_and_metrics/raw_tactile_data/0.75cm大/0.5cm深/3.CSV,111992,2026-04-09T16:09:32,
raw_data,raw_tactile_data,data/raw_tactile_data/0.75cm大/1.0cm深/1.CSV,attachments/05_data_and_metrics/raw_tactile_data/0.75cm大/1.0cm深/1.CSV,105832,2026-04-09T16:09:32,
raw_data,raw_tactile_data,data/raw_tactile_data/0.75cm大/1.0cm深/2.CSV,attachments/05_data_and_metrics/raw_tactile_data/0.75cm大/1.0cm深/2.CSV,97096,2026-04-09T16:09:32,
raw_data,raw_tactile_data,data/raw_tactile_data/0.75cm大/1.0cm深/3.CSV,attachments/05_data_and_metrics/raw_tactile_data/0.75cm大/1.0cm深/3.CSV,88659,2026-04-09T16:09:32,
raw_data,raw_tactile_data,data/raw_tactile_data/0.75cm大/1.5cm深/1.CSV,attachments/05_data_and_metrics/raw_tactile_data/0.75cm大/1.5cm深/1.CSV,108236,2026-04-09T16:09:32,
raw_data,raw_tactile_data,data/raw_tactile_data/0.75cm大/1.5cm深/2.CSV,attachments/05_data_and_metrics/raw_tactile_data/0.75cm大/1.5cm深/2.CSV,102225,2026-04-09T16:09:32,
raw_data,raw_tactile_data,data/raw_tactile_data/0.75cm大/1.5cm深/3.CSV,attachments/05_data_and_metrics/raw_tactile_data/0.75cm大/1.5cm深/3.CSV,96120,2026-04-09T16:09:32,
raw_data,raw_tactile_data,data/raw_tactile_data/0.75cm大/2.5cm深/1.CSV,attachments/05_data_and_metrics/raw_tactile_data/0.75cm大/2.5cm深/1.CSV,118708,2026-04-09T16:09:32,
raw_data,raw_tactile_data,data/raw_tactile_data/0.75cm大/2.5cm深/2.CSV,attachments/05_data_and_metrics/raw_tactile_data/0.75cm大/2.5cm深/2.CSV,112196,2026-04-09T16:09:32,
raw_data,raw_tactile_data,data/raw_tactile_data/0.75cm大/2.5cm深/3.CSV,attachments/05_data_and_metrics/raw_tactile_data/0.75cm大/2.5cm深/3.CSV,136113,2026-04-09T16:09:32,
raw_data,raw_tactile_data,data/raw_tactile_data/0.75cm大/2cm深/1.CSV,attachments/05_data_and_metrics/raw_tactile_data/0.75cm大/2cm深/1.CSV,108041,2026-04-09T16:09:32,
raw_data,raw_tactile_data,data/raw_tactile_data/0.75cm大/2cm深/2.CSV,attachments/05_data_and_metrics/raw_tactile_data/0.75cm大/2cm深/2.CSV,103963,2026-04-09T16:09:32,
raw_data,raw_tactile_data,data/raw_tactile_data/0.75cm大/2cm深/3.CSV,attachments/05_data_and_metrics/raw_tactile_data/0.75cm大/2cm深/3.CSV,233562,2026-04-09T16:09:32,
raw_data,raw_tactile_data,data/raw_tactile_data/0.75cm大/3.0cm深/1.CSV,attachments/05_data_and_metrics/raw_tactile_data/0.75cm大/3.0cm深/1.CSV,99421,2026-04-09T16:09:32,
raw_data,raw_tactile_data,data/raw_tactile_data/0.75cm大/3.0cm深/2.CSV,attachments/05_data_and_metrics/raw_tactile_data/0.75cm大/3.0cm深/2.CSV,108320,2026-04-09T16:09:32,
raw_data,raw_tactile_data,data/raw_tactile_data/0.75cm大/3.0cm深/3.CSV,attachments/05_data_and_metrics/raw_tactile_data/0.75cm大/3.0cm深/3.CSV,86306,2026-04-09T16:09:32,
raw_data,raw_tactile_data,data/raw_tactile_data/1.25cm大/0.5cm深/1.CSV,attachments/05_data_and_metrics/raw_tactile_data/1.25cm大/0.5cm深/1.CSV,113758,2026-04-09T16:09:32,
raw_data,raw_tactile_data,data/raw_tactile_data/1.25cm大/0.5cm深/2.CSV,attachments/05_data_and_metrics/raw_tactile_data/1.25cm大/0.5cm深/2.CSV,116165,2026-04-09T16:09:32,
raw_data,raw_tactile_data,data/raw_tactile_data/1.25cm大/0.5cm深/3.CSV,attachments/05_data_and_metrics/raw_tactile_data/1.25cm大/0.5cm深/3.CSV,108302,2026-04-09T16:09:32,
raw_data,raw_tactile_data,data/raw_tactile_data/1.25cm大/1.5cm深/1.CSV,attachments/05_data_and_metrics/raw_tactile_data/1.25cm大/1.5cm深/1.CSV,100841,2026-04-09T16:09:32,
raw_data,raw_tactile_data,data/raw_tactile_data/1.25cm大/1.5cm深/2.CSV,attachments/05_data_and_metrics/raw_tactile_data/1.25cm大/1.5cm深/2.CSV,93515,2026-04-09T16:09:32,
raw_data,raw_tactile_data,data/raw_tactile_data/1.25cm大/1.5cm深/3.CSV,attachments/05_data_and_metrics/raw_tactile_data/1.25cm大/1.5cm深/3.CSV,101336,2026-04-09T16:09:32,
raw_data,raw_tactile_data,data/raw_tactile_data/1.25cm大/1cm深/1.CSV,attachments/05_data_and_metrics/raw_tactile_data/1.25cm大/1cm深/1.CSV,105537,2026-04-09T16:09:32,
raw_data,raw_tactile_data,data/raw_tactile_data/1.25cm大/1cm深/2.CSV,attachments/05_data_and_metrics/raw_tactile_data/1.25cm大/1cm深/2.CSV,105345,2026-04-09T16:09:32,
raw_data,raw_tactile_data,data/raw_tactile_data/1.25cm大/1cm深/3.CSV,attachments/05_data_and_metrics/raw_tactile_data/1.25cm大/1cm深/3.CSV,114662,2026-04-09T16:09:32,
raw_data,raw_tactile_data,data/raw_tactile_data/1.25cm大/2.5cm深/1.CSV,attachments/05_data_and_metrics/raw_tactile_data/1.25cm大/2.5cm深/1.CSV,96399,2026-04-09T16:09:32,
raw_data,raw_tactile_data,data/raw_tactile_data/1.25cm大/2.5cm深/2.CSV,attachments/05_data_and_metrics/raw_tactile_data/1.25cm大/2.5cm深/2.CSV,97280,2026-04-09T16:09:32,
raw_data,raw_tactile_data,data/raw_tactile_data/1.25cm大/2.5cm深/3.CSV,attachments/05_data_and_metrics/raw_tactile_data/1.25cm大/2.5cm深/3.CSV,96018,2026-04-09T16:09:32,
raw_data,raw_tactile_data,data/raw_tactile_data/1.25cm大/2cm深/1.CSV,attachments/05_data_and_metrics/raw_tactile_data/1.25cm大/2cm深/1.CSV,96211,2026-04-09T16:09:32,
raw_data,raw_tactile_data,data/raw_tactile_data/1.25cm大/2cm深/2.CSV,attachments/05_data_and_metrics/raw_tactile_data/1.25cm大/2cm深/2.CSV,104592,2026-04-09T16:09:32,
raw_data,raw_tactile_data,data/raw_tactile_data/1.25cm大/2cm深/3.CSV,attachments/05_data_and_metrics/raw_tactile_data/1.25cm大/2cm深/3.CSV,90287,2026-04-09T16:09:32,
raw_data,raw_tactile_data,data/raw_tactile_data/1.25cm大/3cm深/1.CSV,attachments/05_data_and_metrics/raw_tactile_data/1.25cm大/3cm深/1.CSV,100398,2026-04-09T16:09:32,
raw_data,raw_tactile_data,data/raw_tactile_data/1.25cm大/3cm深/2.CSV,attachments/05_data_and_metrics/raw_tactile_data/1.25cm大/3cm深/2.CSV,104086,2026-04-09T16:09:32,
raw_data,raw_tactile_data,data/raw_tactile_data/1.25cm大/3cm深/3.CSV,attachments/05_data_and_metrics/raw_tactile_data/1.25cm大/3cm深/3.CSV,95084,2026-04-09T16:09:32,
raw_data,raw_tactile_data,data/raw_tactile_data/1.5cm大/0.5cm深/1.CSV,attachments/05_data_and_metrics/raw_tactile_data/1.5cm大/0.5cm深/1.CSV,178702,2026-04-09T16:09:32,
raw_data,raw_tactile_data,data/raw_tactile_data/1.5cm大/0.5cm深/2.CSV,attachments/05_data_and_metrics/raw_tactile_data/1.5cm大/0.5cm深/2.CSV,109853,2026-04-09T16:09:33,
raw_data,raw_tactile_data,data/raw_tactile_data/1.5cm大/0.5cm深/3.CSV,attachments/05_data_and_metrics/raw_tactile_data/1.5cm大/0.5cm深/3.CSV,129107,2026-04-09T16:09:33,
raw_data,raw_tactile_data,data/raw_tactile_data/1.5cm大/1.0cm深/1.CSV,attachments/05_data_and_metrics/raw_tactile_data/1.5cm大/1.0cm深/1.CSV,131087,2026-04-09T16:09:33,
raw_data,raw_tactile_data,data/raw_tactile_data/1.5cm大/1.0cm深/2.CSV,attachments/05_data_and_metrics/raw_tactile_data/1.5cm大/1.0cm深/2.CSV,125934,2026-04-09T16:09:33,
raw_data,raw_tactile_data,data/raw_tactile_data/1.5cm大/1.0cm深/3.CSV,attachments/05_data_and_metrics/raw_tactile_data/1.5cm大/1.0cm深/3.CSV,113824,2026-04-09T16:09:33,
raw_data,raw_tactile_data,data/raw_tactile_data/1.5cm大/1.5cm深/1.CSV,attachments/05_data_and_metrics/raw_tactile_data/1.5cm大/1.5cm深/1.CSV,121523,2026-04-09T16:09:33,
raw_data,raw_tactile_data,data/raw_tactile_data/1.5cm大/1.5cm深/2.CSV,attachments/05_data_and_metrics/raw_tactile_data/1.5cm大/1.5cm深/2.CSV,104623,2026-04-09T16:09:33,
raw_data,raw_tactile_data,data/raw_tactile_data/1.5cm大/1.5cm深/3.CSV,attachments/05_data_and_metrics/raw_tactile_data/1.5cm大/1.5cm深/3.CSV,116793,2026-04-09T16:09:33,
raw_data,raw_tactile_data,data/raw_tactile_data/1.5cm大/2.0cm深/1.CSV,attachments/05_data_and_metrics/raw_tactile_data/1.5cm大/2.0cm深/1.CSV,108227,2026-04-09T16:09:33,
raw_data,raw_tactile_data,data/raw_tactile_data/1.5cm大/2.0cm深/2.CSV,attachments/05_data_and_metrics/raw_tactile_data/1.5cm大/2.0cm深/2.CSV,112301,2026-04-09T16:09:33,
raw_data,raw_tactile_data,data/raw_tactile_data/1.5cm大/2.0cm深/3.CSV,attachments/05_data_and_metrics/raw_tactile_data/1.5cm大/2.0cm深/3.CSV,308061,2026-04-09T16:09:33,
raw_data,raw_tactile_data,data/raw_tactile_data/1.5cm大/2.5cm深/1.CSV,attachments/05_data_and_metrics/raw_tactile_data/1.5cm大/2.5cm深/1.CSV,105073,2026-04-09T16:09:33,
raw_data,raw_tactile_data,data/raw_tactile_data/1.5cm大/2.5cm深/2.CSV,attachments/05_data_and_metrics/raw_tactile_data/1.5cm大/2.5cm深/2.CSV,94753,2026-04-09T16:09:33,
raw_data,raw_tactile_data,data/raw_tactile_data/1.5cm大/2.5cm深/3.CSV,attachments/05_data_and_metrics/raw_tactile_data/1.5cm大/2.5cm深/3.CSV,113624,2026-04-09T16:09:33,
raw_data,raw_tactile_data,data/raw_tactile_data/1.5cm大/3.0cm深/1.CSV,attachments/05_data_and_metrics/raw_tactile_data/1.5cm大/3.0cm深/1.CSV,105096,2026-04-09T16:09:33,
raw_data,raw_tactile_data,data/raw_tactile_data/1.5cm大/3.0cm深/2.CSV,attachments/05_data_and_metrics/raw_tactile_data/1.5cm大/3.0cm深/2.CSV,91984,2026-04-09T16:09:33,
raw_data,raw_tactile_data,data/raw_tactile_data/1.5cm大/3.0cm深/3.CSV,attachments/05_data_and_metrics/raw_tactile_data/1.5cm大/3.0cm深/3.CSV,93300,2026-04-09T16:09:33,
raw_data,raw_tactile_data,data/raw_tactile_data/1.75cm大/0.5cm深/1.CSV,attachments/05_data_and_metrics/raw_tactile_data/1.75cm大/0.5cm深/1.CSV,82389,2026-04-09T16:09:33,
raw_data,raw_tactile_data,data/raw_tactile_data/1.75cm大/0.5cm深/2.CSV,attachments/05_data_and_metrics/raw_tactile_data/1.75cm大/0.5cm深/2.CSV,83448,2026-04-09T16:09:33,
raw_data,raw_tactile_data,data/raw_tactile_data/1.75cm大/0.5cm深/3.CSV,attachments/05_data_and_metrics/raw_tactile_data/1.75cm大/0.5cm深/3.CSV,81972,2026-04-09T16:09:33,
raw_data,raw_tactile_data,data/raw_tactile_data/1.75cm大/1.5cm深/1.CSV,attachments/05_data_and_metrics/raw_tactile_data/1.75cm大/1.5cm深/1.CSV,98749,2026-04-09T16:09:33,
raw_data,raw_tactile_data,data/raw_tactile_data/1.75cm大/1.5cm深/2.CSV,attachments/05_data_and_metrics/raw_tactile_data/1.75cm大/1.5cm深/2.CSV,102478,2026-04-09T16:09:33,
raw_data,raw_tactile_data,data/raw_tactile_data/1.75cm大/1.5cm深/3.CSV,attachments/05_data_and_metrics/raw_tactile_data/1.75cm大/1.5cm深/3.CSV,102679,2026-04-09T16:09:33,
raw_data,raw_tactile_data,data/raw_tactile_data/1.75cm大/1cm深/1.CSV,attachments/05_data_and_metrics/raw_tactile_data/1.75cm大/1cm深/1.CSV,87028,2026-04-09T16:09:33,
raw_data,raw_tactile_data,data/raw_tactile_data/1.75cm大/1cm深/2.CSV,attachments/05_data_and_metrics/raw_tactile_data/1.75cm大/1cm深/2.CSV,89011,2026-04-09T16:09:33,
raw_data,raw_tactile_data,data/raw_tactile_data/1.75cm大/1cm深/3.CSV,attachments/05_data_and_metrics/raw_tactile_data/1.75cm大/1cm深/3.CSV,85354,2026-04-09T16:09:33,
raw_data,raw_tactile_data,data/raw_tactile_data/1.75cm大/2.5cm深/1.CSV,attachments/05_data_and_metrics/raw_tactile_data/1.75cm大/2.5cm深/1.CSV,103729,2026-04-09T16:09:33,
raw_data,raw_tactile_data,data/raw_tactile_data/1.75cm大/2.5cm深/2.CSV,attachments/05_data_and_metrics/raw_tactile_data/1.75cm大/2.5cm深/2.CSV,100893,2026-04-09T16:09:33,
raw_data,raw_tactile_data,data/raw_tactile_data/1.75cm大/2.5cm深/3.CSV,attachments/05_data_and_metrics/raw_tactile_data/1.75cm大/2.5cm深/3.CSV,109472,2026-04-09T16:09:33,
raw_data,raw_tactile_data,data/raw_tactile_data/1.75cm大/2cm深/1.CSV,attachments/05_data_and_metrics/raw_tactile_data/1.75cm大/2cm深/1.CSV,156335,2026-04-09T16:09:33,
raw_data,raw_tactile_data,data/raw_tactile_data/1.75cm大/2cm深/2.CSV,attachments/05_data_and_metrics/raw_tactile_data/1.75cm大/2cm深/2.CSV,218019,2026-04-09T16:09:33,
raw_data,raw_tactile_data,data/raw_tactile_data/1.75cm大/2cm深/3.CSV,attachments/05_data_and_metrics/raw_tactile_data/1.75cm大/2cm深/3.CSV,95400,2026-04-09T16:09:33,
raw_data,raw_tactile_data,data/raw_tactile_data/1.75cm大/3cm深/1.CSV,attachments/05_data_and_metrics/raw_tactile_data/1.75cm大/3cm深/1.CSV,104833,2026-04-09T16:09:33,
raw_data,raw_tactile_data,data/raw_tactile_data/1.75cm大/3cm深/2.CSV,attachments/05_data_and_metrics/raw_tactile_data/1.75cm大/3cm深/2.CSV,100839,2026-04-09T16:09:33,
raw_data,raw_tactile_data,data/raw_tactile_data/1.75cm大/3cm深/3.CSV,attachments/05_data_and_metrics/raw_tactile_data/1.75cm大/3cm深/3.CSV,102617,2026-04-09T16:09:33,
raw_data,raw_tactile_data,data/raw_tactile_data/1cm大/0.5cm深/1.CSV,attachments/05_data_and_metrics/raw_tactile_data/1cm大/0.5cm深/1.CSV,131896,2026-04-09T16:09:33,
raw_data,raw_tactile_data,data/raw_tactile_data/1cm大/0.5cm深/2.CSV,attachments/05_data_and_metrics/raw_tactile_data/1cm大/0.5cm深/2.CSV,167633,2026-04-09T16:09:33,
raw_data,raw_tactile_data,data/raw_tactile_data/1cm大/0.5cm深/3.CSV,attachments/05_data_and_metrics/raw_tactile_data/1cm大/0.5cm深/3.CSV,110496,2026-04-09T16:09:33,
raw_data,raw_tactile_data,data/raw_tactile_data/1cm大/1.0cm深/1.CSV,attachments/05_data_and_metrics/raw_tactile_data/1cm大/1.0cm深/1.CSV,62974,2026-04-09T16:09:33,
raw_data,raw_tactile_data,data/raw_tactile_data/1cm大/1.0cm深/2.CSV,attachments/05_data_and_metrics/raw_tactile_data/1cm大/1.0cm深/2.CSV,78995,2026-04-09T16:09:33,
raw_data,raw_tactile_data,data/raw_tactile_data/1cm大/1.0cm深/3.CSV,attachments/05_data_and_metrics/raw_tactile_data/1cm大/1.0cm深/3.CSV,51941,2026-04-09T16:09:33,
raw_data,raw_tactile_data,data/raw_tactile_data/1cm大/1.5cm深/1.CSV,attachments/05_data_and_metrics/raw_tactile_data/1cm大/1.5cm深/1.CSV,159335,2026-04-09T16:09:33,
raw_data,raw_tactile_data,data/raw_tactile_data/1cm大/1.5cm深/2.CSV,attachments/05_data_and_metrics/raw_tactile_data/1cm大/1.5cm深/2.CSV,165377,2026-04-09T16:09:33,
raw_data,raw_tactile_data,data/raw_tactile_data/1cm大/1.5cm深/3.CSV,attachments/05_data_and_metrics/raw_tactile_data/1cm大/1.5cm深/3.CSV,163949,2026-04-09T16:09:33,
raw_data,raw_tactile_data,data/raw_tactile_data/1cm大/2.0cm深/1.CSV,attachments/05_data_and_metrics/raw_tactile_data/1cm大/2.0cm深/1.CSV,169021,2026-04-09T16:09:33,
raw_data,raw_tactile_data,data/raw_tactile_data/1cm大/2.0cm深/2.CSV,attachments/05_data_and_metrics/raw_tactile_data/1cm大/2.0cm深/2.CSV,165200,2026-04-09T16:09:33,
raw_data,raw_tactile_data,data/raw_tactile_data/1cm大/2.0cm深/3.CSV,attachments/05_data_and_metrics/raw_tactile_data/1cm大/2.0cm深/3.CSV,174761,2026-04-09T16:09:33,
raw_data,raw_tactile_data,data/raw_tactile_data/1cm大/2.5cm深/1.CSV,attachments/05_data_and_metrics/raw_tactile_data/1cm大/2.5cm深/1.CSV,90103,2026-04-09T16:09:33,
raw_data,raw_tactile_data,data/raw_tactile_data/1cm大/2.5cm深/2.CSV,attachments/05_data_and_metrics/raw_tactile_data/1cm大/2.5cm深/2.CSV,93992,2026-04-09T16:09:33,
raw_data,raw_tactile_data,data/raw_tactile_data/1cm大/2.5cm深/3.CSV,attachments/05_data_and_metrics/raw_tactile_data/1cm大/2.5cm深/3.CSV,87641,2026-04-09T16:09:33,
raw_data,raw_tactile_data,data/raw_tactile_data/1cm大/3.0cm深/1.CSV,attachments/05_data_and_metrics/raw_tactile_data/1cm大/3.0cm深/1.CSV,123227,2026-04-09T16:09:33,
raw_data,raw_tactile_data,data/raw_tactile_data/1cm大/3.0cm深/2.CSV,attachments/05_data_and_metrics/raw_tactile_data/1cm大/3.0cm深/2.CSV,103501,2026-04-09T16:09:33,
raw_data,raw_tactile_data,data/raw_tactile_data/1cm大/3.0cm深/3.CSV,attachments/05_data_and_metrics/raw_tactile_data/1cm大/3.0cm深/3.CSV,139072,2026-04-09T16:09:33,
raw_data,raw_label_config,整理好的数据集/建表数据/detection_config.json,attachments/05_data_and_metrics/curated_dataset_key_files/detection_config.json,134,2026-04-09T16:09:34,整理好的数据集/建表数据 顶层配置和标签文件
raw_data,raw_label_config,整理好的数据集/建表数据/manual_keyframe_labels_file2.json,attachments/05_data_and_metrics/curated_dataset_key_files/manual_keyframe_labels_file2.json,11632,2026-04-09T16:09:34,整理好的数据集/建表数据 顶层配置和标签文件
raw_data,raw_label_config,整理好的数据集/建表数据/manual_keyframe_labels_file3.backup_before_auc_guided_20260426_110217.json,attachments/05_data_and_metrics/curated_dataset_key_files/manual_keyframe_labels_file3.backup_before_auc_guided_20260426_110217.json,10655,2026-04-26T10:47:03,整理好的数据集/建表数据 顶层配置和标签文件
raw_data,raw_label_config,整理好的数据集/建表数据/manual_keyframe_labels_file3.backup_before_restore_20260407.json,attachments/05_data_and_metrics/curated_dataset_key_files/manual_keyframe_labels_file3.backup_before_restore_20260407.json,10680,2026-04-09T16:09:34,整理好的数据集/建表数据 顶层配置和标签文件
raw_data,raw_label_config,整理好的数据集/建表数据/manual_keyframe_labels_file3.json,attachments/05_data_and_metrics/curated_dataset_key_files/manual_keyframe_labels_file3.json,11295,2026-04-26T10:50:44,整理好的数据集/建表数据 顶层配置和标签文件
analysis_output,analysis_output,analysis/outputs/label_review_0426_added_segments/manual_keyframe_labels_file3.0426_added_segments_review_working.json,attachments/05_data_and_metrics/analysis_outputs/label_review_0426_added_segments/manual_keyframe_labels_file3.0426_added_segments_review_working.json,11295,2026-04-26T21:34:30,
analysis_output,analysis_output,analysis/outputs/label_review_0426_added_segments/proposed_applied_add_only_20260426_105044.csv,attachments/05_data_and_metrics/analysis_outputs/label_review_0426_added_segments/proposed_applied_add_only_20260426_105044.csv,7730,2026-04-26T21:30:09,
analysis_output,analysis_output,analysis/outputs/label_review_0426_auc083_vs_auc09_diff/auc083_vs_auc09_added_intervals_for_manual_selector.csv,attachments/05_data_and_metrics/analysis_outputs/label_review_0426_auc083_vs_auc09_diff/auc083_vs_auc09_added_intervals_for_manual_selector.csv,7821,2026-04-26T21:32:39,
analysis_output,analysis_output,analysis/outputs/label_review_0426_auc083_vs_auc09_diff/auc083_vs_auc09_changed_groups.csv,attachments/05_data_and_metrics/analysis_outputs/label_review_0426_auc083_vs_auc09_diff/auc083_vs_auc09_changed_groups.csv,2371,2026-04-26T21:32:39,
analysis_output,analysis_output,analysis/outputs/label_review_0426_auc083_vs_auc09_diff/manual_keyframe_labels_file3.auc09_vs_auc083_review_working.json,attachments/05_data_and_metrics/analysis_outputs/label_review_0426_auc083_vs_auc09_diff/manual_keyframe_labels_file3.auc09_vs_auc083_review_working.json,11295,2026-04-26T21:33:31,
analysis_output,analysis_output,analysis/outputs/positive_frame_mean_0407/manual_keyframe_labels_file3.0407_review_working.json,attachments/05_data_and_metrics/analysis_outputs/positive_frame_mean_0407/manual_keyframe_labels_file3.0407_review_working.json,10680,2026-04-09T16:09:34,
analysis_output,analysis_output,analysis/outputs/positive_frame_mean_0407/positive_frame_grouped_mean_0407_per_group_normalized.png,attachments/05_data_and_metrics/analysis_outputs/positive_frame_mean_0407/positive_frame_grouped_mean_0407_per_group_normalized.png,472212,2026-04-26T21:07:10,
analysis_output,analysis_output,analysis/outputs/positive_frame_mean_0407/positive_frame_grouped_mean_0407_per_group_normalized_clean.png,attachments/05_data_and_metrics/analysis_outputs/positive_frame_mean_0407/positive_frame_grouped_mean_0407_per_group_normalized_clean.png,448019,2026-04-26T21:09:14,
analysis_output,analysis_output,analysis/outputs/positive_frame_mean_0407/positive_frame_grouped_mean_0407_raw_shared_scale.png,attachments/05_data_and_metrics/analysis_outputs/positive_frame_mean_0407/positive_frame_grouped_mean_0407_raw_shared_scale.png,423524,2026-04-26T21:07:16,
analysis_output,analysis_output,analysis/outputs/positive_frame_mean_0407/positive_frame_grouped_mean_0407_raw_shared_scale_clean.png,attachments/05_data_and_metrics/analysis_outputs/positive_frame_mean_0407/positive_frame_grouped_mean_0407_raw_shared_scale_clean.png,465220,2026-04-26T21:09:26,
analysis_output,analysis_output,analysis/outputs/positive_frame_mean_0407/positive_frame_grouped_mean_0407_summary.csv,attachments/05_data_and_metrics/analysis_outputs/positive_frame_mean_0407/positive_frame_grouped_mean_0407_summary.csv,4671,2026-04-26T21:07:06,
analysis_output,analysis_output,analysis/outputs/positive_frame_mean_0407/positive_frame_mean_0407.png,attachments/05_data_and_metrics/analysis_outputs/positive_frame_mean_0407/positive_frame_mean_0407.png,165068,2026-04-26T21:02:56,
analysis_output,analysis_output,analysis/outputs/positive_frame_mean_0407/positive_frame_mean_0407_by_file.csv,attachments/05_data_and_metrics/analysis_outputs/positive_frame_mean_0407/positive_frame_mean_0407_by_file.csv,3864,2026-04-26T21:02:55,
analysis_output,analysis_output,analysis/outputs/positive_frame_mean_0407/positive_frame_mean_0407_raw_12x8.csv,attachments/05_data_and_metrics/analysis_outputs/positive_frame_mean_0407/positive_frame_mean_0407_raw_12x8.csv,2412,2026-04-26T21:02:55,
analysis_output,analysis_output,analysis/outputs/positive_frame_mean_0407/positive_frame_mean_0407_selfnorm_12x8.csv,attachments/05_data_and_metrics/analysis_outputs/positive_frame_mean_0407/positive_frame_mean_0407_selfnorm_12x8.csv,2412,2026-04-26T21:02:55,
analysis_output,analysis_output,analysis/outputs/positive_frame_mean_0407/positive_frame_mean_0407_size0.25_depth0.5_raw_12x8.csv,attachments/05_data_and_metrics/analysis_outputs/positive_frame_mean_0407/positive_frame_mean_0407_size0.25_depth0.5_raw_12x8.csv,2413,2026-04-26T21:07:06,
analysis_output,analysis_output,analysis/outputs/positive_frame_mean_0407/positive_frame_mean_0407_size0.25_depth0.5_selfnorm_12x8.csv,attachments/05_data_and_metrics/analysis_outputs/positive_frame_mean_0407/positive_frame_mean_0407_size0.25_depth0.5_selfnorm_12x8.csv,2412,2026-04-26T21:07:06,
analysis_output,analysis_output,analysis/outputs/positive_frame_mean_0407/positive_frame_mean_0407_size0.25_depth1.5_raw_12x8.csv,attachments/05_data_and_metrics/analysis_outputs/positive_frame_mean_0407/positive_frame_mean_0407_size0.25_depth1.5_raw_12x8.csv,2413,2026-04-26T21:07:06,
analysis_output,analysis_output,analysis/outputs/positive_frame_mean_0407/positive_frame_mean_0407_size0.25_depth1.5_selfnorm_12x8.csv,attachments/05_data_and_metrics/analysis_outputs/positive_frame_mean_0407/positive_frame_mean_0407_size0.25_depth1.5_selfnorm_12x8.csv,2412,2026-04-26T21:07:06,
analysis_output,analysis_output,analysis/outputs/positive_frame_mean_0407/positive_frame_mean_0407_size0.25_depth1_raw_12x8.csv,attachments/05_data_and_metrics/analysis_outputs/positive_frame_mean_0407/positive_frame_mean_0407_size0.25_depth1_raw_12x8.csv,2414,2026-04-26T21:07:06,
analysis_output,analysis_output,analysis/outputs/positive_frame_mean_0407/positive_frame_mean_0407_size0.25_depth1_selfnorm_12x8.csv,attachments/05_data_and_metrics/analysis_outputs/positive_frame_mean_0407/positive_frame_mean_0407_size0.25_depth1_selfnorm_12x8.csv,2412,2026-04-26T21:07:06,
analysis_output,analysis_output,analysis/outputs/positive_frame_mean_0407/positive_frame_mean_0407_size0.25_depth2.5_raw_12x8.csv,attachments/05_data_and_metrics/analysis_outputs/positive_frame_mean_0407/positive_frame_mean_0407_size0.25_depth2.5_raw_12x8.csv,2414,2026-04-26T21:07:06,
analysis_output,analysis_output,analysis/outputs/positive_frame_mean_0407/positive_frame_mean_0407_size0.25_depth2.5_selfnorm_12x8.csv,attachments/05_data_and_metrics/analysis_outputs/positive_frame_mean_0407/positive_frame_mean_0407_size0.25_depth2.5_selfnorm_12x8.csv,2412,2026-04-26T21:07:06,
analysis_output,analysis_output,analysis/outputs/positive_frame_mean_0407/positive_frame_mean_0407_size0.25_depth2_raw_12x8.csv,attachments/05_data_and_metrics/analysis_outputs/positive_frame_mean_0407/positive_frame_mean_0407_size0.25_depth2_raw_12x8.csv,2413,2026-04-26T21:07:06,
analysis_output,analysis_output,analysis/outputs/positive_frame_mean_0407/positive_frame_mean_0407_size0.25_depth2_selfnorm_12x8.csv,attachments/05_data_and_metrics/analysis_outputs/positive_frame_mean_0407/positive_frame_mean_0407_size0.25_depth2_selfnorm_12x8.csv,2412,2026-04-26T21:07:06,
analysis_output,analysis_output,analysis/outputs/positive_frame_mean_0407/positive_frame_mean_0407_size0.5_depth0.5_raw_12x8.csv,attachments/05_data_and_metrics/analysis_outputs/positive_frame_mean_0407/positive_frame_mean_0407_size0.5_depth0.5_raw_12x8.csv,2412,2026-04-26T21:07:06,
analysis_output,analysis_output,analysis/outputs/positive_frame_mean_0407/positive_frame_mean_0407_size0.5_depth0.5_selfnorm_12x8.csv,attachments/05_data_and_metrics/analysis_outputs/positive_frame_mean_0407/positive_frame_mean_0407_size0.5_depth0.5_selfnorm_12x8.csv,2412,2026-04-26T21:07:06,
analysis_output,analysis_output,analysis/outputs/positive_frame_mean_0407/positive_frame_mean_0407_size0.5_depth1.5_raw_12x8.csv,attachments/05_data_and_metrics/analysis_outputs/positive_frame_mean_0407/positive_frame_mean_0407_size0.5_depth1.5_raw_12x8.csv,2412,2026-04-26T21:07:06,
analysis_output,analysis_output,analysis/outputs/positive_frame_mean_0407/positive_frame_mean_0407_size0.5_depth1.5_selfnorm_12x8.csv,attachments/05_data_and_metrics/analysis_outputs/positive_frame_mean_0407/positive_frame_mean_0407_size0.5_depth1.5_selfnorm_12x8.csv,2412,2026-04-26T21:07:06,
analysis_output,analysis_output,analysis/outputs/positive_frame_mean_0407/positive_frame_mean_0407_size0.5_depth1_raw_12x8.csv,attachments/05_data_and_metrics/analysis_outputs/positive_frame_mean_0407/positive_frame_mean_0407_size0.5_depth1_raw_12x8.csv,2412,2026-04-26T21:07:06,
analysis_output,analysis_output,analysis/outputs/positive_frame_mean_0407/positive_frame_mean_0407_size0.5_depth1_selfnorm_12x8.csv,attachments/05_data_and_metrics/analysis_outputs/positive_frame_mean_0407/positive_frame_mean_0407_size0.5_depth1_selfnorm_12x8.csv,2412,2026-04-26T21:07:06,
analysis_output,analysis_output,analysis/outputs/positive_frame_mean_0407/positive_frame_mean_0407_size0.5_depth2.5_raw_12x8.csv,attachments/05_data_and_metrics/analysis_outputs/positive_frame_mean_0407/positive_frame_mean_0407_size0.5_depth2.5_raw_12x8.csv,2412,2026-04-26T21:07:06,
analysis_output,analysis_output,analysis/outputs/positive_frame_mean_0407/positive_frame_mean_0407_size0.5_depth2.5_selfnorm_12x8.csv,attachments/05_data_and_metrics/analysis_outputs/positive_frame_mean_0407/positive_frame_mean_0407_size0.5_depth2.5_selfnorm_12x8.csv,2412,2026-04-26T21:07:06,
analysis_output,analysis_output,analysis/outputs/positive_frame_mean_0407/positive_frame_mean_0407_size0.5_depth2_raw_12x8.csv,attachments/05_data_and_metrics/analysis_outputs/positive_frame_mean_0407/positive_frame_mean_0407_size0.5_depth2_raw_12x8.csv,2412,2026-04-26T21:07:06,
analysis_output,analysis_output,analysis/outputs/positive_frame_mean_0407/positive_frame_mean_0407_size0.5_depth2_selfnorm_12x8.csv,attachments/05_data_and_metrics/analysis_outputs/positive_frame_mean_0407/positive_frame_mean_0407_size0.5_depth2_selfnorm_12x8.csv,2412,2026-04-26T21:07:06,
analysis_output,analysis_output,analysis/outputs/positive_frame_mean_0407/positive_frame_mean_0407_size0.5_depth3_raw_12x8.csv,attachments/05_data_and_metrics/analysis_outputs/positive_frame_mean_0407/positive_frame_mean_0407_size0.5_depth3_raw_12x8.csv,2412,2026-04-26T21:07:06,
analysis_output,analysis_output,analysis/outputs/positive_frame_mean_0407/positive_frame_mean_0407_size0.5_depth3_selfnorm_12x8.csv,attachments/05_data_and_metrics/analysis_outputs/positive_frame_mean_0407/positive_frame_mean_0407_size0.5_depth3_selfnorm_12x8.csv,2412,2026-04-26T21:07:06,
analysis_output,analysis_output,analysis/outputs/positive_frame_mean_0407/positive_frame_mean_0407_size0.75_depth0.5_raw_12x8.csv,attachments/05_data_and_metrics/analysis_outputs/positive_frame_mean_0407/positive_frame_mean_0407_size0.75_depth0.5_raw_12x8.csv,2412,2026-04-26T21:07:06,
analysis_output,analysis_output,analysis/outputs/positive_frame_mean_0407/positive_frame_mean_0407_size0.75_depth0.5_selfnorm_12x8.csv,attachments/05_data_and_metrics/analysis_outputs/positive_frame_mean_0407/positive_frame_mean_0407_size0.75_depth0.5_selfnorm_12x8.csv,2412,2026-04-26T21:07:06,
analysis_output,analysis_output,analysis/outputs/positive_frame_mean_0407/positive_frame_mean_0407_size0.75_depth1.5_raw_12x8.csv,attachments/05_data_and_metrics/analysis_outputs/positive_frame_mean_0407/positive_frame_mean_0407_size0.75_depth1.5_raw_12x8.csv,2412,2026-04-26T21:07:06,
analysis_output,analysis_output,analysis/outputs/positive_frame_mean_0407/positive_frame_mean_0407_size0.75_depth1.5_selfnorm_12x8.csv,attachments/05_data_and_metrics/analysis_outputs/positive_frame_mean_0407/positive_frame_mean_0407_size0.75_depth1.5_selfnorm_12x8.csv,2412,2026-04-26T21:07:06,
analysis_output,analysis_output,analysis/outputs/positive_frame_mean_0407/positive_frame_mean_0407_size0.75_depth1_raw_12x8.csv,attachments/05_data_and_metrics/analysis_outputs/positive_frame_mean_0407/positive_frame_mean_0407_size0.75_depth1_raw_12x8.csv,2412,2026-04-26T21:07:06,
analysis_output,analysis_output,analysis/outputs/positive_frame_mean_0407/positive_frame_mean_0407_size0.75_depth1_selfnorm_12x8.csv,attachments/05_data_and_metrics/analysis_outputs/positive_frame_mean_0407/positive_frame_mean_0407_size0.75_depth1_selfnorm_12x8.csv,2412,2026-04-26T21:07:06,
analysis_output,analysis_output,analysis/outputs/positive_frame_mean_0407/positive_frame_mean_0407_size0.75_depth2.5_raw_12x8.csv,attachments/05_data_and_metrics/analysis_outputs/positive_frame_mean_0407/positive_frame_mean_0407_size0.75_depth2.5_raw_12x8.csv,2412,2026-04-26T21:07:06,
analysis_output,analysis_output,analysis/outputs/positive_frame_mean_0407/positive_frame_mean_0407_size0.75_depth2.5_selfnorm_12x8.csv,attachments/05_data_and_metrics/analysis_outputs/positive_frame_mean_0407/positive_frame_mean_0407_size0.75_depth2.5_selfnorm_12x8.csv,2412,2026-04-26T21:07:06,
analysis_output,analysis_output,analysis/outputs/positive_frame_mean_0407/positive_frame_mean_0407_size0.75_depth2_raw_12x8.csv,attachments/05_data_and_metrics/analysis_outputs/positive_frame_mean_0407/positive_frame_mean_0407_size0.75_depth2_raw_12x8.csv,2412,2026-04-26T21:07:06,
analysis_output,analysis_output,analysis/outputs/positive_frame_mean_0407/positive_frame_mean_0407_size0.75_depth2_selfnorm_12x8.csv,attachments/05_data_and_metrics/analysis_outputs/positive_frame_mean_0407/positive_frame_mean_0407_size0.75_depth2_selfnorm_12x8.csv,2412,2026-04-26T21:07:06,
analysis_output,analysis_output,analysis/outputs/positive_frame_mean_0407/positive_frame_mean_0407_size0.75_depth3_raw_12x8.csv,attachments/05_data_and_metrics/analysis_outputs/positive_frame_mean_0407/positive_frame_mean_0407_size0.75_depth3_raw_12x8.csv,2412,2026-04-26T21:07:06,
analysis_output,analysis_output,analysis/outputs/positive_frame_mean_0407/positive_frame_mean_0407_size0.75_depth3_selfnorm_12x8.csv,attachments/05_data_and_metrics/analysis_outputs/positive_frame_mean_0407/positive_frame_mean_0407_size0.75_depth3_selfnorm_12x8.csv,2412,2026-04-26T21:07:06,
analysis_output,analysis_output,analysis/outputs/positive_frame_mean_0407/positive_frame_mean_0407_size1.25_depth0.5_raw_12x8.csv,attachments/05_data_and_metrics/analysis_outputs/positive_frame_mean_0407/positive_frame_mean_0407_size1.25_depth0.5_raw_12x8.csv,2412,2026-04-26T21:07:06,
analysis_output,analysis_output,analysis/outputs/positive_frame_mean_0407/positive_frame_mean_0407_size1.25_depth0.5_selfnorm_12x8.csv,attachments/05_data_and_metrics/analysis_outputs/positive_frame_mean_0407/positive_frame_mean_0407_size1.25_depth0.5_selfnorm_12x8.csv,2412,2026-04-26T21:07:06,
analysis_output,analysis_output,analysis/outputs/positive_frame_mean_0407/positive_frame_mean_0407_size1.25_depth1.5_raw_12x8.csv,attachments/05_data_and_metrics/analysis_outputs/positive_frame_mean_0407/positive_frame_mean_0407_size1.25_depth1.5_raw_12x8.csv,2412,2026-04-26T21:07:06,
analysis_output,analysis_output,analysis/outputs/positive_frame_mean_0407/positive_frame_mean_0407_size1.25_depth1.5_selfnorm_12x8.csv,attachments/05_data_and_metrics/analysis_outputs/positive_frame_mean_0407/positive_frame_mean_0407_size1.25_depth1.5_selfnorm_12x8.csv,2412,2026-04-26T21:07:06,
analysis_output,analysis_output,analysis/outputs/positive_frame_mean_0407/positive_frame_mean_0407_size1.25_depth1_raw_12x8.csv,attachments/05_data_and_metrics/analysis_outputs/positive_frame_mean_0407/positive_frame_mean_0407_size1.25_depth1_raw_12x8.csv,2412,2026-04-26T21:07:06,
analysis_output,analysis_output,analysis/outputs/positive_frame_mean_0407/positive_frame_mean_0407_size1.25_depth1_selfnorm_12x8.csv,attachments/05_data_and_metrics/analysis_outputs/positive_frame_mean_0407/positive_frame_mean_0407_size1.25_depth1_selfnorm_12x8.csv,2412,2026-04-26T21:07:06,
analysis_output,analysis_output,analysis/outputs/positive_frame_mean_0407/positive_frame_mean_0407_size1.25_depth2.5_raw_12x8.csv,attachments/05_data_and_metrics/analysis_outputs/positive_frame_mean_0407/positive_frame_mean_0407_size1.25_depth2.5_raw_12x8.csv,2412,2026-04-26T21:07:06,
analysis_output,analysis_output,analysis/outputs/positive_frame_mean_0407/positive_frame_mean_0407_size1.25_depth2.5_selfnorm_12x8.csv,attachments/05_data_and_metrics/analysis_outputs/positive_frame_mean_0407/positive_frame_mean_0407_size1.25_depth2.5_selfnorm_12x8.csv,2412,2026-04-26T21:07:06,
analysis_output,analysis_output,analysis/outputs/positive_frame_mean_0407/positive_frame_mean_0407_size1.25_depth2_raw_12x8.csv,attachments/05_data_and_metrics/analysis_outputs/positive_frame_mean_0407/positive_frame_mean_0407_size1.25_depth2_raw_12x8.csv,2412,2026-04-26T21:07:06,
analysis_output,analysis_output,analysis/outputs/positive_frame_mean_0407/positive_frame_mean_0407_size1.25_depth2_selfnorm_12x8.csv,attachments/05_data_and_metrics/analysis_outputs/positive_frame_mean_0407/positive_frame_mean_0407_size1.25_depth2_selfnorm_12x8.csv,2412,2026-04-26T21:07:06,
analysis_output,analysis_output,analysis/outputs/positive_frame_mean_0407/positive_frame_mean_0407_size1.25_depth3_raw_12x8.csv,attachments/05_data_and_metrics/analysis_outputs/positive_frame_mean_0407/positive_frame_mean_0407_size1.25_depth3_raw_12x8.csv,2412,2026-04-26T21:07:06,
analysis_output,analysis_output,analysis/outputs/positive_frame_mean_0407/positive_frame_mean_0407_size1.25_depth3_selfnorm_12x8.csv,attachments/05_data_and_metrics/analysis_outputs/positive_frame_mean_0407/positive_frame_mean_0407_size1.25_depth3_selfnorm_12x8.csv,2412,2026-04-26T21:07:06,
analysis_output,analysis_output,analysis/outputs/positive_frame_mean_0407/positive_frame_mean_0407_size1.5_depth0.5_raw_12x8.csv,attachments/05_data_and_metrics/analysis_outputs/positive_frame_mean_0407/positive_frame_mean_0407_size1.5_depth0.5_raw_12x8.csv,2412,2026-04-26T21:07:06,
analysis_output,analysis_output,analysis/outputs/positive_frame_mean_0407/positive_frame_mean_0407_size1.5_depth0.5_selfnorm_12x8.csv,attachments/05_data_and_metrics/analysis_outputs/positive_frame_mean_0407/positive_frame_mean_0407_size1.5_depth0.5_selfnorm_12x8.csv,2412,2026-04-26T21:07:06,
analysis_output,analysis_output,analysis/outputs/positive_frame_mean_0407/positive_frame_mean_0407_size1.5_depth1.5_raw_12x8.csv,attachments/05_data_and_metrics/analysis_outputs/positive_frame_mean_0407/positive_frame_mean_0407_size1.5_depth1.5_raw_12x8.csv,2412,2026-04-26T21:07:06,
analysis_output,analysis_output,analysis/outputs/positive_frame_mean_0407/positive_frame_mean_0407_size1.5_depth1.5_selfnorm_12x8.csv,attachments/05_data_and_metrics/analysis_outputs/positive_frame_mean_0407/positive_frame_mean_0407_size1.5_depth1.5_selfnorm_12x8.csv,2412,2026-04-26T21:07:06,
analysis_output,analysis_output,analysis/outputs/positive_frame_mean_0407/positive_frame_mean_0407_size1.5_depth1_raw_12x8.csv,attachments/05_data_and_metrics/analysis_outputs/positive_frame_mean_0407/positive_frame_mean_0407_size1.5_depth1_raw_12x8.csv,2412,2026-04-26T21:07:06,
analysis_output,analysis_output,analysis/outputs/positive_frame_mean_0407/positive_frame_mean_0407_size1.5_depth1_selfnorm_12x8.csv,attachments/05_data_and_metrics/analysis_outputs/positive_frame_mean_0407/positive_frame_mean_0407_size1.5_depth1_selfnorm_12x8.csv,2412,2026-04-26T21:07:06,
analysis_output,analysis_output,analysis/outputs/positive_frame_mean_0407/positive_frame_mean_0407_size1.5_depth2.5_raw_12x8.csv,attachments/05_data_and_metrics/analysis_outputs/positive_frame_mean_0407/positive_frame_mean_0407_size1.5_depth2.5_raw_12x8.csv,2412,2026-04-26T21:07:06,
analysis_output,analysis_output,analysis/outputs/positive_frame_mean_0407/positive_frame_mean_0407_size1.5_depth2.5_selfnorm_12x8.csv,attachments/05_data_and_metrics/analysis_outputs/positive_frame_mean_0407/positive_frame_mean_0407_size1.5_depth2.5_selfnorm_12x8.csv,2412,2026-04-26T21:07:06,
analysis_output,analysis_output,analysis/outputs/positive_frame_mean_0407/positive_frame_mean_0407_size1.5_depth2_raw_12x8.csv,attachments/05_data_and_metrics/analysis_outputs/positive_frame_mean_0407/positive_frame_mean_0407_size1.5_depth2_raw_12x8.csv,2412,2026-04-26T21:07:06,
analysis_output,analysis_output,analysis/outputs/positive_frame_mean_0407/positive_frame_mean_0407_size1.5_depth2_selfnorm_12x8.csv,attachments/05_data_and_metrics/analysis_outputs/positive_frame_mean_0407/positive_frame_mean_0407_size1.5_depth2_selfnorm_12x8.csv,2412,2026-04-26T21:07:06,
analysis_output,analysis_output,analysis/outputs/positive_frame_mean_0407/positive_frame_mean_0407_size1.5_depth3_raw_12x8.csv,attachments/05_data_and_metrics/analysis_outputs/positive_frame_mean_0407/positive_frame_mean_0407_size1.5_depth3_raw_12x8.csv,2412,2026-04-26T21:07:06,
analysis_output,analysis_output,analysis/outputs/positive_frame_mean_0407/positive_frame_mean_0407_size1.5_depth3_selfnorm_12x8.csv,attachments/05_data_and_metrics/analysis_outputs/positive_frame_mean_0407/positive_frame_mean_0407_size1.5_depth3_selfnorm_12x8.csv,2412,2026-04-26T21:07:06,
analysis_output,analysis_output,analysis/outputs/positive_frame_mean_0407/positive_frame_mean_0407_size1.75_depth0.5_raw_12x8.csv,attachments/05_data_and_metrics/analysis_outputs/positive_frame_mean_0407/positive_frame_mean_0407_size1.75_depth0.5_raw_12x8.csv,2412,2026-04-26T21:07:06,
analysis_output,analysis_output,analysis/outputs/positive_frame_mean_0407/positive_frame_mean_0407_size1.75_depth0.5_selfnorm_12x8.csv,attachments/05_data_and_metrics/analysis_outputs/positive_frame_mean_0407/positive_frame_mean_0407_size1.75_depth0.5_selfnorm_12x8.csv,2412,2026-04-26T21:07:06,
analysis_output,analysis_output,analysis/outputs/positive_frame_mean_0407/positive_frame_mean_0407_size1.75_depth1.5_raw_12x8.csv,attachments/05_data_and_metrics/analysis_outputs/positive_frame_mean_0407/positive_frame_mean_0407_size1.75_depth1.5_raw_12x8.csv,2412,2026-04-26T21:07:06,
analysis_output,analysis_output,analysis/outputs/positive_frame_mean_0407/positive_frame_mean_0407_size1.75_depth1.5_selfnorm_12x8.csv,attachments/05_data_and_metrics/analysis_outputs/positive_frame_mean_0407/positive_frame_mean_0407_size1.75_depth1.5_selfnorm_12x8.csv,2412,2026-04-26T21:07:06,
analysis_output,analysis_output,analysis/outputs/positive_frame_mean_0407/positive_frame_mean_0407_size1.75_depth1_raw_12x8.csv,attachments/05_data_and_metrics/analysis_outputs/positive_frame_mean_0407/positive_frame_mean_0407_size1.75_depth1_raw_12x8.csv,2412,2026-04-26T21:07:06,
analysis_output,analysis_output,analysis/outputs/positive_frame_mean_0407/positive_frame_mean_0407_size1.75_depth1_selfnorm_12x8.csv,attachments/05_data_and_metrics/analysis_outputs/positive_frame_mean_0407/positive_frame_mean_0407_size1.75_depth1_selfnorm_12x8.csv,2412,2026-04-26T21:07:06,
analysis_output,analysis_output,analysis/outputs/positive_frame_mean_0407/positive_frame_mean_0407_size1.75_depth2.5_raw_12x8.csv,attachments/05_data_and_metrics/analysis_outputs/positive_frame_mean_0407/positive_frame_mean_0407_size1.75_depth2.5_raw_12x8.csv,2412,2026-04-26T21:07:06,
analysis_output,analysis_output,analysis/outputs/positive_frame_mean_0407/positive_frame_mean_0407_size1.75_depth2.5_selfnorm_12x8.csv,attachments/05_data_and_metrics/analysis_outputs/positive_frame_mean_0407/positive_frame_mean_0407_size1.75_depth2.5_selfnorm_12x8.csv,2412,2026-04-26T21:07:06,
analysis_output,analysis_output,analysis/outputs/positive_frame_mean_0407/positive_frame_mean_0407_size1.75_depth2_raw_12x8.csv,attachments/05_data_and_metrics/analysis_outputs/positive_frame_mean_0407/positive_frame_mean_0407_size1.75_depth2_raw_12x8.csv,2412,2026-04-26T21:07:06,
analysis_output,analysis_output,analysis/outputs/positive_frame_mean_0407/positive_frame_mean_0407_size1.75_depth2_selfnorm_12x8.csv,attachments/05_data_and_metrics/analysis_outputs/positive_frame_mean_0407/positive_frame_mean_0407_size1.75_depth2_selfnorm_12x8.csv,2412,2026-04-26T21:07:06,
analysis_output,analysis_output,analysis/outputs/positive_frame_mean_0407/positive_frame_mean_0407_size1.75_depth3_raw_12x8.csv,attachments/05_data_and_metrics/analysis_outputs/positive_frame_mean_0407/positive_frame_mean_0407_size1.75_depth3_raw_12x8.csv,2412,2026-04-26T21:07:06,
analysis_output,analysis_output,analysis/outputs/positive_frame_mean_0407/positive_frame_mean_0407_size1.75_depth3_selfnorm_12x8.csv,attachments/05_data_and_metrics/analysis_outputs/positive_frame_mean_0407/positive_frame_mean_0407_size1.75_depth3_selfnorm_12x8.csv,2412,2026-04-26T21:07:06,
analysis_output,analysis_output,analysis/outputs/positive_frame_mean_0407/positive_frame_mean_0407_size1_depth0.5_raw_12x8.csv,attachments/05_data_and_metrics/analysis_outputs/positive_frame_mean_0407/positive_frame_mean_0407_size1_depth0.5_raw_12x8.csv,2412,2026-04-26T21:07:06,
analysis_output,analysis_output,analysis/outputs/positive_frame_mean_0407/positive_frame_mean_0407_size1_depth0.5_selfnorm_12x8.csv,attachments/05_data_and_metrics/analysis_outputs/positive_frame_mean_0407/positive_frame_mean_0407_size1_depth0.5_selfnorm_12x8.csv,2412,2026-04-26T21:07:06,
analysis_output,analysis_output,analysis/outputs/positive_frame_mean_0407/positive_frame_mean_0407_size1_depth1.5_raw_12x8.csv,attachments/05_data_and_metrics/analysis_outputs/positive_frame_mean_0407/positive_frame_mean_0407_size1_depth1.5_raw_12x8.csv,2412,2026-04-26T21:07:06,
analysis_output,analysis_output,analysis/outputs/positive_frame_mean_0407/positive_frame_mean_0407_size1_depth1.5_selfnorm_12x8.csv,attachments/05_data_and_metrics/analysis_outputs/positive_frame_mean_0407/positive_frame_mean_0407_size1_depth1.5_selfnorm_12x8.csv,2412,2026-04-26T21:07:06,
analysis_output,analysis_output,analysis/outputs/positive_frame_mean_0407/positive_frame_mean_0407_size1_depth1_raw_12x8.csv,attachments/05_data_and_metrics/analysis_outputs/positive_frame_mean_0407/positive_frame_mean_0407_size1_depth1_raw_12x8.csv,2412,2026-04-26T21:07:06,
analysis_output,analysis_output,analysis/outputs/positive_frame_mean_0407/positive_frame_mean_0407_size1_depth1_selfnorm_12x8.csv,attachments/05_data_and_metrics/analysis_outputs/positive_frame_mean_0407/positive_frame_mean_0407_size1_depth1_selfnorm_12x8.csv,2412,2026-04-26T21:07:06,
analysis_output,analysis_output,analysis/outputs/positive_frame_mean_0407/positive_frame_mean_0407_size1_depth2.5_raw_12x8.csv,attachments/05_data_and_metrics/analysis_outputs/positive_frame_mean_0407/positive_frame_mean_0407_size1_depth2.5_raw_12x8.csv,2412,2026-04-26T21:07:06,
analysis_output,analysis_output,analysis/outputs/positive_frame_mean_0407/positive_frame_mean_0407_size1_depth2.5_selfnorm_12x8.csv,attachments/05_data_and_metrics/analysis_outputs/positive_frame_mean_0407/positive_frame_mean_0407_size1_depth2.5_selfnorm_12x8.csv,2412,2026-04-26T21:07:06,
analysis_output,analysis_output,analysis/outputs/positive_frame_mean_0407/positive_frame_mean_0407_size1_depth2_raw_12x8.csv,attachments/05_data_and_metrics/analysis_outputs/positive_frame_mean_0407/positive_frame_mean_0407_size1_depth2_raw_12x8.csv,2412,2026-04-26T21:07:06,
analysis_output,analysis_output,analysis/outputs/positive_frame_mean_0407/positive_frame_mean_0407_size1_depth2_selfnorm_12x8.csv,attachments/05_data_and_metrics/analysis_outputs/positive_frame_mean_0407/positive_frame_mean_0407_size1_depth2_selfnorm_12x8.csv,2412,2026-04-26T21:07:06,
analysis_output,analysis_output,analysis/outputs/positive_frame_mean_0407/positive_frame_mean_0407_size1_depth3_raw_12x8.csv,attachments/05_data_and_metrics/analysis_outputs/positive_frame_mean_0407/positive_frame_mean_0407_size1_depth3_raw_12x8.csv,2412,2026-04-26T21:07:06,
analysis_output,analysis_output,analysis/outputs/positive_frame_mean_0407/positive_frame_mean_0407_size1_depth3_selfnorm_12x8.csv,attachments/05_data_and_metrics/analysis_outputs/positive_frame_mean_0407/positive_frame_mean_0407_size1_depth3_selfnorm_12x8.csv,2412,2026-04-26T21:07:06,
analysis_output,analysis_output,analysis/outputs/positive_frame_mean_0407/positive_frame_mean_0407_summary.json,attachments/05_data_and_metrics/analysis_outputs/positive_frame_mean_0407/positive_frame_mean_0407_summary.json,715,2026-04-26T21:02:55,
analysis_output,analysis_output,analysis/outputs/stage1_locked_roc_20260425/stage1_locked_mainline_metrics.json,attachments/05_data_and_metrics/analysis_outputs/stage1_locked_roc_20260425/stage1_locked_mainline_metrics.json,2191,2026-04-25T01:07:37,
analysis_output,analysis_output,analysis/outputs/stage1_locked_roc_20260425/stage1_locked_mainline_roc.png,attachments/05_data_and_metrics/analysis_outputs/stage1_locked_roc_20260425/stage1_locked_mainline_roc.png,157714,2026-04-25T01:07:37,
analysis_output,analysis_output,analysis/outputs/stage1_locked_roc_20260425/stage1_locked_mainline_roc_points.csv,attachments/05_data_and_metrics/analysis_outputs/stage1_locked_roc_20260425/stage1_locked_mainline_roc_points.csv,66595,2026-04-25T01:07:37,
analysis_output,analysis_output,analysis/outputs/stage1_locked_roc_20260425/stage1_locked_mainline_test_predictions.csv,attachments/05_data_and_metrics/analysis_outputs/stage1_locked_roc_20260425/stage1_locked_mainline_test_predictions.csv,401337,2026-04-25T01:07:37,
baseline_output,baseline_metrics_figures,baselines/outputs_xgboost_baselines/depth_classification_mlogloss_curve.png,attachments/05_data_and_metrics/baselines/outputs_xgboost_baselines/depth_classification_mlogloss_curve.png,69115,2026-04-09T16:09:32,
baseline_output,baseline_metrics_figures,baselines/outputs_xgboost_baselines/detection_aucpr_curve.png,attachments/05_data_and_metrics/baselines/outputs_xgboost_baselines/detection_aucpr_curve.png,60509,2026-04-09T16:09:32,
baseline_output,baseline_metrics_figures,baselines/outputs_xgboost_baselines/detection_logloss_curve.png,attachments/05_data_and_metrics/baselines/outputs_xgboost_baselines/detection_logloss_curve.png,80322,2026-04-09T16:09:32,
baseline_output,baseline_metrics_figures,baselines/outputs_xgboost_baselines/size_classification_mlogloss_curve.png,attachments/05_data_and_metrics/baselines/outputs_xgboost_baselines/size_classification_mlogloss_curve.png,75650,2026-04-09T16:09:32,
baseline_output,baseline_metrics_figures,baselines/outputs_xgboost_baselines/size_regression_rmse_curve.png,attachments/05_data_and_metrics/baselines/outputs_xgboost_baselines/size_regression_rmse_curve.png,66248,2026-04-09T16:09:32,
baseline_output,baseline_metrics_figures,baselines/outputs_xgboost_baselines/XGBOOST_BASELINE_REPORT.md,attachments/05_data_and_metrics/baselines/outputs_xgboost_baselines/XGBOOST_BASELINE_REPORT.md,804,2026-04-09T16:09:32,
baseline_output,baseline_metrics_figures,baselines/outputs_xgboost_baselines/xgboost_baseline_summary.json,attachments/05_data_and_metrics/baselines/outputs_xgboost_baselines/xgboost_baseline_summary.json,5850,2026-04-09T16:09:32,
baseline_output,baseline_metrics_figures,baselines/outputs_xgboost_baselines/xgboost_condition_manifest.csv,attachments/05_data_and_metrics/baselines/outputs_xgboost_baselines/xgboost_condition_manifest.csv,2925,2026-04-09T16:09:32,
baseline_output,baseline_metrics_figures,baselines/outputs_xgboost_baselines/xgboost_window_feature_table.csv,attachments/05_data_and_metrics/baselines/outputs_xgboost_baselines/xgboost_window_feature_table.csv,56205650,2026-03-11T21:36:21,
baseline_output,baseline_metrics_figures,baselines/outputs_xgboost_explainability/depth_classwise_concept_heatmap_tbme.png,attachments/05_data_and_metrics/baselines/outputs_xgboost_explainability/depth_classwise_concept_heatmap_tbme.png,165275,2026-04-09T16:09:32,
baseline_output,baseline_metrics_figures,baselines/outputs_xgboost_explainability/depth_concept_contrib.csv,attachments/05_data_and_metrics/baselines/outputs_xgboost_explainability/depth_concept_contrib.csv,1197,2026-04-09T16:09:32,
baseline_output,baseline_metrics_figures,baselines/outputs_xgboost_explainability/depth_concept_share.png,attachments/05_data_and_metrics/baselines/outputs_xgboost_explainability/depth_concept_share.png,78843,2026-04-09T16:09:32,
baseline_output,baseline_metrics_figures,baselines/outputs_xgboost_explainability/depth_confusion_matrix.png,attachments/05_data_and_metrics/baselines/outputs_xgboost_explainability/depth_confusion_matrix.png,47850,2026-04-09T16:09:32,
baseline_output,baseline_metrics_figures,baselines/outputs_xgboost_explainability/depth_family_contrib.csv,attachments/05_data_and_metrics/baselines/outputs_xgboost_explainability/depth_family_contrib.csv,267,2026-04-09T16:09:32,
baseline_output,baseline_metrics_figures,baselines/outputs_xgboost_explainability/depth_family_share.png,attachments/05_data_and_metrics/baselines/outputs_xgboost_explainability/depth_family_share.png,41783,2026-04-09T16:09:32,
baseline_output,baseline_metrics_figures,baselines/outputs_xgboost_explainability/depth_family_share_tbme.png,attachments/05_data_and_metrics/baselines/outputs_xgboost_explainability/depth_family_share_tbme.png,72414,2026-04-09T16:09:32,
baseline_output,baseline_metrics_figures,baselines/outputs_xgboost_explainability/depth_global_contrib.csv,attachments/05_data_and_metrics/baselines/outputs_xgboost_explainability/depth_global_contrib.csv,22420,2026-04-09T16:09:32,
baseline_output,baseline_metrics_figures,baselines/outputs_xgboost_explainability/depth_global_contrib_deep.csv,attachments/05_data_and_metrics/baselines/outputs_xgboost_explainability/depth_global_contrib_deep.csv,21169,2026-04-09T16:09:32,
baseline_output,baseline_metrics_figures,baselines/outputs_xgboost_explainability/depth_global_contrib_middle.csv,attachments/05_data_and_metrics/baselines/outputs_xgboost_explainability/depth_global_contrib_middle.csv,21629,2026-04-09T16:09:32,
baseline_output,baseline_metrics_figures,baselines/outputs_xgboost_explainability/depth_global_contrib_shallow.csv,attachments/05_data_and_metrics/baselines/outputs_xgboost_explainability/depth_global_contrib_shallow.csv,21960,2026-04-09T16:09:32,
baseline_output,baseline_metrics_figures,baselines/outputs_xgboost_explainability/depth_local_explanations.png,attachments/05_data_and_metrics/baselines/outputs_xgboost_explainability/depth_local_explanations.png,217800,2026-04-09T16:09:32,
baseline_output,baseline_metrics_figures,baselines/outputs_xgboost_explainability/depth_partial_dependence_top4.png,attachments/05_data_and_metrics/baselines/outputs_xgboost_explainability/depth_partial_dependence_top4.png,179960,2026-04-09T16:09:32,
baseline_output,baseline_metrics_figures,baselines/outputs_xgboost_explainability/depth_representative_cases_tbme.png,attachments/05_data_and_metrics/baselines/outputs_xgboost_explainability/depth_representative_cases_tbme.png,497409,2026-04-09T16:09:32,
baseline_output,baseline_metrics_figures,baselines/outputs_xgboost_explainability/depth_top_contrib.png,attachments/05_data_and_metrics/baselines/outputs_xgboost_explainability/depth_top_contrib.png,102343,2026-04-09T16:09:32,
baseline_output,baseline_metrics_figures,baselines/outputs_xgboost_explainability/detection_family_contrib.csv,attachments/05_data_and_metrics/baselines/outputs_xgboost_explainability/detection_family_contrib.csv,253,2026-04-09T16:09:32,
baseline_output,baseline_metrics_figures,baselines/outputs_xgboost_explainability/detection_family_share.png,attachments/05_data_and_metrics/baselines/outputs_xgboost_explainability/detection_family_share.png,39199,2026-04-09T16:09:32,
baseline_output,baseline_metrics_figures,baselines/outputs_xgboost_explainability/detection_global_contrib.csv,attachments/05_data_and_metrics/baselines/outputs_xgboost_explainability/detection_global_contrib.csv,21147,2026-04-09T16:09:32,
baseline_output,baseline_metrics_figures,baselines/outputs_xgboost_explainability/detection_partial_dependence_top4.png,attachments/05_data_and_metrics/baselines/outputs_xgboost_explainability/detection_partial_dependence_top4.png,129267,2026-04-09T16:09:32,
baseline_output,baseline_metrics_figures,baselines/outputs_xgboost_explainability/detection_top_contrib.png,attachments/05_data_and_metrics/baselines/outputs_xgboost_explainability/detection_top_contrib.png,95551,2026-04-09T16:09:32,
baseline_output,baseline_metrics_figures,baselines/outputs_xgboost_explainability/Fig_XGB_depth_explainability_tbme.png,attachments/05_data_and_metrics/baselines/outputs_xgboost_explainability/Fig_XGB_depth_explainability_tbme.png,402262,2026-04-09T16:09:32,
baseline_output,baseline_metrics_figures,baselines/outputs_xgboost_explainability/size_classification_family_contrib.csv,attachments/05_data_and_metrics/baselines/outputs_xgboost_explainability/size_classification_family_contrib.csv,266,2026-04-09T16:09:32,
baseline_output,baseline_metrics_figures,baselines/outputs_xgboost_explainability/size_classification_global_contrib.csv,attachments/05_data_and_metrics/baselines/outputs_xgboost_explainability/size_classification_global_contrib.csv,24765,2026-04-09T16:09:32,
baseline_output,baseline_metrics_figures,baselines/outputs_xgboost_explainability/size_confusion_matrix.png,attachments/05_data_and_metrics/baselines/outputs_xgboost_explainability/size_confusion_matrix.png,64180,2026-04-09T16:09:32,
baseline_output,baseline_metrics_figures,baselines/outputs_xgboost_explainability/size_family_share.png,attachments/05_data_and_metrics/baselines/outputs_xgboost_explainability/size_family_share.png,43226,2026-04-09T16:09:32,
baseline_output,baseline_metrics_figures,baselines/outputs_xgboost_explainability/size_regression_family_contrib.csv,attachments/05_data_and_metrics/baselines/outputs_xgboost_explainability/size_regression_family_contrib.csv,266,2026-04-09T16:09:32,
baseline_output,baseline_metrics_figures,baselines/outputs_xgboost_explainability/size_regression_family_share.png,attachments/05_data_and_metrics/baselines/outputs_xgboost_explainability/size_regression_family_share.png,42546,2026-04-09T16:09:32,
baseline_output,baseline_metrics_figures,baselines/outputs_xgboost_explainability/size_regression_global_contrib.csv,attachments/05_data_and_metrics/baselines/outputs_xgboost_explainability/size_regression_global_contrib.csv,24061,2026-04-09T16:09:32,
baseline_output,baseline_metrics_figures,baselines/outputs_xgboost_explainability/size_regression_partial_dependence_top4.png,attachments/05_data_and_metrics/baselines/outputs_xgboost_explainability/size_regression_partial_dependence_top4.png,146843,2026-04-09T16:09:32,
baseline_output,baseline_metrics_figures,baselines/outputs_xgboost_explainability/size_regression_top_contrib.png,attachments/05_data_and_metrics/baselines/outputs_xgboost_explainability/size_regression_top_contrib.png,111244,2026-04-09T16:09:32,
baseline_output,baseline_metrics_figures,baselines/outputs_xgboost_explainability/size_top_contrib.png,attachments/05_data_and_metrics/baselines/outputs_xgboost_explainability/size_top_contrib.png,109444,2026-04-09T16:09:32,
baseline_output,baseline_metrics_figures,baselines/outputs_xgboost_explainability/XGBOOST_EXPLAINABILITY_REPORT.md,attachments/05_data_and_metrics/baselines/outputs_xgboost_explainability/XGBOOST_EXPLAINABILITY_REPORT.md,4846,2026-04-09T16:09:32,
baseline_output,baseline_metrics_figures,baselines/outputs_xgboost_explainability/xgboost_explainability_summary.json,attachments/05_data_and_metrics/baselines/outputs_xgboost_explainability/xgboost_explainability_summary.json,7042,2026-04-09T16:09:32,
baseline_output,baseline_metrics_figures,baselines/outputs_xgboost_baselines/feature_importance/depth_coarse_top_features.png,attachments/05_data_and_metrics/baselines/outputs_xgboost_baselines/feature_importance/depth_coarse_top_features.png,137867,2026-04-09T16:09:32,
baseline_output,baseline_metrics_figures,baselines/outputs_xgboost_baselines/feature_importance/detection_top_features.png,attachments/05_data_and_metrics/baselines/outputs_xgboost_baselines/feature_importance/detection_top_features.png,117151,2026-04-09T16:09:32,
baseline_output,baseline_metrics_figures,baselines/outputs_xgboost_baselines/feature_importance/size_classification_top_features.png,attachments/05_data_and_metrics/baselines/outputs_xgboost_baselines/feature_importance/size_classification_top_features.png,149094,2026-04-09T16:09:32,
algorithm_output,latest_algorithm_r5,latest_algorithm/runs/residual_tune_R5_hybrid_20260427/agreement_consistency.csv,attachments/05_data_and_metrics/latest_algorithm/residual_tune_R5_hybrid_20260427/agreement_consistency.csv,447,2026-04-27T16:44:52,
algorithm_output,latest_algorithm_r5,latest_algorithm/runs/residual_tune_R5_hybrid_20260427/cam_residual_inversion_contact_sheet.png,attachments/05_data_and_metrics/latest_algorithm/residual_tune_R5_hybrid_20260427/cam_residual_inversion_contact_sheet.png,118662,2026-04-27T16:44:56,
algorithm_output,latest_algorithm_r5,latest_algorithm/runs/residual_tune_R5_hybrid_20260427/cam_scorecam_taskguided_R5_auto.json,attachments/05_data_and_metrics/latest_algorithm/residual_tune_R5_hybrid_20260427/cam_scorecam_taskguided_R5_auto.json,937,2026-04-27T16:47:43,
algorithm_output,latest_algorithm_r5,latest_algorithm/runs/residual_tune_R5_hybrid_20260427/cam_scorecam_taskguided_R5_auto.pdf,attachments/05_data_and_metrics/latest_algorithm/residual_tune_R5_hybrid_20260427/cam_scorecam_taskguided_R5_auto.pdf,296023,2026-04-27T16:47:43,
algorithm_output,latest_algorithm_r5,latest_algorithm/runs/residual_tune_R5_hybrid_20260427/cam_scorecam_taskguided_R5_auto.png,attachments/05_data_and_metrics/latest_algorithm/residual_tune_R5_hybrid_20260427/cam_scorecam_taskguided_R5_auto.png,879519,2026-04-27T16:47:41,
algorithm_output,latest_algorithm_r5,latest_algorithm/runs/residual_tune_R5_hybrid_20260427/confusion_deep_vs_rest.png,attachments/05_data_and_metrics/latest_algorithm/residual_tune_R5_hybrid_20260427/confusion_deep_vs_rest.png,58133,2026-04-27T16:44:54,
algorithm_output,latest_algorithm_r5,latest_algorithm/runs/residual_tune_R5_hybrid_20260427/confusion_depth_3class.png,attachments/05_data_and_metrics/latest_algorithm/residual_tune_R5_hybrid_20260427/confusion_depth_3class.png,72260,2026-04-27T16:44:54,
algorithm_output,latest_algorithm_r5,latest_algorithm/runs/residual_tune_R5_hybrid_20260427/confusion_size_3bin.png,attachments/05_data_and_metrics/latest_algorithm/residual_tune_R5_hybrid_20260427/confusion_size_3bin.png,69510,2026-04-27T16:44:53,
algorithm_output,latest_algorithm_r5,latest_algorithm/runs/residual_tune_R5_hybrid_20260427/confusion_size_7class.png,attachments/05_data_and_metrics/latest_algorithm/residual_tune_R5_hybrid_20260427/confusion_size_7class.png,92653,2026-04-27T16:44:53,
algorithm_output,latest_algorithm_r5,latest_algorithm/runs/residual_tune_R5_hybrid_20260427/history.csv,attachments/05_data_and_metrics/latest_algorithm/residual_tune_R5_hybrid_20260427/history.csv,13403,2026-04-27T16:44:49,
algorithm_output,latest_algorithm_r5,latest_algorithm/runs/residual_tune_R5_hybrid_20260427/manifest.json,attachments/05_data_and_metrics/latest_algorithm/residual_tune_R5_hybrid_20260427/manifest.json,1533,2026-04-27T16:43:53,
algorithm_output,latest_algorithm_r5,latest_algorithm/runs/residual_tune_R5_hybrid_20260427/roc_frozen_detector_file3.png,attachments/05_data_and_metrics/latest_algorithm/residual_tune_R5_hybrid_20260427/roc_frozen_detector_file3.png,97402,2026-04-27T16:44:55,
algorithm_output,latest_algorithm_r5,latest_algorithm/runs/residual_tune_R5_hybrid_20260427/roc_inversion_tasks.png,attachments/05_data_and_metrics/latest_algorithm/residual_tune_R5_hybrid_20260427/roc_inversion_tasks.png,177130,2026-04-27T16:44:54,
algorithm_output,latest_algorithm_r5,latest_algorithm/runs/residual_tune_R5_hybrid_20260427/summary.json,attachments/05_data_and_metrics/latest_algorithm/residual_tune_R5_hybrid_20260427/summary.json,5736,2026-04-27T16:44:56,
algorithm_output,latest_algorithm_r5,latest_algorithm/runs/residual_tune_R5_hybrid_20260427/test_positive_predictions.csv,attachments/05_data_and_metrics/latest_algorithm/residual_tune_R5_hybrid_20260427/test_positive_predictions.csv,280324,2026-04-27T16:44:52,
algorithm_output,stage1_ablation,latest_algorithm/runs/stage1_pooling_ablation_20260426/pooling_ablation_summary.csv,attachments/05_data_and_metrics/latest_algorithm/stage1_pooling_ablation_20260426/pooling_ablation_summary.csv,1204,2026-04-26T22:08:22,
algorithm_output,stage1_ablation,latest_algorithm/runs/stage1_pooling_ablation_20260426/attention/paper_stage1_dualstream_mstcn_curves.png,attachments/05_data_and_metrics/latest_algorithm/stage1_pooling_ablation_20260426/attention/paper_stage1_dualstream_mstcn_curves.png,368798,2026-04-26T21:57:34,
algorithm_output,stage1_ablation,latest_algorithm/runs/stage1_pooling_ablation_20260426/attention/paper_stage1_dualstream_mstcn_split_manifest.json,attachments/05_data_and_metrics/latest_algorithm/stage1_pooling_ablation_20260426/attention/paper_stage1_dualstream_mstcn_split_manifest.json,17837,2026-04-26T21:57:36,
algorithm_output,stage1_ablation,latest_algorithm/runs/stage1_pooling_ablation_20260426/attention/paper_stage1_dualstream_mstcn_summary.json,attachments/05_data_and_metrics/latest_algorithm/stage1_pooling_ablation_20260426/attention/paper_stage1_dualstream_mstcn_summary.json,11924,2026-04-26T21:57:36,
algorithm_output,stage1_ablation,latest_algorithm/runs/stage1_pooling_ablation_20260426/attention/pid.txt,attachments/05_data_and_metrics/latest_algorithm/stage1_pooling_ablation_20260426/attention/pid.txt,7,2026-04-26T21:56:29,
algorithm_output,stage1_ablation,latest_algorithm/runs/stage1_pooling_ablation_20260426/center/paper_stage1_dualstream_mstcn_curves.png,attachments/05_data_and_metrics/latest_algorithm/stage1_pooling_ablation_20260426/center/paper_stage1_dualstream_mstcn_curves.png,360159,2026-04-26T22:06:54,
algorithm_output,stage1_ablation,latest_algorithm/runs/stage1_pooling_ablation_20260426/center/paper_stage1_dualstream_mstcn_split_manifest.json,attachments/05_data_and_metrics/latest_algorithm/stage1_pooling_ablation_20260426/center/paper_stage1_dualstream_mstcn_split_manifest.json,17837,2026-04-26T22:06:56,
algorithm_output,stage1_ablation,latest_algorithm/runs/stage1_pooling_ablation_20260426/center/paper_stage1_dualstream_mstcn_summary.json,attachments/05_data_and_metrics/latest_algorithm/stage1_pooling_ablation_20260426/center/paper_stage1_dualstream_mstcn_summary.json,13871,2026-04-26T22:06:56,
algorithm_output,stage1_ablation,latest_algorithm/runs/stage1_pooling_ablation_20260426/center/pid.txt,attachments/05_data_and_metrics/latest_algorithm/stage1_pooling_ablation_20260426/center/pid.txt,7,2026-04-26T22:05:39,
algorithm_output,stage1_ablation,latest_algorithm/runs/stage1_pooling_ablation_20260426/last/paper_stage1_dualstream_mstcn_curves.png,attachments/05_data_and_metrics/latest_algorithm/stage1_pooling_ablation_20260426/last/paper_stage1_dualstream_mstcn_curves.png,348120,2026-04-26T22:07:51,
algorithm_output,stage1_ablation,latest_algorithm/runs/stage1_pooling_ablation_20260426/last/paper_stage1_dualstream_mstcn_split_manifest.json,attachments/05_data_and_metrics/latest_algorithm/stage1_pooling_ablation_20260426/last/paper_stage1_dualstream_mstcn_split_manifest.json,17837,2026-04-26T22:07:53,
algorithm_output,stage1_ablation,latest_algorithm/runs/stage1_pooling_ablation_20260426/last/paper_stage1_dualstream_mstcn_summary.json,attachments/05_data_and_metrics/latest_algorithm/stage1_pooling_ablation_20260426/last/paper_stage1_dualstream_mstcn_summary.json,11332,2026-04-26T22:07:53,
algorithm_output,stage1_ablation,latest_algorithm/runs/stage1_pooling_ablation_20260426/last/pid.txt,attachments/05_data_and_metrics/latest_algorithm/stage1_pooling_ablation_20260426/last/pid.txt,7,2026-04-26T22:07:00,
algorithm_output,stage1_ablation,latest_algorithm/runs/stage1_pooling_ablation_20260426/mean/paper_stage1_dualstream_mstcn_curves.png,attachments/05_data_and_metrics/latest_algorithm/stage1_pooling_ablation_20260426/mean/paper_stage1_dualstream_mstcn_curves.png,384102,2026-04-26T22:03:40,
algorithm_output,stage1_ablation,latest_algorithm/runs/stage1_pooling_ablation_20260426/mean/paper_stage1_dualstream_mstcn_split_manifest.json,attachments/05_data_and_metrics/latest_algorithm/stage1_pooling_ablation_20260426/mean/paper_stage1_dualstream_mstcn_split_manifest.json,17837,2026-04-26T22:03:43,
algorithm_output,stage1_ablation,latest_algorithm/runs/stage1_pooling_ablation_20260426/mean/paper_stage1_dualstream_mstcn_summary.json,attachments/05_data_and_metrics/latest_algorithm/stage1_pooling_ablation_20260426/mean/paper_stage1_dualstream_mstcn_summary.json,13919,2026-04-26T22:03:44,
algorithm_output,stage1_ablation,latest_algorithm/runs/stage1_pooling_ablation_20260426/mean/pid.txt,attachments/05_data_and_metrics/latest_algorithm/stage1_pooling_ablation_20260426/mean/pid.txt,7,2026-04-26T21:59:21,
simulation_output,simulation_smoke,simulation/outputs/lung_synthetic_dataset_smoke/dataset_report.md,attachments/05_data_and_metrics/simulation/lung_synthetic_dataset_smoke/dataset_report.md,637,2026-04-19T12:38:03,
simulation_output,simulation_smoke,simulation/outputs/lung_synthetic_dataset_smoke/grid_summary.json,attachments/05_data_and_metrics/simulation/lung_synthetic_dataset_smoke/grid_summary.json,2898,2026-04-19T12:38:00,
simulation_output,simulation_smoke,simulation/outputs/lung_synthetic_dataset_smoke/grid_summary.png,attachments/05_data_and_metrics/simulation/lung_synthetic_dataset_smoke/grid_summary.png,199693,2026-04-19T12:38:03,
simulation_output,simulation_smoke,simulation/outputs/lung_synthetic_dataset_smoke/manifest.csv,attachments/05_data_and_metrics/simulation/lung_synthetic_dataset_smoke/manifest.csv,1315,2026-04-19T12:38:00,
simulation_output,simulation_smoke,simulation/outputs/lung_synthetic_dataset_smoke/cases/neg_no_nodule/neg_no_nodule.json,attachments/05_data_and_metrics/simulation/lung_synthetic_dataset_smoke/cases/neg_no_nodule/neg_no_nodule.json,2717,2026-04-19T12:38:00,
simulation_output,simulation_smoke,simulation/outputs/lung_synthetic_dataset_smoke/cases/pos_s01_d01/pos_s01_d01.json,attachments/05_data_and_metrics/simulation/lung_synthetic_dataset_smoke/cases/pos_s01_d01/pos_s01_d01.json,2723,2026-04-19T12:38:00,
simulation_output,simulation_smoke,simulation/outputs/lung_synthetic_dataset_smoke/cases/pos_s01_d02/pos_s01_d02.json,attachments/05_data_and_metrics/simulation/lung_synthetic_dataset_smoke/cases/pos_s01_d02/pos_s01_d02.json,2718,2026-04-19T12:38:00,
simulation_output,simulation_smoke,simulation/outputs/lung_synthetic_dataset_smoke/cases/pos_s01_d03/pos_s01_d03.json,attachments/05_data_and_metrics/simulation/lung_synthetic_dataset_smoke/cases/pos_s01_d03/pos_s01_d03.json,2722,2026-04-19T12:38:00,
project_docs,context_doc,README.md,attachments/06_docs_and_code_context/README.md,11529,2026-04-27T20:07:28,供 Gemini 理解项目背景、算法与复现实验
project_docs,context_doc,MODEL_AND_ALGO.md,attachments/06_docs_and_code_context/MODEL_AND_ALGO.md,800,2026-04-09T16:09:32,供 Gemini 理解项目背景、算法与复现实验
project_docs,context_doc,ORIGINAL_MODEL_MATH.md,attachments/06_docs_and_code_context/ORIGINAL_MODEL_MATH.md,2998,2026-04-09T16:09:32,供 Gemini 理解项目背景、算法与复现实验
project_docs,context_doc,ORIGINAL_MODEL_REPORT.md,attachments/06_docs_and_code_context/ORIGINAL_MODEL_REPORT.md,1111,2026-04-09T16:09:32,供 Gemini 理解项目背景、算法与复现实验
project_docs,context_doc,DATAFLOW_REPORT.md,attachments/06_docs_and_code_context/DATAFLOW_REPORT.md,598,2026-04-09T16:09:32,供 Gemini 理解项目背景、算法与复现实验
project_docs,context_doc,FILE_MAP.md,attachments/06_docs_and_code_context/FILE_MAP.md,930,2026-04-09T16:09:32,供 Gemini 理解项目背景、算法与复现实验
project_docs,context_doc,docs/ALGORITHM_STEP_BY_STEP_20260429_CN.md,attachments/06_docs_and_code_context/ALGORITHM_STEP_BY_STEP_20260429_CN.md,44453,2026-04-29T20:11:55,供 Gemini 理解项目背景、算法与复现实验
project_docs,context_doc,docs/MODEL_AND_SYSTEM_BLUEPRINT.md,attachments/06_docs_and_code_context/MODEL_AND_SYSTEM_BLUEPRINT.md,3899,2026-04-09T16:09:33,供 Gemini 理解项目背景、算法与复现实验
project_docs,context_doc,docs/TASK_DEFINITION_AND_LABEL_PROTOCOL.md,attachments/06_docs_and_code_context/TASK_DEFINITION_AND_LABEL_PROTOCOL.md,5609,2026-04-09T16:09:33,供 Gemini 理解项目背景、算法与复现实验
project_docs,context_doc,docs/REPRODUCIBILITY.md,attachments/06_docs_and_code_context/REPRODUCIBILITY.md,2998,2026-04-09T16:09:33,供 Gemini 理解项目背景、算法与复现实验
project_docs,context_doc,docs/PAPER_STORYLINE_AND_TASKS.md,attachments/06_docs_and_code_context/PAPER_STORYLINE_AND_TASKS.md,5104,2026-04-09T16:09:33,供 Gemini 理解项目背景、算法与复现实验
project_docs,context_doc,docs/PROJECT_REQUIREMENTS.md,attachments/06_docs_and_code_context/PROJECT_REQUIREMENTS.md,7323,2026-04-09T16:09:33,供 Gemini 理解项目背景、算法与复现实验
project_code,context_code,models/paper_architecture_contract_v1.py,attachments/06_docs_and_code_context/code/paper_architecture_contract_v1.py,10525,2026-04-11T21:32:47,关键模型/实时检测/数据窗口代码
project_code,context_code,models/dual_stream_mstcn_detection.py,attachments/06_docs_and_code_context/code/dual_stream_mstcn_detection.py,17114,2026-04-27T20:07:28,关键模型/实时检测/数据窗口代码
project_code,context_code,training/train_stage1_dualstream_mstcn.py,attachments/06_docs_and_code_context/code/train_stage1_dualstream_mstcn.py,23153,2026-04-27T20:07:28,关键模型/实时检测/数据窗口代码
project_code,context_code,realtime_detector.py,attachments/06_docs_and_code_context/code/realtime_detector.py,2671,2026-04-27T19:51:06,关键模型/实时检测/数据窗口代码
project_code,context_code,fusion_real_time_detection.py,attachments/06_docs_and_code_context/code/fusion_real_time_detection.py,2882,2026-04-27T19:51:06,关键模型/实时检测/数据窗口代码
project_code,context_code,sequence_dataset.py,attachments/06_docs_and_code_context/code/sequence_dataset.py,1947,2026-04-27T19:51:06,关键模型/实时检测/数据窗口代码
source_photo,source_photo,视频图片/微信图片_20250925124327_71_2.jpg,attachments/03_original_figures/source_photos/微信图片_20250925124327_71_2.jpg,116346,2026-04-09T16:09:34,
source_photo,source_photo,视频图片/微信图片_20250925124328_72_2.jpg,attachments/03_original_figures/source_photos/微信图片_20250925124328_72_2.jpg,55133,2026-04-09T16:09:34,
inventory,inventory,deliverables/gemini_deep_research_package_20260430_2120/figure_table_references_from_tex.csv,figure_table_references_from_tex.csv,6744,2026-04-30T21:20:34,从论文 TeX 中解析出的 includegraphics/input 图表引用
deliverable,main_docx,deliverables/gemini_deep_research_package_20260430_2120/Gemini_深度研究材料总包.docx,Gemini_深度研究材料总包.docx,70531737,2026-04-30T21:20:49,给 Gemini 上传的主文档
deliverable,readme,deliverables/gemini_deep_research_package_20260430_2120/README_FOR_GEMINI.md,README_FOR_GEMINI.md,2141,2026-04-30T21:20:36,给 Gemini 的说明和提示词
deliverable,manifest,deliverables/gemini_deep_research_package_20260430_2120/Gemini_attachment_manifest.csv,Gemini_attachment_manifest.csv,213221,2026-04-30T21:20:34,附件 CSV 清单
deliverable,manifest,deliverables/gemini_deep_research_package_20260430_2120/Gemini_attachment_manifest.json,Gemini_attachment_manifest.json,332932,2026-04-30T21:20:34,附件 JSON 清单
